This is pdfTeX, Version 3.141592653-2.6-1.40.27 (TeX Live 2026/dev/Arch Linux) (preloaded format=pdflatex 2025.9.6)  20 OCT 2025 18:03
entering extended mode
 restricted \write18 enabled.
 %&-line parsing enabled.
**main.tex
(./main.tex
LaTeX2e <2024-11-01> patch level 2
L3 programming layer <2025-01-18>
(/usr/share/texmf-dist/tex/latex/beamer/beamer.cls
Document Class: beamer 2025/02/04 v3.72 A class for typesetting presentations
(/usr/share/texmf-dist/tex/latex/beamer/beamerbasemodes.sty
(/usr/share/texmf-dist/tex/latex/etoolbox/etoolbox.sty
Package: etoolbox 2025/02/11 v2.5l e-TeX tools for LaTeX (JAW)
\etb@tempcnta=\count196
)
\beamer@tempbox=\box52
\beamer@tempcount=\count197
\c@beamerpauses=\count198

(/usr/share/texmf-dist/tex/latex/beamer/beamerbasedecode.sty
\beamer@slideinframe=\count199
\beamer@minimum=\count266
\beamer@decode@box=\box53
)
\beamer@commentbox=\box54
\beamer@modecount=\count267
)
(/usr/share/texmf-dist/tex/generic/iftex/iftex.sty
Package: iftex 2024/12/12 v1.0g TeX engine tests
)
\headdp=\dimen141
\footheight=\dimen142
\sidebarheight=\dimen143
\beamer@tempdim=\dimen144
\beamer@finalheight=\dimen145
\beamer@animht=\dimen146
\beamer@animdp=\dimen147
\beamer@animwd=\dimen148
\beamer@leftmargin=\dimen149
\beamer@rightmargin=\dimen150
\beamer@leftsidebar=\dimen151
\beamer@rightsidebar=\dimen152
\beamer@boxsize=\dimen153
\beamer@vboxoffset=\dimen154
\beamer@descdefault=\dimen155
\beamer@descriptionwidth=\dimen156
\beamer@lastskip=\skip49
\beamer@areabox=\box55
\beamer@animcurrent=\box56
\beamer@animshowbox=\box57
\beamer@sectionbox=\box58
\beamer@logobox=\box59
\beamer@linebox=\box60
\beamer@sectioncount=\count268
\beamer@subsubsectionmax=\count269
\beamer@subsectionmax=\count270
\beamer@sectionmax=\count271
\beamer@totalheads=\count272
\beamer@headcounter=\count273
\beamer@partstartpage=\count274
\beamer@sectionstartpage=\count275
\beamer@subsectionstartpage=\count276
\beamer@animationtempa=\count277
\beamer@animationtempb=\count278
\beamer@xpos=\count279
\beamer@ypos=\count280
\beamer@ypos@offset=\count281
\beamer@showpartnumber=\count282
\beamer@currentsubsection=\count283
\beamer@coveringdepth=\count284
\beamer@sectionadjust=\count285
\beamer@toclastsection=\count286
\beamer@tocsectionnumber=\count287

(/usr/share/texmf-dist/tex/latex/beamer/beamerbaseoptions.sty
(/usr/share/texmf-dist/tex/latex/graphics/keyval.sty
Package: keyval 2022/05/29 v1.15 key=value parser (DPC)
\KV@toks@=\toks17
))
\beamer@paperwidth=\skip50
\beamer@paperheight=\skip51

(/usr/share/texmf-dist/tex/latex/geometry/geometry.sty
Package: geometry 2020/01/02 v5.9 Page Geometry

(/usr/share/texmf-dist/tex/generic/iftex/ifvtex.sty
Package: ifvtex 2019/10/25 v1.7 ifvtex legacy package. Use iftex instead.
)
\Gm@cnth=\count288
\Gm@cntv=\count289
\c@Gm@tempcnt=\count290
\Gm@bindingoffset=\dimen157
\Gm@wd@mp=\dimen158
\Gm@odd@mp=\dimen159
\Gm@even@mp=\dimen160
\Gm@layoutwidth=\dimen161
\Gm@layoutheight=\dimen162
\Gm@layouthoffset=\dimen163
\Gm@layoutvoffset=\dimen164
\Gm@dimlist=\toks18
)
(/usr/share/texmf-dist/tex/latex/pgf/math/pgfmath.sty
(/usr/share/texmf-dist/tex/latex/pgf/utilities/pgfrcs.sty
(/usr/share/texmf-dist/tex/generic/pgf/utilities/pgfutil-common.tex
\pgfutil@everybye=\toks19
\pgfutil@tempdima=\dimen165
\pgfutil@tempdimb=\dimen166
)
(/usr/share/texmf-dist/tex/generic/pgf/utilities/pgfutil-latex.def
\pgfutil@abb=\box61
)
(/usr/share/texmf-dist/tex/generic/pgf/utilities/pgfrcs.code.tex
(/usr/share/texmf-dist/tex/generic/pgf/pgf.revision.tex)
Package: pgfrcs 2023-01-15 v3.1.10 (3.1.10)
))
(/usr/share/texmf-dist/tex/latex/pgf/utilities/pgfkeys.sty
(/usr/share/texmf-dist/tex/generic/pgf/utilities/pgfkeys.code.tex
\pgfkeys@pathtoks=\toks20
\pgfkeys@temptoks=\toks21

(/usr/share/texmf-dist/tex/generic/pgf/utilities/pgfkeyslibraryfiltered.code.te
x
\pgfkeys@tmptoks=\toks22
))) (/usr/share/texmf-dist/tex/generic/pgf/math/pgfmath.code.tex
(/usr/share/texmf-dist/tex/generic/pgf/math/pgfmathutil.code.tex
\pgf@x=\dimen167
\pgf@xa=\dimen168
\pgf@xb=\dimen169
\pgf@xc=\dimen170
\pgf@y=\dimen171
\pgf@ya=\dimen172
\pgf@yb=\dimen173
\pgf@yc=\dimen174
\c@pgf@counta=\count291
\c@pgf@countb=\count292
\c@pgf@countc=\count293
\c@pgf@countd=\count294
)
(/usr/share/texmf-dist/tex/generic/pgf/math/pgfmathparser.code.tex
\pgfmath@dimen=\dimen175
\pgfmath@count=\count295
\pgfmath@box=\box62
\pgfmath@toks=\toks23
\pgfmath@stack@operand=\toks24
\pgfmath@stack@operation=\toks25
)
(/usr/share/texmf-dist/tex/generic/pgf/math/pgfmathfunctions.code.tex)
(/usr/share/texmf-dist/tex/generic/pgf/math/pgfmathfunctions.basic.code.tex)
(/usr/share/texmf-dist/tex/generic/pgf/math/pgfmathfunctions.trigonometric.code
.tex)
(/usr/share/texmf-dist/tex/generic/pgf/math/pgfmathfunctions.random.code.tex)
(/usr/share/texmf-dist/tex/generic/pgf/math/pgfmathfunctions.comparison.code.te
x) (/usr/share/texmf-dist/tex/generic/pgf/math/pgfmathfunctions.base.code.tex)
(/usr/share/texmf-dist/tex/generic/pgf/math/pgfmathfunctions.round.code.tex)
(/usr/share/texmf-dist/tex/generic/pgf/math/pgfmathfunctions.misc.code.tex)
(/usr/share/texmf-dist/tex/generic/pgf/math/pgfmathfunctions.integerarithmetics
.code.tex) (/usr/share/texmf-dist/tex/generic/pgf/math/pgfmathcalc.code.tex)
(/usr/share/texmf-dist/tex/generic/pgf/math/pgfmathfloat.code.tex
\c@pgfmathroundto@lastzeros=\count296
)))
(/usr/share/texmf-dist/tex/latex/base/size11.clo
File: size11.clo 2024/06/29 v1.4n Standard LaTeX file (size option)
)
(/usr/share/texmf-dist/tex/latex/pgf/basiclayer/pgfcore.sty
(/usr/share/texmf-dist/tex/latex/graphics/graphicx.sty
Package: graphicx 2021/09/16 v1.2d Enhanced LaTeX Graphics (DPC,SPQR)

(/usr/share/texmf-dist/tex/latex/graphics/graphics.sty
Package: graphics 2024/08/06 v1.4g Standard LaTeX Graphics (DPC,SPQR)

(/usr/share/texmf-dist/tex/latex/graphics/trig.sty
Package: trig 2023/12/02 v1.11 sin cos tan (DPC)
)
(/usr/share/texmf-dist/tex/latex/graphics-cfg/graphics.cfg
File: graphics.cfg 2016/06/04 v1.11 sample graphics configuration
)
Package graphics Info: Driver file: pdftex.def on input line 106.

(/usr/share/texmf-dist/tex/latex/graphics-def/pdftex.def
File: pdftex.def 2024/04/13 v1.2c Graphics/color driver for pdftex
))
\Gin@req@height=\dimen176
\Gin@req@width=\dimen177
)
(/usr/share/texmf-dist/tex/latex/pgf/systemlayer/pgfsys.sty
(/usr/share/texmf-dist/tex/generic/pgf/systemlayer/pgfsys.code.tex
Package: pgfsys 2023-01-15 v3.1.10 (3.1.10)
\pgf@x=\dimen178
\pgf@y=\dimen179
\pgf@xa=\dimen180
\pgf@ya=\dimen181
\pgf@xb=\dimen182
\pgf@yb=\dimen183
\pgf@xc=\dimen184
\pgf@yc=\dimen185
\pgf@xd=\dimen186
\pgf@yd=\dimen187
\w@pgf@writea=\write3
\r@pgf@reada=\read2
\c@pgf@counta=\count297
\c@pgf@countb=\count298
\c@pgf@countc=\count299
\c@pgf@countd=\count300
\t@pgf@toka=\toks26
\t@pgf@tokb=\toks27
\t@pgf@tokc=\toks28
\pgf@sys@id@count=\count301

(/usr/share/texmf-dist/tex/generic/pgf/systemlayer/pgf.cfg
File: pgf.cfg 2023-01-15 v3.1.10 (3.1.10)
)
Driver file for pgf: pgfsys-pdftex.def

(/usr/share/texmf-dist/tex/generic/pgf/systemlayer/pgfsys-pdftex.def
File: pgfsys-pdftex.def 2023-01-15 v3.1.10 (3.1.10)

(/usr/share/texmf-dist/tex/generic/pgf/systemlayer/pgfsys-common-pdf.def
File: pgfsys-common-pdf.def 2023-01-15 v3.1.10 (3.1.10)
)))
(/usr/share/texmf-dist/tex/generic/pgf/systemlayer/pgfsyssoftpath.code.tex
File: pgfsyssoftpath.code.tex 2023-01-15 v3.1.10 (3.1.10)
\pgfsyssoftpath@smallbuffer@items=\count302
\pgfsyssoftpath@bigbuffer@items=\count303
)
(/usr/share/texmf-dist/tex/generic/pgf/systemlayer/pgfsysprotocol.code.tex
File: pgfsysprotocol.code.tex 2023-01-15 v3.1.10 (3.1.10)
))
(/usr/share/texmf-dist/tex/latex/xcolor/xcolor.sty
Package: xcolor 2024/09/29 v3.02 LaTeX color extensions (UK)

(/usr/share/texmf-dist/tex/latex/graphics-cfg/color.cfg
File: color.cfg 2016/01/02 v1.6 sample color configuration
)
Package xcolor Info: Driver file: pdftex.def on input line 274.

(/usr/share/texmf-dist/tex/latex/graphics/mathcolor.ltx)
Package xcolor Info: Model `cmy' substituted by `cmy0' on input line 1349.
Package xcolor Info: Model `hsb' substituted by `rgb' on input line 1353.
Package xcolor Info: Model `RGB' extended on input line 1365.
Package xcolor Info: Model `HTML' substituted by `rgb' on input line 1367.
Package xcolor Info: Model `Hsb' substituted by `hsb' on input line 1368.
Package xcolor Info: Model `tHsb' substituted by `hsb' on input line 1369.
Package xcolor Info: Model `HSB' substituted by `hsb' on input line 1370.
Package xcolor Info: Model `Gray' substituted by `gray' on input line 1371.
Package xcolor Info: Model `wave' substituted by `hsb' on input line 1372.
)
(/usr/share/texmf-dist/tex/generic/pgf/basiclayer/pgfcore.code.tex
Package: pgfcore 2023-01-15 v3.1.10 (3.1.10)

(/usr/share/texmf-dist/tex/generic/pgf/math/pgfint.code.tex)
(/usr/share/texmf-dist/tex/generic/pgf/basiclayer/pgfcorepoints.code.tex
File: pgfcorepoints.code.tex 2023-01-15 v3.1.10 (3.1.10)
\pgf@picminx=\dimen188
\pgf@picmaxx=\dimen189
\pgf@picminy=\dimen190
\pgf@picmaxy=\dimen191
\pgf@pathminx=\dimen192
\pgf@pathmaxx=\dimen193
\pgf@pathminy=\dimen194
\pgf@pathmaxy=\dimen195
\pgf@xx=\dimen196
\pgf@xy=\dimen197
\pgf@yx=\dimen198
\pgf@yy=\dimen199
\pgf@zx=\dimen256
\pgf@zy=\dimen257
)
(/usr/share/texmf-dist/tex/generic/pgf/basiclayer/pgfcorepathconstruct.code.tex
File: pgfcorepathconstruct.code.tex 2023-01-15 v3.1.10 (3.1.10)
\pgf@path@lastx=\dimen258
\pgf@path@lasty=\dimen259
) (/usr/share/texmf-dist/tex/generic/pgf/basiclayer/pgfcorepathusage.code.tex
File: pgfcorepathusage.code.tex 2023-01-15 v3.1.10 (3.1.10)
\pgf@shorten@end@additional=\dimen260
\pgf@shorten@start@additional=\dimen261
)
(/usr/share/texmf-dist/tex/generic/pgf/basiclayer/pgfcorescopes.code.tex
File: pgfcorescopes.code.tex 2023-01-15 v3.1.10 (3.1.10)
\pgfpic=\box63
\pgf@hbox=\box64
\pgf@layerbox@main=\box65
\pgf@picture@serial@count=\count304
)
(/usr/share/texmf-dist/tex/generic/pgf/basiclayer/pgfcoregraphicstate.code.tex
File: pgfcoregraphicstate.code.tex 2023-01-15 v3.1.10 (3.1.10)
\pgflinewidth=\dimen262
)
(/usr/share/texmf-dist/tex/generic/pgf/basiclayer/pgfcoretransformations.code.t
ex
File: pgfcoretransformations.code.tex 2023-01-15 v3.1.10 (3.1.10)
\pgf@pt@x=\dimen263
\pgf@pt@y=\dimen264
\pgf@pt@temp=\dimen265
) (/usr/share/texmf-dist/tex/generic/pgf/basiclayer/pgfcorequick.code.tex
File: pgfcorequick.code.tex 2023-01-15 v3.1.10 (3.1.10)
)
(/usr/share/texmf-dist/tex/generic/pgf/basiclayer/pgfcoreobjects.code.tex
File: pgfcoreobjects.code.tex 2023-01-15 v3.1.10 (3.1.10)
)
(/usr/share/texmf-dist/tex/generic/pgf/basiclayer/pgfcorepathprocessing.code.te
x
File: pgfcorepathprocessing.code.tex 2023-01-15 v3.1.10 (3.1.10)
) (/usr/share/texmf-dist/tex/generic/pgf/basiclayer/pgfcorearrows.code.tex
File: pgfcorearrows.code.tex 2023-01-15 v3.1.10 (3.1.10)
\pgfarrowsep=\dimen266
)
(/usr/share/texmf-dist/tex/generic/pgf/basiclayer/pgfcoreshade.code.tex
File: pgfcoreshade.code.tex 2023-01-15 v3.1.10 (3.1.10)
\pgf@max=\dimen267
\pgf@sys@shading@range@num=\count305
\pgf@shadingcount=\count306
)
(/usr/share/texmf-dist/tex/generic/pgf/basiclayer/pgfcoreimage.code.tex
File: pgfcoreimage.code.tex 2023-01-15 v3.1.10 (3.1.10)
)
(/usr/share/texmf-dist/tex/generic/pgf/basiclayer/pgfcoreexternal.code.tex
File: pgfcoreexternal.code.tex 2023-01-15 v3.1.10 (3.1.10)
\pgfexternal@startupbox=\box66
)
(/usr/share/texmf-dist/tex/generic/pgf/basiclayer/pgfcorelayers.code.tex
File: pgfcorelayers.code.tex 2023-01-15 v3.1.10 (3.1.10)
)
(/usr/share/texmf-dist/tex/generic/pgf/basiclayer/pgfcoretransparency.code.tex
File: pgfcoretransparency.code.tex 2023-01-15 v3.1.10 (3.1.10)
) (/usr/share/texmf-dist/tex/generic/pgf/basiclayer/pgfcorepatterns.code.tex
File: pgfcorepatterns.code.tex 2023-01-15 v3.1.10 (3.1.10)
)
(/usr/share/texmf-dist/tex/generic/pgf/basiclayer/pgfcorerdf.code.tex
File: pgfcorerdf.code.tex 2023-01-15 v3.1.10 (3.1.10)
)))
(/usr/share/texmf-dist/tex/latex/pgf/utilities/xxcolor.sty
Package: xxcolor 2003/10/24 ver 0.1
\XC@nummixins=\count307
\XC@countmixins=\count308
)
(/usr/share/texmf-dist/tex/latex/base/atbegshi-ltx.sty
Package: atbegshi-ltx 2021/01/10 v1.0c Emulation of the original atbegshi
package with kernel methods
)
(/usr/share/texmf-dist/tex/latex/hyperref/hyperref.sty
Package: hyperref 2024-11-05 v7.01l Hypertext links for LaTeX

(/usr/share/texmf-dist/tex/latex/kvsetkeys/kvsetkeys.sty
Package: kvsetkeys 2022-10-05 v1.19 Key value parser (HO)
)
(/usr/share/texmf-dist/tex/generic/kvdefinekeys/kvdefinekeys.sty
Package: kvdefinekeys 2019-12-19 v1.6 Define keys (HO)
)
(/usr/share/texmf-dist/tex/generic/pdfescape/pdfescape.sty
Package: pdfescape 2019/12/09 v1.15 Implements pdfTeX's escape features (HO)

(/usr/share/texmf-dist/tex/generic/ltxcmds/ltxcmds.sty
Package: ltxcmds 2023-12-04 v1.26 LaTeX kernel commands for general use (HO)
)
(/usr/share/texmf-dist/tex/generic/pdftexcmds/pdftexcmds.sty
Package: pdftexcmds 2020-06-27 v0.33 Utility functions of pdfTeX for LuaTeX (HO
)

(/usr/share/texmf-dist/tex/generic/infwarerr/infwarerr.sty
Package: infwarerr 2019/12/03 v1.5 Providing info/warning/error messages (HO)
)
Package pdftexcmds Info: \pdf@primitive is available.
Package pdftexcmds Info: \pdf@ifprimitive is available.
Package pdftexcmds Info: \pdfdraftmode found.
))
(/usr/share/texmf-dist/tex/latex/hycolor/hycolor.sty
Package: hycolor 2020-01-27 v1.10 Color options for hyperref/bookmark (HO)
)
(/usr/share/texmf-dist/tex/latex/hyperref/nameref.sty
Package: nameref 2023-11-26 v2.56 Cross-referencing by name of section

(/usr/share/texmf-dist/tex/latex/refcount/refcount.sty
Package: refcount 2019/12/15 v3.6 Data extraction from label references (HO)
)
(/usr/share/texmf-dist/tex/generic/gettitlestring/gettitlestring.sty
Package: gettitlestring 2019/12/15 v1.6 Cleanup title references (HO)

(/usr/share/texmf-dist/tex/latex/kvoptions/kvoptions.sty
Package: kvoptions 2022-06-15 v3.15 Key value format for package options (HO)
))
\c@section@level=\count309
)
(/usr/share/texmf-dist/tex/generic/stringenc/stringenc.sty
Package: stringenc 2019/11/29 v1.12 Convert strings between diff. encodings (HO
)
)
\@linkdim=\dimen268
\Hy@linkcounter=\count310
\Hy@pagecounter=\count311

(/usr/share/texmf-dist/tex/latex/hyperref/pd1enc.def
File: pd1enc.def 2024-11-05 v7.01l Hyperref: PDFDocEncoding definition (HO)
Now handling font encoding PD1 ...
... no UTF-8 mapping file for font encoding PD1
)
(/usr/share/texmf-dist/tex/generic/intcalc/intcalc.sty
Package: intcalc 2019/12/15 v1.3 Expandable calculations with integers (HO)
)
\Hy@SavedSpaceFactor=\count312

(/usr/share/texmf-dist/tex/latex/hyperref/puenc.def
File: puenc.def 2024-11-05 v7.01l Hyperref: PDF Unicode definition (HO)
Now handling font encoding PU ...
... no UTF-8 mapping file for font encoding PU
)
Package hyperref Info: Option `bookmarks' set `true' on input line 4040.
Package hyperref Info: Option `bookmarksopen' set `true' on input line 4040.
Package hyperref Info: Option `implicit' set `false' on input line 4040.
Package hyperref Info: Hyper figures OFF on input line 4157.
Package hyperref Info: Link nesting OFF on input line 4162.
Package hyperref Info: Hyper index ON on input line 4165.
Package hyperref Info: Plain pages OFF on input line 4172.
Package hyperref Info: Backreferencing OFF on input line 4177.
Package hyperref Info: Implicit mode OFF; no redefinition of LaTeX internals.
Package hyperref Info: Bookmarks ON on input line 4424.
\c@Hy@tempcnt=\count313

(/usr/share/texmf-dist/tex/latex/url/url.sty
\Urlmuskip=\muskip17
Package: url 2013/09/16  ver 3.4  Verb mode for urls, etc.
)
LaTeX Info: Redefining \url on input line 4763.
\XeTeXLinkMargin=\dimen269

(/usr/share/texmf-dist/tex/generic/bitset/bitset.sty
Package: bitset 2019/12/09 v1.3 Handle bit-vector datatype (HO)

(/usr/share/texmf-dist/tex/generic/bigintcalc/bigintcalc.sty
Package: bigintcalc 2019/12/15 v1.5 Expandable calculations on big integers (HO
)
))
\Fld@menulength=\count314
\Field@Width=\dimen270
\Fld@charsize=\dimen271
Package hyperref Info: Hyper figures OFF on input line 6042.
Package hyperref Info: Link nesting OFF on input line 6047.
Package hyperref Info: Hyper index ON on input line 6050.
Package hyperref Info: backreferencing OFF on input line 6057.
Package hyperref Info: Link coloring OFF on input line 6062.
Package hyperref Info: Link coloring with OCG OFF on input line 6067.
Package hyperref Info: PDF/A mode OFF on input line 6072.
\Hy@abspage=\count315


Package hyperref Message: Stopped early.

)
Package hyperref Info: Driver (autodetected): hpdftex.
 (/usr/share/texmf-dist/tex/latex/hyperref/hpdftex.def
File: hpdftex.def 2024-11-05 v7.01l Hyperref driver for pdfTeX

(/usr/share/texmf-dist/tex/latex/base/atveryend-ltx.sty
Package: atveryend-ltx 2020/08/19 v1.0a Emulation of the original atveryend pac
kage
with kernel methods
)
\Fld@listcount=\count316
\c@bookmark@seq@number=\count317

(/usr/share/texmf-dist/tex/latex/rerunfilecheck/rerunfilecheck.sty
Package: rerunfilecheck 2022-07-10 v1.10 Rerun checks for auxiliary files (HO)

(/usr/share/texmf-dist/tex/generic/uniquecounter/uniquecounter.sty
Package: uniquecounter 2019/12/15 v1.4 Provide unlimited unique counter (HO)
)
Package uniquecounter Info: New unique counter `rerunfilecheck' on input line 2
85.
))
(/usr/share/texmf-dist/tex/latex/beamer/beamerbaserequires.sty
(/usr/share/texmf-dist/tex/latex/beamer/beamerbasecompatibility.sty)
(/usr/share/texmf-dist/tex/latex/beamer/beamerbasefont.sty
(/usr/share/texmf-dist/tex/latex/amsfonts/amssymb.sty
Package: amssymb 2013/01/14 v3.01 AMS font symbols

(/usr/share/texmf-dist/tex/latex/amsfonts/amsfonts.sty
Package: amsfonts 2013/01/14 v3.01 Basic AMSFonts support
\@emptytoks=\toks29
\symAMSa=\mathgroup4
\symAMSb=\mathgroup5
LaTeX Font Info:    Redeclaring math symbol \hbar on input line 98.
LaTeX Font Info:    Overwriting math alphabet `\mathfrak' in version `bold'
(Font)                  U/euf/m/n --> U/euf/b/n on input line 106.
))
(/usr/share/texmf-dist/tex/latex/sansmathaccent/sansmathaccent.sty
Package: sansmathaccent 2020/01/31

(/usr/share/texmf-dist/tex/latex/koma-script/scrlfile.sty
Package: scrlfile 2024/10/24 v3.43 KOMA-Script package (file load hooks)

(/usr/share/texmf-dist/tex/latex/koma-script/scrlfile-hook.sty
Package: scrlfile-hook 2024/10/24 v3.43 KOMA-Script package (using LaTeX hooks)


(/usr/share/texmf-dist/tex/latex/koma-script/scrlogo.sty
Package: scrlogo 2024/10/24 v3.43 KOMA-Script package (logo)
)))))
(/usr/share/texmf-dist/tex/latex/beamer/beamerbasetranslator.sty
(/usr/share/texmf-dist/tex/latex/translator/translator.sty
Package: translator 2021-05-31 v1.12d Easy translation of strings in LaTeX
))
(/usr/share/texmf-dist/tex/latex/beamer/beamerbasemisc.sty)
(/usr/share/texmf-dist/tex/latex/beamer/beamerbasetwoscreens.sty)
(/usr/share/texmf-dist/tex/latex/beamer/beamerbaseoverlay.sty
\beamer@argscount=\count318
\beamer@lastskipcover=\skip52
\beamer@trivlistdepth=\count319
)
(/usr/share/texmf-dist/tex/latex/beamer/beamerbasetitle.sty)
(/usr/share/texmf-dist/tex/latex/beamer/beamerbasesection.sty
\c@lecture=\count320
\c@part=\count321
\c@section=\count322
\c@subsection=\count323
\c@subsubsection=\count324
)
(/usr/share/texmf-dist/tex/latex/beamer/beamerbaseframe.sty
\beamer@framebox=\box67
\beamer@frametitlebox=\box68
\beamer@zoombox=\box69
\beamer@zoomcount=\count325
\beamer@zoomframecount=\count326
\beamer@frametextheight=\dimen272
\c@subsectionslide=\count327
\beamer@frametopskip=\skip53
\beamer@framebottomskip=\skip54
\beamer@frametopskipautobreak=\skip55
\beamer@framebottomskipautobreak=\skip56
\beamer@envbody=\toks30
\framewidth=\dimen273
\c@framenumber=\count328
)
(/usr/share/texmf-dist/tex/latex/beamer/beamerbaseverbatim.sty
\beamer@verbatimfileout=\write4
)
(/usr/share/texmf-dist/tex/latex/beamer/beamerbaseframesize.sty
\beamer@splitbox=\box70
\beamer@autobreakcount=\count329
\beamer@autobreaklastheight=\dimen274
\beamer@frametitletoks=\toks31
\beamer@framesubtitletoks=\toks32
)
(/usr/share/texmf-dist/tex/latex/beamer/beamerbaseframecomponents.sty
\beamer@footins=\box71
)
(/usr/share/texmf-dist/tex/latex/beamer/beamerbasecolor.sty)
(/usr/share/texmf-dist/tex/latex/beamer/beamerbasenotes.sty
\beamer@frameboxcopy=\box72
)
(/usr/share/texmf-dist/tex/latex/beamer/beamerbasetoc.sty)
(/usr/share/texmf-dist/tex/latex/beamer/beamerbasetemplates.sty
\beamer@sbttoks=\toks33

(/usr/share/texmf-dist/tex/latex/beamer/beamerbaseauxtemplates.sty
(/usr/share/texmf-dist/tex/latex/beamer/beamerbaseboxes.sty
\bmb@box=\box73
\bmb@colorbox=\box74
\bmb@boxwidth=\dimen275
\bmb@boxheight=\dimen276
\bmb@prevheight=\dimen277
\bmb@temp=\dimen278
\bmb@dima=\dimen279
\bmb@dimb=\dimen280
\bmb@prevheight=\dimen281
)
\beamer@blockheadheight=\dimen282
))
(/usr/share/texmf-dist/tex/latex/beamer/beamerbaselocalstructure.sty
(/usr/share/texmf-dist/tex/latex/tools/enumerate.sty
Package: enumerate 2023/07/04 v3.00 enumerate extensions (DPC)
\@enLab=\toks34
)
\beamer@bibiconwidth=\skip57
\c@figure=\count330
\c@table=\count331
\abovecaptionskip=\skip58
\belowcaptionskip=\skip59
)
(/usr/share/texmf-dist/tex/latex/beamer/beamerbasenavigation.sty
(/usr/share/texmf-dist/tex/latex/beamer/beamerbasenavigationsymbols.tex)
\beamer@section@min@dim=\dimen283
)
(/usr/share/texmf-dist/tex/latex/beamer/beamerbasetheorems.sty
(/usr/share/texmf-dist/tex/latex/amsmath/amsmath.sty
Package: amsmath 2024/11/05 v2.17t AMS math features
\@mathmargin=\skip60

For additional information on amsmath, use the `?' option.
(/usr/share/texmf-dist/tex/latex/amsmath/amstext.sty
Package: amstext 2021/08/26 v2.01 AMS text

(/usr/share/texmf-dist/tex/latex/amsmath/amsgen.sty
File: amsgen.sty 1999/11/30 v2.0 generic functions
\@emptytoks=\toks35
\ex@=\dimen284
))
(/usr/share/texmf-dist/tex/latex/amsmath/amsbsy.sty
Package: amsbsy 1999/11/29 v1.2d Bold Symbols
\pmbraise@=\dimen285
)
(/usr/share/texmf-dist/tex/latex/amsmath/amsopn.sty
Package: amsopn 2022/04/08 v2.04 operator names
)
\inf@bad=\count332
LaTeX Info: Redefining \frac on input line 233.
\uproot@=\count333
\leftroot@=\count334
LaTeX Info: Redefining \overline on input line 398.
LaTeX Info: Redefining \colon on input line 409.
\classnum@=\count335
\DOTSCASE@=\count336
LaTeX Info: Redefining \ldots on input line 495.
LaTeX Info: Redefining \dots on input line 498.
LaTeX Info: Redefining \cdots on input line 619.
\Mathstrutbox@=\box75
\strutbox@=\box76
LaTeX Info: Redefining \big on input line 721.
LaTeX Info: Redefining \Big on input line 722.
LaTeX Info: Redefining \bigg on input line 723.
LaTeX Info: Redefining \Bigg on input line 724.
\big@size=\dimen286
LaTeX Font Info:    Redeclaring font encoding OML on input line 742.
LaTeX Font Info:    Redeclaring font encoding OMS on input line 743.
\macc@depth=\count337
LaTeX Info: Redefining \bmod on input line 904.
LaTeX Info: Redefining \pmod on input line 909.
LaTeX Info: Redefining \smash on input line 939.
LaTeX Info: Redefining \relbar on input line 969.
LaTeX Info: Redefining \Relbar on input line 970.
\c@MaxMatrixCols=\count338
\dotsspace@=\muskip18
\c@parentequation=\count339
\dspbrk@lvl=\count340
\tag@help=\toks36
\row@=\count341
\column@=\count342
\maxfields@=\count343
\andhelp@=\toks37
\eqnshift@=\dimen287
\alignsep@=\dimen288
\tagshift@=\dimen289
\tagwidth@=\dimen290
\totwidth@=\dimen291
\lineht@=\dimen292
\@envbody=\toks38
\multlinegap=\skip61
\multlinetaggap=\skip62
\mathdisplay@stack=\toks39
LaTeX Info: Redefining \[ on input line 2953.
LaTeX Info: Redefining \] on input line 2954.
)
(/usr/share/texmf-dist/tex/latex/amscls/amsthm.sty
Package: amsthm 2020/05/29 v2.20.6
\thm@style=\toks40
\thm@bodyfont=\toks41
\thm@headfont=\toks42
\thm@notefont=\toks43
\thm@headpunct=\toks44
\thm@preskip=\skip63
\thm@postskip=\skip64
\thm@headsep=\skip65
\dth@everypar=\toks45
)
\c@theorem=\count344
)
(/usr/share/texmf-dist/tex/latex/beamer/beamerbasethemes.sty))
(/usr/share/texmf-dist/tex/latex/beamer/beamerthemedefault.sty
(/usr/share/texmf-dist/tex/latex/beamer/beamerfontthemedefault.sty)
(/usr/share/texmf-dist/tex/latex/beamer/beamercolorthemedefault.sty)
(/usr/share/texmf-dist/tex/latex/beamer/beamerinnerthemedefault.sty
\beamer@dima=\dimen293
\beamer@dimb=\dimen294
)
(/usr/share/texmf-dist/tex/latex/beamer/beamerouterthemedefault.sty)))
(/usr/share/texmf-dist/tex/latex/pdfpages/pdfpages.sty
Package: pdfpages 2025/01/30 v0.6e Insert pages of external PDF documents (AM)

(/usr/share/texmf-dist/tex/latex/base/ifthen.sty
Package: ifthen 2024/03/16 v1.1e Standard LaTeX ifthen package (DPC)
)
(/usr/share/texmf-dist/tex/latex/tools/calc.sty
Package: calc 2023/07/08 v4.3 Infix arithmetic (KKT,FJ)
\calc@Acount=\count345
\calc@Bcount=\count346
\calc@Adimen=\dimen295
\calc@Bdimen=\dimen296
\calc@Askip=\skip66
\calc@Bskip=\skip67
LaTeX Info: Redefining \setlength on input line 80.
LaTeX Info: Redefining \addtolength on input line 81.
\calc@Ccount=\count347
\calc@Cskip=\skip68
)
(/usr/share/texmf-dist/tex/latex/eso-pic/eso-pic.sty
Package: eso-pic 2023/05/03 v3.0c eso-pic (RN)
\ESO@tempdima=\dimen297
\ESO@tempdimb=\dimen298
)
\AM@pagewidth=\dimen299
\AM@pageheight=\dimen300
\AM@fboxrule=\dimen301

(/usr/share/texmf-dist/tex/latex/pdfpages/pppdftex.def
File: pppdftex.def 2025/01/30 v0.6e Pdfpages driver for pdfTeX (AM)
)
\pdfpages@includegraphics@status=\count348
\AM@pagebox=\box77
\AM@global@opts=\toks46
\AM@pagecnt=\count349
\AM@toc@title=\toks47
\AM@lof@heading=\toks48
\c@AM@survey=\count350
\AM@templatesizebox=\box78
)
(/usr/share/texmf-dist/tex/latex/l3backend/l3backend-pdftex.def
File: l3backend-pdftex.def 2024-05-08 L3 backend support: PDF output (pdfTeX)
\l__color_backend_stack_int=\count351
\l__pdf_internal_box=\box79
)
(build/main.aux)
\openout1 = `main.aux'.

LaTeX Font Info:    Checking defaults for OML/cmm/m/it on input line 5.
LaTeX Font Info:    ... okay on input line 5.
LaTeX Font Info:    Checking defaults for OMS/cmsy/m/n on input line 5.
LaTeX Font Info:    ... okay on input line 5.
LaTeX Font Info:    Checking defaults for OT1/cmr/m/n on input line 5.
LaTeX Font Info:    ... okay on input line 5.
LaTeX Font Info:    Checking defaults for T1/cmr/m/n on input line 5.
LaTeX Font Info:    ... okay on input line 5.
LaTeX Font Info:    Checking defaults for TS1/cmr/m/n on input line 5.
LaTeX Font Info:    ... okay on input line 5.
LaTeX Font Info:    Checking defaults for OMX/cmex/m/n on input line 5.
LaTeX Font Info:    ... okay on input line 5.
LaTeX Font Info:    Checking defaults for U/cmr/m/n on input line 5.
LaTeX Font Info:    ... okay on input line 5.
LaTeX Font Info:    Checking defaults for PD1/pdf/m/n on input line 5.
LaTeX Font Info:    ... okay on input line 5.
LaTeX Font Info:    Checking defaults for PU/pdf/m/n on input line 5.
LaTeX Font Info:    ... okay on input line 5.

*geometry* driver: auto-detecting
*geometry* detected driver: pdftex
*geometry* verbose mode - [ preamble ] result:
* driver: pdftex
* paper: custom
* layout: <same size as paper>
* layoutoffset:(h,v)=(0.0pt,0.0pt)
* modes: includehead includefoot 
* h-part:(L,W,R)=(28.45274pt, 307.28987pt, 28.45274pt)
* v-part:(T,H,B)=(0.0pt, 273.14662pt, 0.0pt)
* \paperwidth=364.19536pt
* \paperheight=273.14662pt
* \textwidth=307.28987pt
* \textheight=244.6939pt
* \oddsidemargin=-43.81725pt
* \evensidemargin=-43.81725pt
* \topmargin=-72.26999pt
* \headheight=14.22636pt
* \headsep=0.0pt
* \topskip=11.0pt
* \footskip=14.22636pt
* \marginparwidth=4.0pt
* \marginparsep=10.0pt
* \columnsep=10.0pt
* \skip\footins=10.0pt plus 4.0pt minus 2.0pt
* \hoffset=0.0pt
* \voffset=0.0pt
* \mag=1000
* \@twocolumnfalse
* \@twosidefalse
* \@mparswitchfalse
* \@reversemarginfalse
* (1in=72.27pt=25.4mm, 1cm=28.453pt)

(/usr/share/texmf-dist/tex/context/base/mkii/supp-pdf.mkii
[Loading MPS to PDF converter (version 2006.09.02).]
\scratchcounter=\count352
\scratchdimen=\dimen302
\scratchbox=\box80
\nofMPsegments=\count353
\nofMParguments=\count354
\everyMPshowfont=\toks49
\MPscratchCnt=\count355
\MPscratchDim=\dimen303
\MPnumerator=\count356
\makeMPintoPDFobject=\count357
\everyMPtoPDFconversion=\toks50
) (/usr/share/texmf-dist/tex/latex/epstopdf-pkg/epstopdf-base.sty
Package: epstopdf-base 2020-01-24 v2.11 Base part for package epstopdf
Package epstopdf-base Info: Redefining graphics rule for `.eps' on input line 4
85.

(/usr/share/texmf-dist/tex/latex/latexconfig/epstopdf-sys.cfg
File: epstopdf-sys.cfg 2010/07/13 v1.3 Configuration of (r)epstopdf for TeX Liv
e
))
Package hyperref Info: Link coloring OFF on input line 5.
 (build/main.out) (build/main.out)
\@outlinefile=\write5
\openout5 = `main.out'.

LaTeX Font Info:    Overwriting symbol font `operators' in version `normal'
(Font)                  OT1/cmr/m/n --> OT1/cmss/m/n on input line 5.
LaTeX Font Info:    Overwriting symbol font `operators' in version `bold'
(Font)                  OT1/cmr/bx/n --> OT1/cmss/b/n on input line 5.
\symnumbers=\mathgroup6
\sympureletters=\mathgroup7
LaTeX Font Info:    Overwriting math alphabet `\mathrm' in version `normal'
(Font)                  OT1/cmss/m/n --> OT1/cmr/m/n on input line 5.
LaTeX Font Info:    Redeclaring math alphabet \mathbf on input line 5.
LaTeX Font Info:    Overwriting math alphabet `\mathbf' in version `normal'
(Font)                  OT1/cmr/bx/n --> OT1/cmss/b/n on input line 5.
LaTeX Font Info:    Overwriting math alphabet `\mathbf' in version `bold'
(Font)                  OT1/cmr/bx/n --> OT1/cmss/b/n on input line 5.
LaTeX Font Info:    Redeclaring math alphabet \mathsf on input line 5.
LaTeX Font Info:    Overwriting math alphabet `\mathsf' in version `normal'
(Font)                  OT1/cmss/m/n --> OT1/cmss/m/n on input line 5.
LaTeX Font Info:    Overwriting math alphabet `\mathsf' in version `bold'
(Font)                  OT1/cmss/bx/n --> OT1/cmss/m/n on input line 5.
LaTeX Font Info:    Redeclaring math alphabet \mathit on input line 5.
LaTeX Font Info:    Overwriting math alphabet `\mathit' in version `normal'
(Font)                  OT1/cmr/m/it --> OT1/cmss/m/it on input line 5.
LaTeX Font Info:    Overwriting math alphabet `\mathit' in version `bold'
(Font)                  OT1/cmr/bx/it --> OT1/cmss/m/it on input line 5.
LaTeX Font Info:    Redeclaring math alphabet \mathtt on input line 5.
LaTeX Font Info:    Overwriting math alphabet `\mathtt' in version `normal'
(Font)                  OT1/cmtt/m/n --> OT1/cmtt/m/n on input line 5.
LaTeX Font Info:    Overwriting math alphabet `\mathtt' in version `bold'
(Font)                  OT1/cmtt/m/n --> OT1/cmtt/m/n on input line 5.
LaTeX Font Info:    Overwriting symbol font `numbers' in version `bold'
(Font)                  OT1/cmss/m/n --> OT1/cmss/b/n on input line 5.
LaTeX Font Info:    Overwriting symbol font `pureletters' in version `bold'
(Font)                  OT1/cmss/m/it --> OT1/cmss/b/it on input line 5.
LaTeX Font Info:    Overwriting math alphabet `\mathrm' in version `bold'
(Font)                  OT1/cmss/b/n --> OT1/cmr/b/n on input line 5.
LaTeX Font Info:    Overwriting math alphabet `\mathbf' in version `bold'
(Font)                  OT1/cmss/b/n --> OT1/cmss/b/n on input line 5.
LaTeX Font Info:    Overwriting math alphabet `\mathsf' in version `bold'
(Font)                  OT1/cmss/m/n --> OT1/cmss/b/n on input line 5.
LaTeX Font Info:    Overwriting math alphabet `\mathit' in version `bold'
(Font)                  OT1/cmss/m/it --> OT1/cmss/b/it on input line 5.
LaTeX Font Info:    Overwriting math alphabet `\mathtt' in version `bold'
(Font)                  OT1/cmtt/m/n --> OT1/cmtt/b/n on input line 5.
LaTeX Font Info:    Redeclaring symbol font `pureletters' on input line 5.
LaTeX Font Info:    Overwriting symbol font `pureletters' in version `normal'
(Font)                  OT1/cmss/m/it --> OT1/mathkerncmss/m/sl on input line 5
.
LaTeX Font Info:    Overwriting symbol font `pureletters' in version `bold'
(Font)                  OT1/cmss/b/it --> OT1/mathkerncmss/m/sl on input line 5
.
LaTeX Font Info:    Overwriting symbol font `pureletters' in version `bold'
(Font)                  OT1/mathkerncmss/m/sl --> OT1/mathkerncmss/bx/sl on inp
ut line 5.

(/usr/share/texmf-dist/tex/latex/translator/translator-basic-dictionary-English
.dict
Dictionary: translator-basic-dictionary, Language: English 
)
(/usr/share/texmf-dist/tex/latex/translator/translator-bibliography-dictionary-
English.dict
Dictionary: translator-bibliography-dictionary, Language: English 
)
(/usr/share/texmf-dist/tex/latex/translator/translator-environment-dictionary-E
nglish.dict
Dictionary: translator-environment-dictionary, Language: English 
)
(/usr/share/texmf-dist/tex/latex/translator/translator-months-dictionary-Englis
h.dict
Dictionary: translator-months-dictionary, Language: English 
)
(/usr/share/texmf-dist/tex/latex/translator/translator-numbers-dictionary-Engli
sh.dict
Dictionary: translator-numbers-dictionary, Language: English 
)
(/usr/share/texmf-dist/tex/latex/translator/translator-theorem-dictionary-Engli
sh.dict
Dictionary: translator-theorem-dictionary, Language: English 
) (/usr/share/texmf-dist/tex/latex/pdflscape/pdflscape.sty
Package: pdflscape 2022-10-27 v0.13 Display of landscape pages in PDF

(/usr/share/texmf-dist/tex/latex/pdflscape/pdflscape-nometadata.sty
Package: pdflscape-nometadata 2022-10-28 v0.13 Display of landscape pages in PD
F (HO)

(/usr/share/texmf-dist/tex/latex/graphics/lscape.sty
Package: lscape 2020/05/28 v3.02 Landscape Pages (DPC)
)
Package pdflscape Info: Auto-detected driver: pdftex on input line 81.
)) (build/main.nav)
<all_slides/Topic0_Course_Structure.pdf, id=13, 722.7pt x 406.51875pt>
File: all_slides/Topic0_Course_Structure.pdf Graphic file (type pdf)
<use all_slides/Topic0_Course_Structure.pdf>
Package pdftex.def Info: all_slides/Topic0_Course_Structure.pdf  used on input 
line 7.
(pdftex.def)             Requested size: 722.69823pt x 406.51775pt.
<all_slides/Topic0_Course_Structure.pdf, id=15, page=1, 722.7pt x 406.51875pt>
File: all_slides/Topic0_Course_Structure.pdf Graphic file (type pdf)
<use all_slides/Topic0_Course_Structure.pdf, page 1>
Package pdftex.def Info: all_slides/Topic0_Course_Structure.pdf , page1 used on
 input line 7.
(pdftex.def)             Requested size: 722.69823pt x 406.51775pt.
File: all_slides/Topic0_Course_Structure.pdf Graphic file (type pdf)
<use all_slides/Topic0_Course_Structure.pdf, page 1>
Package pdftex.def Info: all_slides/Topic0_Course_Structure.pdf , page1 used on
 input line 7.
(pdftex.def)             Requested size: 364.54707pt x 205.05772pt.
File: all_slides/Topic0_Course_Structure.pdf Graphic file (type pdf)
<use all_slides/Topic0_Course_Structure.pdf, page 1>
Package pdftex.def Info: all_slides/Topic0_Course_Structure.pdf , page1 used on
 input line 7.
(pdftex.def)             Requested size: 364.54707pt x 205.05772pt.
File: all_slides/Topic0_Course_Structure.pdf Graphic file (type pdf)
<use all_slides/Topic0_Course_Structure.pdf, page 1>
Package pdftex.def Info: all_slides/Topic0_Course_Structure.pdf , page1 used on
 input line 7.
(pdftex.def)             Requested size: 364.54707pt x 205.05772pt.


File: all_slides/Topic0_Course_Structure.pdf Graphic file (type pdf)
<use all_slides/Topic0_Course_Structure.pdf, page 1>
Package pdftex.def Info: all_slides/Topic0_Course_Structure.pdf , page1 used on
 input line 7.
(pdftex.def)             Requested size: 364.54707pt x 205.05772pt.
[1


 <./all_slides/Topic0_Course_Structure.pdf>]
<all_slides/Topic0_Course_Structure.pdf, id=63, page=2, 722.7pt x 406.51875pt>
File: all_slides/Topic0_Course_Structure.pdf Graphic file (type pdf)
<use all_slides/Topic0_Course_Structure.pdf, page 2>
Package pdftex.def Info: all_slides/Topic0_Course_Structure.pdf , page2 used on
 input line 7.
(pdftex.def)             Requested size: 364.54707pt x 205.05772pt.
File: all_slides/Topic0_Course_Structure.pdf Graphic file (type pdf)
<use all_slides/Topic0_Course_Structure.pdf, page 2>
Package pdftex.def Info: all_slides/Topic0_Course_Structure.pdf , page2 used on
 input line 7.
(pdftex.def)             Requested size: 364.54707pt x 205.05772pt.


File: all_slides/Topic0_Course_Structure.pdf Graphic file (type pdf)
<use all_slides/Topic0_Course_Structure.pdf, page 2>
Package pdftex.def Info: all_slides/Topic0_Course_Structure.pdf , page2 used on
 input line 7.
(pdftex.def)             Requested size: 364.54707pt x 205.05772pt.
[2

 <./all_slides/Topic0_Course_Structure.pdf>]
<all_slides/Topic0_Course_Structure.pdf, id=116, page=3, 722.7pt x 406.51875pt>

File: all_slides/Topic0_Course_Structure.pdf Graphic file (type pdf)
<use all_slides/Topic0_Course_Structure.pdf, page 3>
Package pdftex.def Info: all_slides/Topic0_Course_Structure.pdf , page3 used on
 input line 7.
(pdftex.def)             Requested size: 364.54707pt x 205.05772pt.
File: all_slides/Topic0_Course_Structure.pdf Graphic file (type pdf)
<use all_slides/Topic0_Course_Structure.pdf, page 3>
Package pdftex.def Info: all_slides/Topic0_Course_Structure.pdf , page3 used on
 input line 7.
(pdftex.def)             Requested size: 364.54707pt x 205.05772pt.


File: all_slides/Topic0_Course_Structure.pdf Graphic file (type pdf)
<use all_slides/Topic0_Course_Structure.pdf, page 3>
Package pdftex.def Info: all_slides/Topic0_Course_Structure.pdf , page3 used on
 input line 7.
(pdftex.def)             Requested size: 364.54707pt x 205.05772pt.
[3

 <./all_slides/Topic0_Course_Structure.pdf>]
<all_slides/Topic0_Course_Structure.pdf, id=144, page=4, 722.7pt x 406.51875pt>

File: all_slides/Topic0_Course_Structure.pdf Graphic file (type pdf)
<use all_slides/Topic0_Course_Structure.pdf, page 4>
Package pdftex.def Info: all_slides/Topic0_Course_Structure.pdf , page4 used on
 input line 7.
(pdftex.def)             Requested size: 364.54707pt x 205.05772pt.
File: all_slides/Topic0_Course_Structure.pdf Graphic file (type pdf)
<use all_slides/Topic0_Course_Structure.pdf, page 4>
Package pdftex.def Info: all_slides/Topic0_Course_Structure.pdf , page4 used on
 input line 7.
(pdftex.def)             Requested size: 364.54707pt x 205.05772pt.


File: all_slides/Topic0_Course_Structure.pdf Graphic file (type pdf)
<use all_slides/Topic0_Course_Structure.pdf, page 4>
Package pdftex.def Info: all_slides/Topic0_Course_Structure.pdf , page4 used on
 input line 7.
(pdftex.def)             Requested size: 364.54707pt x 205.05772pt.
[4

 <./all_slides/Topic0_Course_Structure.pdf>]
<all_slides/Topic0_Course_Structure.pdf, id=171, page=5, 722.7pt x 406.51875pt>

File: all_slides/Topic0_Course_Structure.pdf Graphic file (type pdf)
<use all_slides/Topic0_Course_Structure.pdf, page 5>
Package pdftex.def Info: all_slides/Topic0_Course_Structure.pdf , page5 used on
 input line 7.
(pdftex.def)             Requested size: 364.54707pt x 205.05772pt.
File: all_slides/Topic0_Course_Structure.pdf Graphic file (type pdf)
<use all_slides/Topic0_Course_Structure.pdf, page 5>
Package pdftex.def Info: all_slides/Topic0_Course_Structure.pdf , page5 used on
 input line 7.
(pdftex.def)             Requested size: 364.54707pt x 205.05772pt.


File: all_slides/Topic0_Course_Structure.pdf Graphic file (type pdf)
<use all_slides/Topic0_Course_Structure.pdf, page 5>
Package pdftex.def Info: all_slides/Topic0_Course_Structure.pdf , page5 used on
 input line 7.
(pdftex.def)             Requested size: 364.54707pt x 205.05772pt.
[5

 <./all_slides/Topic0_Course_Structure.pdf>]
<all_slides/Topic0_Course_Structure.pdf, id=198, page=6, 722.7pt x 406.51875pt>

File: all_slides/Topic0_Course_Structure.pdf Graphic file (type pdf)
<use all_slides/Topic0_Course_Structure.pdf, page 6>
Package pdftex.def Info: all_slides/Topic0_Course_Structure.pdf , page6 used on
 input line 7.
(pdftex.def)             Requested size: 364.54707pt x 205.05772pt.
File: all_slides/Topic0_Course_Structure.pdf Graphic file (type pdf)
<use all_slides/Topic0_Course_Structure.pdf, page 6>
Package pdftex.def Info: all_slides/Topic0_Course_Structure.pdf , page6 used on
 input line 7.
(pdftex.def)             Requested size: 364.54707pt x 205.05772pt.


File: all_slides/Topic0_Course_Structure.pdf Graphic file (type pdf)
<use all_slides/Topic0_Course_Structure.pdf, page 6>
Package pdftex.def Info: all_slides/Topic0_Course_Structure.pdf , page6 used on
 input line 7.
(pdftex.def)             Requested size: 364.54707pt x 205.05772pt.
[6

 <./all_slides/Topic0_Course_Structure.pdf>]
<all_slides/Topic0_Course_Structure.pdf, id=225, page=7, 722.7pt x 406.51875pt>

File: all_slides/Topic0_Course_Structure.pdf Graphic file (type pdf)
<use all_slides/Topic0_Course_Structure.pdf, page 7>
Package pdftex.def Info: all_slides/Topic0_Course_Structure.pdf , page7 used on
 input line 7.
(pdftex.def)             Requested size: 364.54707pt x 205.05772pt.
File: all_slides/Topic0_Course_Structure.pdf Graphic file (type pdf)
<use all_slides/Topic0_Course_Structure.pdf, page 7>
Package pdftex.def Info: all_slides/Topic0_Course_Structure.pdf , page7 used on
 input line 7.
(pdftex.def)             Requested size: 364.54707pt x 205.05772pt.


File: all_slides/Topic0_Course_Structure.pdf Graphic file (type pdf)
<use all_slides/Topic0_Course_Structure.pdf, page 7>
Package pdftex.def Info: all_slides/Topic0_Course_Structure.pdf , page7 used on
 input line 7.
(pdftex.def)             Requested size: 364.54707pt x 205.05772pt.
[7

 <./all_slides/Topic0_Course_Structure.pdf>]
<all_slides/Topic0_Course_Structure.pdf, id=266, page=8, 722.7pt x 406.51875pt>

File: all_slides/Topic0_Course_Structure.pdf Graphic file (type pdf)
<use all_slides/Topic0_Course_Structure.pdf, page 8>
Package pdftex.def Info: all_slides/Topic0_Course_Structure.pdf , page8 used on
 input line 7.
(pdftex.def)             Requested size: 364.54707pt x 205.05772pt.
File: all_slides/Topic0_Course_Structure.pdf Graphic file (type pdf)
<use all_slides/Topic0_Course_Structure.pdf, page 8>
Package pdftex.def Info: all_slides/Topic0_Course_Structure.pdf , page8 used on
 input line 7.
(pdftex.def)             Requested size: 364.54707pt x 205.05772pt.


File: all_slides/Topic0_Course_Structure.pdf Graphic file (type pdf)
<use all_slides/Topic0_Course_Structure.pdf, page 8>
Package pdftex.def Info: all_slides/Topic0_Course_Structure.pdf , page8 used on
 input line 7.
(pdftex.def)             Requested size: 364.54707pt x 205.05772pt.
[8

 <./all_slides/Topic0_Course_Structure.pdf>]
<all_slides/Topic0_Course_Structure.pdf, id=301, page=9, 722.7pt x 406.51875pt>

File: all_slides/Topic0_Course_Structure.pdf Graphic file (type pdf)
<use all_slides/Topic0_Course_Structure.pdf, page 9>
Package pdftex.def Info: all_slides/Topic0_Course_Structure.pdf , page9 used on
 input line 7.
(pdftex.def)             Requested size: 364.54707pt x 205.05772pt.
File: all_slides/Topic0_Course_Structure.pdf Graphic file (type pdf)
<use all_slides/Topic0_Course_Structure.pdf, page 9>
Package pdftex.def Info: all_slides/Topic0_Course_Structure.pdf , page9 used on
 input line 7.
(pdftex.def)             Requested size: 364.54707pt x 205.05772pt.


File: all_slides/Topic0_Course_Structure.pdf Graphic file (type pdf)
<use all_slides/Topic0_Course_Structure.pdf, page 9>
Package pdftex.def Info: all_slides/Topic0_Course_Structure.pdf , page9 used on
 input line 7.
(pdftex.def)             Requested size: 364.54707pt x 205.05772pt.
[9

 <./all_slides/Topic0_Course_Structure.pdf>]
<all_slides/Topic0_Course_Structure.pdf, id=328, page=10, 722.7pt x 406.51875pt
>
File: all_slides/Topic0_Course_Structure.pdf Graphic file (type pdf)
<use all_slides/Topic0_Course_Structure.pdf, page 10>
Package pdftex.def Info: all_slides/Topic0_Course_Structure.pdf , page10 used o
n input line 7.
(pdftex.def)             Requested size: 364.54707pt x 205.05772pt.
File: all_slides/Topic0_Course_Structure.pdf Graphic file (type pdf)
<use all_slides/Topic0_Course_Structure.pdf, page 10>
Package pdftex.def Info: all_slides/Topic0_Course_Structure.pdf , page10 used o
n input line 7.
(pdftex.def)             Requested size: 364.54707pt x 205.05772pt.


File: all_slides/Topic0_Course_Structure.pdf Graphic file (type pdf)
<use all_slides/Topic0_Course_Structure.pdf, page 10>
Package pdftex.def Info: all_slides/Topic0_Course_Structure.pdf , page10 used o
n input line 7.
(pdftex.def)             Requested size: 364.54707pt x 205.05772pt.
[10

 <./all_slides/Topic0_Course_Structure.pdf>]
<all_slides/Topic0_Course_Structure.pdf, id=355, page=11, 722.7pt x 406.51875pt
>
File: all_slides/Topic0_Course_Structure.pdf Graphic file (type pdf)
<use all_slides/Topic0_Course_Structure.pdf, page 11>
Package pdftex.def Info: all_slides/Topic0_Course_Structure.pdf , page11 used o
n input line 7.
(pdftex.def)             Requested size: 364.54707pt x 205.05772pt.
File: all_slides/Topic0_Course_Structure.pdf Graphic file (type pdf)
<use all_slides/Topic0_Course_Structure.pdf, page 11>
Package pdftex.def Info: all_slides/Topic0_Course_Structure.pdf , page11 used o
n input line 7.
(pdftex.def)             Requested size: 364.54707pt x 205.05772pt.


File: all_slides/Topic0_Course_Structure.pdf Graphic file (type pdf)
<use all_slides/Topic0_Course_Structure.pdf, page 11>
Package pdftex.def Info: all_slides/Topic0_Course_Structure.pdf , page11 used o
n input line 7.
(pdftex.def)             Requested size: 364.54707pt x 205.05772pt.
[11

 <./all_slides/Topic0_Course_Structure.pdf>]
<all_slides/Topic0_Course_Structure.pdf, id=383, page=12, 722.7pt x 406.51875pt
>
File: all_slides/Topic0_Course_Structure.pdf Graphic file (type pdf)
<use all_slides/Topic0_Course_Structure.pdf, page 12>
Package pdftex.def Info: all_slides/Topic0_Course_Structure.pdf , page12 used o
n input line 7.
(pdftex.def)             Requested size: 364.54707pt x 205.05772pt.
File: all_slides/Topic0_Course_Structure.pdf Graphic file (type pdf)
<use all_slides/Topic0_Course_Structure.pdf, page 12>
Package pdftex.def Info: all_slides/Topic0_Course_Structure.pdf , page12 used o
n input line 7.
(pdftex.def)             Requested size: 364.54707pt x 205.05772pt.


File: all_slides/Topic0_Course_Structure.pdf Graphic file (type pdf)
<use all_slides/Topic0_Course_Structure.pdf, page 12>
Package pdftex.def Info: all_slides/Topic0_Course_Structure.pdf , page12 used o
n input line 7.
(pdftex.def)             Requested size: 364.54707pt x 205.05772pt.
[12

 <./all_slides/Topic0_Course_Structure.pdf>]
<all_slides/Topic0_Course_Structure.pdf, id=410, page=13, 722.7pt x 406.51875pt
>
File: all_slides/Topic0_Course_Structure.pdf Graphic file (type pdf)
<use all_slides/Topic0_Course_Structure.pdf, page 13>
Package pdftex.def Info: all_slides/Topic0_Course_Structure.pdf , page13 used o
n input line 7.
(pdftex.def)             Requested size: 364.54707pt x 205.05772pt.
File: all_slides/Topic0_Course_Structure.pdf Graphic file (type pdf)
<use all_slides/Topic0_Course_Structure.pdf, page 13>
Package pdftex.def Info: all_slides/Topic0_Course_Structure.pdf , page13 used o
n input line 7.
(pdftex.def)             Requested size: 364.54707pt x 205.05772pt.


File: all_slides/Topic0_Course_Structure.pdf Graphic file (type pdf)
<use all_slides/Topic0_Course_Structure.pdf, page 13>
Package pdftex.def Info: all_slides/Topic0_Course_Structure.pdf , page13 used o
n input line 7.
(pdftex.def)             Requested size: 364.54707pt x 205.05772pt.
[13

 <./all_slides/Topic0_Course_Structure.pdf>]
<all_slides/Topic1_Introduction.pdf, id=438, 963.6pt x 542.025pt>
File: all_slides/Topic1_Introduction.pdf Graphic file (type pdf)
<use all_slides/Topic1_Introduction.pdf>
Package pdftex.def Info: all_slides/Topic1_Introduction.pdf  used on input line
 8.
(pdftex.def)             Requested size: 963.59766pt x 542.02367pt.
<all_slides/Topic1_Introduction.pdf, id=440, page=1, 963.6pt x 542.025pt>
File: all_slides/Topic1_Introduction.pdf Graphic file (type pdf)
<use all_slides/Topic1_Introduction.pdf, page 1>
Package pdftex.def Info: all_slides/Topic1_Introduction.pdf , page1 used on inp
ut line 8.
(pdftex.def)             Requested size: 963.59766pt x 542.02367pt.
File: all_slides/Topic1_Introduction.pdf Graphic file (type pdf)
<use all_slides/Topic1_Introduction.pdf, page 1>
Package pdftex.def Info: all_slides/Topic1_Introduction.pdf , page1 used on inp
ut line 8.
(pdftex.def)             Requested size: 364.40741pt x 204.97916pt.
File: all_slides/Topic1_Introduction.pdf Graphic file (type pdf)
<use all_slides/Topic1_Introduction.pdf, page 1>
Package pdftex.def Info: all_slides/Topic1_Introduction.pdf , page1 used on inp
ut line 8.
(pdftex.def)             Requested size: 364.40741pt x 204.97916pt.
File: all_slides/Topic1_Introduction.pdf Graphic file (type pdf)
<use all_slides/Topic1_Introduction.pdf, page 1>
Package pdftex.def Info: all_slides/Topic1_Introduction.pdf , page1 used on inp
ut line 8.
(pdftex.def)             Requested size: 364.40741pt x 204.97916pt.


File: all_slides/Topic1_Introduction.pdf Graphic file (type pdf)
<use all_slides/Topic1_Introduction.pdf, page 1>
Package pdftex.def Info: all_slides/Topic1_Introduction.pdf , page1 used on inp
ut line 8.
(pdftex.def)             Requested size: 364.40741pt x 204.97916pt.
[14

 <./all_slides/Topic1_Introduction.pdf>]
<all_slides/Topic1_Introduction.pdf, id=487, page=2, 963.6pt x 542.025pt>
File: all_slides/Topic1_Introduction.pdf Graphic file (type pdf)
<use all_slides/Topic1_Introduction.pdf, page 2>
Package pdftex.def Info: all_slides/Topic1_Introduction.pdf , page2 used on inp
ut line 8.
(pdftex.def)             Requested size: 364.40741pt x 204.97916pt.
File: all_slides/Topic1_Introduction.pdf Graphic file (type pdf)
<use all_slides/Topic1_Introduction.pdf, page 2>
Package pdftex.def Info: all_slides/Topic1_Introduction.pdf , page2 used on inp
ut line 8.
(pdftex.def)             Requested size: 364.40741pt x 204.97916pt.


File: all_slides/Topic1_Introduction.pdf Graphic file (type pdf)
<use all_slides/Topic1_Introduction.pdf, page 2>
Package pdftex.def Info: all_slides/Topic1_Introduction.pdf , page2 used on inp
ut line 8.
(pdftex.def)             Requested size: 364.40741pt x 204.97916pt.
[15

 <./all_slides/Topic1_Introduction.pdf>]
<all_slides/Topic1_Introduction.pdf, id=524, page=3, 963.6pt x 542.025pt>
File: all_slides/Topic1_Introduction.pdf Graphic file (type pdf)
<use all_slides/Topic1_Introduction.pdf, page 3>
Package pdftex.def Info: all_slides/Topic1_Introduction.pdf , page3 used on inp
ut line 8.
(pdftex.def)             Requested size: 364.40741pt x 204.97916pt.
File: all_slides/Topic1_Introduction.pdf Graphic file (type pdf)
<use all_slides/Topic1_Introduction.pdf, page 3>
Package pdftex.def Info: all_slides/Topic1_Introduction.pdf , page3 used on inp
ut line 8.
(pdftex.def)             Requested size: 364.40741pt x 204.97916pt.


File: all_slides/Topic1_Introduction.pdf Graphic file (type pdf)
<use all_slides/Topic1_Introduction.pdf, page 3>
Package pdftex.def Info: all_slides/Topic1_Introduction.pdf , page3 used on inp
ut line 8.
(pdftex.def)             Requested size: 364.40741pt x 204.97916pt.
[16

 <./all_slides/Topic1_Introduction.pdf>]
<all_slides/Topic1_Introduction.pdf, id=567, page=4, 963.6pt x 542.025pt>
File: all_slides/Topic1_Introduction.pdf Graphic file (type pdf)
<use all_slides/Topic1_Introduction.pdf, page 4>
Package pdftex.def Info: all_slides/Topic1_Introduction.pdf , page4 used on inp
ut line 8.
(pdftex.def)             Requested size: 364.40741pt x 204.97916pt.
File: all_slides/Topic1_Introduction.pdf Graphic file (type pdf)
<use all_slides/Topic1_Introduction.pdf, page 4>
Package pdftex.def Info: all_slides/Topic1_Introduction.pdf , page4 used on inp
ut line 8.
(pdftex.def)             Requested size: 364.40741pt x 204.97916pt.


File: all_slides/Topic1_Introduction.pdf Graphic file (type pdf)
<use all_slides/Topic1_Introduction.pdf, page 4>
Package pdftex.def Info: all_slides/Topic1_Introduction.pdf , page4 used on inp
ut line 8.
(pdftex.def)             Requested size: 364.40741pt x 204.97916pt.
[17

 <./all_slides/Topic1_Introduction.pdf>]
<all_slides/Topic1_Introduction.pdf, id=630, page=5, 963.6pt x 542.025pt>
File: all_slides/Topic1_Introduction.pdf Graphic file (type pdf)
<use all_slides/Topic1_Introduction.pdf, page 5>
Package pdftex.def Info: all_slides/Topic1_Introduction.pdf , page5 used on inp
ut line 8.
(pdftex.def)             Requested size: 364.40741pt x 204.97916pt.
File: all_slides/Topic1_Introduction.pdf Graphic file (type pdf)
<use all_slides/Topic1_Introduction.pdf, page 5>
Package pdftex.def Info: all_slides/Topic1_Introduction.pdf , page5 used on inp
ut line 8.
(pdftex.def)             Requested size: 364.40741pt x 204.97916pt.


File: all_slides/Topic1_Introduction.pdf Graphic file (type pdf)
<use all_slides/Topic1_Introduction.pdf, page 5>
Package pdftex.def Info: all_slides/Topic1_Introduction.pdf , page5 used on inp
ut line 8.
(pdftex.def)             Requested size: 364.40741pt x 204.97916pt.
[18

 <./all_slides/Topic1_Introduction.pdf>]
<all_slides/Topic1_Introduction.pdf, id=658, page=6, 963.6pt x 542.025pt>
File: all_slides/Topic1_Introduction.pdf Graphic file (type pdf)
<use all_slides/Topic1_Introduction.pdf, page 6>
Package pdftex.def Info: all_slides/Topic1_Introduction.pdf , page6 used on inp
ut line 8.
(pdftex.def)             Requested size: 364.40741pt x 204.97916pt.
File: all_slides/Topic1_Introduction.pdf Graphic file (type pdf)
<use all_slides/Topic1_Introduction.pdf, page 6>
Package pdftex.def Info: all_slides/Topic1_Introduction.pdf , page6 used on inp
ut line 8.
(pdftex.def)             Requested size: 364.40741pt x 204.97916pt.


File: all_slides/Topic1_Introduction.pdf Graphic file (type pdf)
<use all_slides/Topic1_Introduction.pdf, page 6>
Package pdftex.def Info: all_slides/Topic1_Introduction.pdf , page6 used on inp
ut line 8.
(pdftex.def)             Requested size: 364.40741pt x 204.97916pt.
[19

 <./all_slides/Topic1_Introduction.pdf>]
<all_slides/Topic1_Introduction.pdf, id=688, page=7, 963.6pt x 542.025pt>
File: all_slides/Topic1_Introduction.pdf Graphic file (type pdf)
<use all_slides/Topic1_Introduction.pdf, page 7>
Package pdftex.def Info: all_slides/Topic1_Introduction.pdf , page7 used on inp
ut line 8.
(pdftex.def)             Requested size: 364.40741pt x 204.97916pt.
File: all_slides/Topic1_Introduction.pdf Graphic file (type pdf)
<use all_slides/Topic1_Introduction.pdf, page 7>
Package pdftex.def Info: all_slides/Topic1_Introduction.pdf , page7 used on inp
ut line 8.
(pdftex.def)             Requested size: 364.40741pt x 204.97916pt.


File: all_slides/Topic1_Introduction.pdf Graphic file (type pdf)
<use all_slides/Topic1_Introduction.pdf, page 7>
Package pdftex.def Info: all_slides/Topic1_Introduction.pdf , page7 used on inp
ut line 8.
(pdftex.def)             Requested size: 364.40741pt x 204.97916pt.
[20

 <./all_slides/Topic1_Introduction.pdf>]
<all_slides/Topic1_Introduction.pdf, id=722, page=8, 963.6pt x 542.025pt>
File: all_slides/Topic1_Introduction.pdf Graphic file (type pdf)
<use all_slides/Topic1_Introduction.pdf, page 8>
Package pdftex.def Info: all_slides/Topic1_Introduction.pdf , page8 used on inp
ut line 8.
(pdftex.def)             Requested size: 364.40741pt x 204.97916pt.
File: all_slides/Topic1_Introduction.pdf Graphic file (type pdf)
<use all_slides/Topic1_Introduction.pdf, page 8>
Package pdftex.def Info: all_slides/Topic1_Introduction.pdf , page8 used on inp
ut line 8.
(pdftex.def)             Requested size: 364.40741pt x 204.97916pt.


File: all_slides/Topic1_Introduction.pdf Graphic file (type pdf)
<use all_slides/Topic1_Introduction.pdf, page 8>
Package pdftex.def Info: all_slides/Topic1_Introduction.pdf , page8 used on inp
ut line 8.
(pdftex.def)             Requested size: 364.40741pt x 204.97916pt.
[21

 <./all_slides/Topic1_Introduction.pdf>]
<all_slides/Topic1_Introduction.pdf, id=771, page=9, 963.6pt x 542.025pt>
File: all_slides/Topic1_Introduction.pdf Graphic file (type pdf)
<use all_slides/Topic1_Introduction.pdf, page 9>
Package pdftex.def Info: all_slides/Topic1_Introduction.pdf , page9 used on inp
ut line 8.
(pdftex.def)             Requested size: 364.40741pt x 204.97916pt.
File: all_slides/Topic1_Introduction.pdf Graphic file (type pdf)
<use all_slides/Topic1_Introduction.pdf, page 9>
Package pdftex.def Info: all_slides/Topic1_Introduction.pdf , page9 used on inp
ut line 8.
(pdftex.def)             Requested size: 364.40741pt x 204.97916pt.


File: all_slides/Topic1_Introduction.pdf Graphic file (type pdf)
<use all_slides/Topic1_Introduction.pdf, page 9>
Package pdftex.def Info: all_slides/Topic1_Introduction.pdf , page9 used on inp
ut line 8.
(pdftex.def)             Requested size: 364.40741pt x 204.97916pt.
[22

 <./all_slides/Topic1_Introduction.pdf>]
<all_slides/Topic1_Introduction.pdf, id=798, page=10, 963.6pt x 542.025pt>
File: all_slides/Topic1_Introduction.pdf Graphic file (type pdf)
<use all_slides/Topic1_Introduction.pdf, page 10>
Package pdftex.def Info: all_slides/Topic1_Introduction.pdf , page10 used on in
put line 8.
(pdftex.def)             Requested size: 364.40741pt x 204.97916pt.
File: all_slides/Topic1_Introduction.pdf Graphic file (type pdf)
<use all_slides/Topic1_Introduction.pdf, page 10>
Package pdftex.def Info: all_slides/Topic1_Introduction.pdf , page10 used on in
put line 8.
(pdftex.def)             Requested size: 364.40741pt x 204.97916pt.


File: all_slides/Topic1_Introduction.pdf Graphic file (type pdf)
<use all_slides/Topic1_Introduction.pdf, page 10>
Package pdftex.def Info: all_slides/Topic1_Introduction.pdf , page10 used on in
put line 8.
(pdftex.def)             Requested size: 364.40741pt x 204.97916pt.
[23

 <./all_slides/Topic1_Introduction.pdf>]
<all_slides/Topic1_Introduction.pdf, id=840, page=11, 963.6pt x 542.025pt>
File: all_slides/Topic1_Introduction.pdf Graphic file (type pdf)
<use all_slides/Topic1_Introduction.pdf, page 11>
Package pdftex.def Info: all_slides/Topic1_Introduction.pdf , page11 used on in
put line 8.
(pdftex.def)             Requested size: 364.40741pt x 204.97916pt.
File: all_slides/Topic1_Introduction.pdf Graphic file (type pdf)
<use all_slides/Topic1_Introduction.pdf, page 11>
Package pdftex.def Info: all_slides/Topic1_Introduction.pdf , page11 used on in
put line 8.
(pdftex.def)             Requested size: 364.40741pt x 204.97916pt.


File: all_slides/Topic1_Introduction.pdf Graphic file (type pdf)
<use all_slides/Topic1_Introduction.pdf, page 11>
Package pdftex.def Info: all_slides/Topic1_Introduction.pdf , page11 used on in
put line 8.
(pdftex.def)             Requested size: 364.40741pt x 204.97916pt.
[24

 <./all_slides/Topic1_Introduction.pdf>]
<all_slides/Topic1_Introduction.pdf, id=888, page=12, 963.6pt x 542.025pt>
File: all_slides/Topic1_Introduction.pdf Graphic file (type pdf)
<use all_slides/Topic1_Introduction.pdf, page 12>
Package pdftex.def Info: all_slides/Topic1_Introduction.pdf , page12 used on in
put line 8.
(pdftex.def)             Requested size: 364.40741pt x 204.97916pt.
File: all_slides/Topic1_Introduction.pdf Graphic file (type pdf)
<use all_slides/Topic1_Introduction.pdf, page 12>
Package pdftex.def Info: all_slides/Topic1_Introduction.pdf , page12 used on in
put line 8.
(pdftex.def)             Requested size: 364.40741pt x 204.97916pt.


File: all_slides/Topic1_Introduction.pdf Graphic file (type pdf)
<use all_slides/Topic1_Introduction.pdf, page 12>
Package pdftex.def Info: all_slides/Topic1_Introduction.pdf , page12 used on in
put line 8.
(pdftex.def)             Requested size: 364.40741pt x 204.97916pt.
[25

 <./all_slides/Topic1_Introduction.pdf>]
<all_slides/Topic1_Introduction.pdf, id=931, page=13, 963.6pt x 542.025pt>
File: all_slides/Topic1_Introduction.pdf Graphic file (type pdf)
<use all_slides/Topic1_Introduction.pdf, page 13>
Package pdftex.def Info: all_slides/Topic1_Introduction.pdf , page13 used on in
put line 8.
(pdftex.def)             Requested size: 364.40741pt x 204.97916pt.
File: all_slides/Topic1_Introduction.pdf Graphic file (type pdf)
<use all_slides/Topic1_Introduction.pdf, page 13>
Package pdftex.def Info: all_slides/Topic1_Introduction.pdf , page13 used on in
put line 8.
(pdftex.def)             Requested size: 364.40741pt x 204.97916pt.


File: all_slides/Topic1_Introduction.pdf Graphic file (type pdf)
<use all_slides/Topic1_Introduction.pdf, page 13>
Package pdftex.def Info: all_slides/Topic1_Introduction.pdf , page13 used on in
put line 8.
(pdftex.def)             Requested size: 364.40741pt x 204.97916pt.
[26

 <./all_slides/Topic1_Introduction.pdf>]
<all_slides/Topic1_Introduction.pdf, id=962, page=14, 963.6pt x 542.025pt>
File: all_slides/Topic1_Introduction.pdf Graphic file (type pdf)
<use all_slides/Topic1_Introduction.pdf, page 14>
Package pdftex.def Info: all_slides/Topic1_Introduction.pdf , page14 used on in
put line 8.
(pdftex.def)             Requested size: 364.40741pt x 204.97916pt.
File: all_slides/Topic1_Introduction.pdf Graphic file (type pdf)
<use all_slides/Topic1_Introduction.pdf, page 14>
Package pdftex.def Info: all_slides/Topic1_Introduction.pdf , page14 used on in
put line 8.
(pdftex.def)             Requested size: 364.40741pt x 204.97916pt.


File: all_slides/Topic1_Introduction.pdf Graphic file (type pdf)
<use all_slides/Topic1_Introduction.pdf, page 14>
Package pdftex.def Info: all_slides/Topic1_Introduction.pdf , page14 used on in
put line 8.
(pdftex.def)             Requested size: 364.40741pt x 204.97916pt.
[27

 <./all_slides/Topic1_Introduction.pdf>]
<all_slides/Topic1_Introduction.pdf, id=997, page=15, 963.6pt x 542.025pt>
File: all_slides/Topic1_Introduction.pdf Graphic file (type pdf)
<use all_slides/Topic1_Introduction.pdf, page 15>
Package pdftex.def Info: all_slides/Topic1_Introduction.pdf , page15 used on in
put line 8.
(pdftex.def)             Requested size: 364.40741pt x 204.97916pt.
File: all_slides/Topic1_Introduction.pdf Graphic file (type pdf)
<use all_slides/Topic1_Introduction.pdf, page 15>
Package pdftex.def Info: all_slides/Topic1_Introduction.pdf , page15 used on in
put line 8.
(pdftex.def)             Requested size: 364.40741pt x 204.97916pt.


File: all_slides/Topic1_Introduction.pdf Graphic file (type pdf)
<use all_slides/Topic1_Introduction.pdf, page 15>
Package pdftex.def Info: all_slides/Topic1_Introduction.pdf , page15 used on in
put line 8.
(pdftex.def)             Requested size: 364.40741pt x 204.97916pt.
[28

 <./all_slides/Topic1_Introduction.pdf>]
<all_slides/Topic1_Introduction.pdf, id=1032, page=16, 963.6pt x 542.025pt>
File: all_slides/Topic1_Introduction.pdf Graphic file (type pdf)
<use all_slides/Topic1_Introduction.pdf, page 16>
Package pdftex.def Info: all_slides/Topic1_Introduction.pdf , page16 used on in
put line 8.
(pdftex.def)             Requested size: 364.40741pt x 204.97916pt.
File: all_slides/Topic1_Introduction.pdf Graphic file (type pdf)
<use all_slides/Topic1_Introduction.pdf, page 16>
Package pdftex.def Info: all_slides/Topic1_Introduction.pdf , page16 used on in
put line 8.
(pdftex.def)             Requested size: 364.40741pt x 204.97916pt.


File: all_slides/Topic1_Introduction.pdf Graphic file (type pdf)
<use all_slides/Topic1_Introduction.pdf, page 16>
Package pdftex.def Info: all_slides/Topic1_Introduction.pdf , page16 used on in
put line 8.
(pdftex.def)             Requested size: 364.40741pt x 204.97916pt.
[29

 <./all_slides/Topic1_Introduction.pdf>]
<all_slides/Topic2A_Gates_and_Modelling.pdf, id=1062, 963.6pt x 542.025pt>
File: all_slides/Topic2A_Gates_and_Modelling.pdf Graphic file (type pdf)
<use all_slides/Topic2A_Gates_and_Modelling.pdf>
Package pdftex.def Info: all_slides/Topic2A_Gates_and_Modelling.pdf  used on in
put line 9.
(pdftex.def)             Requested size: 963.59766pt x 542.02367pt.
<all_slides/Topic2A_Gates_and_Modelling.pdf, id=1064, page=1, 963.6pt x 542.025
pt>
File: all_slides/Topic2A_Gates_and_Modelling.pdf Graphic file (type pdf)
<use all_slides/Topic2A_Gates_and_Modelling.pdf, page 1>
Package pdftex.def Info: all_slides/Topic2A_Gates_and_Modelling.pdf , page1 use
d on input line 9.
(pdftex.def)             Requested size: 963.59766pt x 542.02367pt.
File: all_slides/Topic2A_Gates_and_Modelling.pdf Graphic file (type pdf)
<use all_slides/Topic2A_Gates_and_Modelling.pdf, page 1>
Package pdftex.def Info: all_slides/Topic2A_Gates_and_Modelling.pdf , page1 use
d on input line 9.
(pdftex.def)             Requested size: 364.40741pt x 204.97916pt.
File: all_slides/Topic2A_Gates_and_Modelling.pdf Graphic file (type pdf)
<use all_slides/Topic2A_Gates_and_Modelling.pdf, page 1>
Package pdftex.def Info: all_slides/Topic2A_Gates_and_Modelling.pdf , page1 use
d on input line 9.
(pdftex.def)             Requested size: 364.40741pt x 204.97916pt.
File: all_slides/Topic2A_Gates_and_Modelling.pdf Graphic file (type pdf)
<use all_slides/Topic2A_Gates_and_Modelling.pdf, page 1>
Package pdftex.def Info: all_slides/Topic2A_Gates_and_Modelling.pdf , page1 use
d on input line 9.
(pdftex.def)             Requested size: 364.40741pt x 204.97916pt.


File: all_slides/Topic2A_Gates_and_Modelling.pdf Graphic file (type pdf)
<use all_slides/Topic2A_Gates_and_Modelling.pdf, page 1>
Package pdftex.def Info: all_slides/Topic2A_Gates_and_Modelling.pdf , page1 use
d on input line 9.
(pdftex.def)             Requested size: 364.40741pt x 204.97916pt.
[30

 <./all_slides/Topic2A_Gates_and_Modelling.pdf>]
<all_slides/Topic2A_Gates_and_Modelling.pdf, id=1114, page=2, 963.6pt x 542.025
pt>
File: all_slides/Topic2A_Gates_and_Modelling.pdf Graphic file (type pdf)
<use all_slides/Topic2A_Gates_and_Modelling.pdf, page 2>
Package pdftex.def Info: all_slides/Topic2A_Gates_and_Modelling.pdf , page2 use
d on input line 9.
(pdftex.def)             Requested size: 364.40741pt x 204.97916pt.
File: all_slides/Topic2A_Gates_and_Modelling.pdf Graphic file (type pdf)
<use all_slides/Topic2A_Gates_and_Modelling.pdf, page 2>
Package pdftex.def Info: all_slides/Topic2A_Gates_and_Modelling.pdf , page2 use
d on input line 9.
(pdftex.def)             Requested size: 364.40741pt x 204.97916pt.


File: all_slides/Topic2A_Gates_and_Modelling.pdf Graphic file (type pdf)
<use all_slides/Topic2A_Gates_and_Modelling.pdf, page 2>
Package pdftex.def Info: all_slides/Topic2A_Gates_and_Modelling.pdf , page2 use
d on input line 9.
(pdftex.def)             Requested size: 364.40741pt x 204.97916pt.
[31

 <./all_slides/Topic2A_Gates_and_Modelling.pdf>]
<all_slides/Topic2A_Gates_and_Modelling.pdf, id=1148, page=3, 963.6pt x 542.025
pt>
File: all_slides/Topic2A_Gates_and_Modelling.pdf Graphic file (type pdf)
<use all_slides/Topic2A_Gates_and_Modelling.pdf, page 3>
Package pdftex.def Info: all_slides/Topic2A_Gates_and_Modelling.pdf , page3 use
d on input line 9.
(pdftex.def)             Requested size: 364.40741pt x 204.97916pt.
File: all_slides/Topic2A_Gates_and_Modelling.pdf Graphic file (type pdf)
<use all_slides/Topic2A_Gates_and_Modelling.pdf, page 3>
Package pdftex.def Info: all_slides/Topic2A_Gates_and_Modelling.pdf , page3 use
d on input line 9.
(pdftex.def)             Requested size: 364.40741pt x 204.97916pt.


File: all_slides/Topic2A_Gates_and_Modelling.pdf Graphic file (type pdf)
<use all_slides/Topic2A_Gates_and_Modelling.pdf, page 3>
Package pdftex.def Info: all_slides/Topic2A_Gates_and_Modelling.pdf , page3 use
d on input line 9.
(pdftex.def)             Requested size: 364.40741pt x 204.97916pt.
[32

 <./all_slides/Topic2A_Gates_and_Modelling.pdf>]
<all_slides/Topic2A_Gates_and_Modelling.pdf, id=1185, page=4, 963.6pt x 542.025
pt>
File: all_slides/Topic2A_Gates_and_Modelling.pdf Graphic file (type pdf)
<use all_slides/Topic2A_Gates_and_Modelling.pdf, page 4>
Package pdftex.def Info: all_slides/Topic2A_Gates_and_Modelling.pdf , page4 use
d on input line 9.
(pdftex.def)             Requested size: 364.40741pt x 204.97916pt.
File: all_slides/Topic2A_Gates_and_Modelling.pdf Graphic file (type pdf)
<use all_slides/Topic2A_Gates_and_Modelling.pdf, page 4>
Package pdftex.def Info: all_slides/Topic2A_Gates_and_Modelling.pdf , page4 use
d on input line 9.
(pdftex.def)             Requested size: 364.40741pt x 204.97916pt.


File: all_slides/Topic2A_Gates_and_Modelling.pdf Graphic file (type pdf)
<use all_slides/Topic2A_Gates_and_Modelling.pdf, page 4>
Package pdftex.def Info: all_slides/Topic2A_Gates_and_Modelling.pdf , page4 use
d on input line 9.
(pdftex.def)             Requested size: 364.40741pt x 204.97916pt.
[33

 <./all_slides/Topic2A_Gates_and_Modelling.pdf>]
<all_slides/Topic2A_Gates_and_Modelling.pdf, id=1249, page=5, 963.6pt x 542.025
pt>
File: all_slides/Topic2A_Gates_and_Modelling.pdf Graphic file (type pdf)
<use all_slides/Topic2A_Gates_and_Modelling.pdf, page 5>
Package pdftex.def Info: all_slides/Topic2A_Gates_and_Modelling.pdf , page5 use
d on input line 9.
(pdftex.def)             Requested size: 364.40741pt x 204.97916pt.
File: all_slides/Topic2A_Gates_and_Modelling.pdf Graphic file (type pdf)
<use all_slides/Topic2A_Gates_and_Modelling.pdf, page 5>
Package pdftex.def Info: all_slides/Topic2A_Gates_and_Modelling.pdf , page5 use
d on input line 9.
(pdftex.def)             Requested size: 364.40741pt x 204.97916pt.


File: all_slides/Topic2A_Gates_and_Modelling.pdf Graphic file (type pdf)
<use all_slides/Topic2A_Gates_and_Modelling.pdf, page 5>
Package pdftex.def Info: all_slides/Topic2A_Gates_and_Modelling.pdf , page5 use
d on input line 9.
(pdftex.def)             Requested size: 364.40741pt x 204.97916pt.
[34

 <./all_slides/Topic2A_Gates_and_Modelling.pdf>]
<all_slides/Topic2A_Gates_and_Modelling.pdf, id=1286, page=6, 963.6pt x 542.025
pt>
File: all_slides/Topic2A_Gates_and_Modelling.pdf Graphic file (type pdf)
<use all_slides/Topic2A_Gates_and_Modelling.pdf, page 6>
Package pdftex.def Info: all_slides/Topic2A_Gates_and_Modelling.pdf , page6 use
d on input line 9.
(pdftex.def)             Requested size: 364.40741pt x 204.97916pt.
File: all_slides/Topic2A_Gates_and_Modelling.pdf Graphic file (type pdf)
<use all_slides/Topic2A_Gates_and_Modelling.pdf, page 6>
Package pdftex.def Info: all_slides/Topic2A_Gates_and_Modelling.pdf , page6 use
d on input line 9.
(pdftex.def)             Requested size: 364.40741pt x 204.97916pt.


File: all_slides/Topic2A_Gates_and_Modelling.pdf Graphic file (type pdf)
<use all_slides/Topic2A_Gates_and_Modelling.pdf, page 6>
Package pdftex.def Info: all_slides/Topic2A_Gates_and_Modelling.pdf , page6 use
d on input line 9.
(pdftex.def)             Requested size: 364.40741pt x 204.97916pt.
[35

 <./all_slides/Topic2A_Gates_and_Modelling.pdf>]
<all_slides/Topic2A_Gates_and_Modelling.pdf, id=1352, page=7, 963.6pt x 542.025
pt>
File: all_slides/Topic2A_Gates_and_Modelling.pdf Graphic file (type pdf)
<use all_slides/Topic2A_Gates_and_Modelling.pdf, page 7>
Package pdftex.def Info: all_slides/Topic2A_Gates_and_Modelling.pdf , page7 use
d on input line 9.
(pdftex.def)             Requested size: 364.40741pt x 204.97916pt.
File: all_slides/Topic2A_Gates_and_Modelling.pdf Graphic file (type pdf)
<use all_slides/Topic2A_Gates_and_Modelling.pdf, page 7>
Package pdftex.def Info: all_slides/Topic2A_Gates_and_Modelling.pdf , page7 use
d on input line 9.
(pdftex.def)             Requested size: 364.40741pt x 204.97916pt.


File: all_slides/Topic2A_Gates_and_Modelling.pdf Graphic file (type pdf)
<use all_slides/Topic2A_Gates_and_Modelling.pdf, page 7>
Package pdftex.def Info: all_slides/Topic2A_Gates_and_Modelling.pdf , page7 use
d on input line 9.
(pdftex.def)             Requested size: 364.40741pt x 204.97916pt.
[36

 <./all_slides/Topic2A_Gates_and_Modelling.pdf>]
<all_slides/Topic2A_Gates_and_Modelling.pdf, id=1405, page=8, 963.6pt x 542.025
pt>
File: all_slides/Topic2A_Gates_and_Modelling.pdf Graphic file (type pdf)
<use all_slides/Topic2A_Gates_and_Modelling.pdf, page 8>
Package pdftex.def Info: all_slides/Topic2A_Gates_and_Modelling.pdf , page8 use
d on input line 9.
(pdftex.def)             Requested size: 364.40741pt x 204.97916pt.
File: all_slides/Topic2A_Gates_and_Modelling.pdf Graphic file (type pdf)
<use all_slides/Topic2A_Gates_and_Modelling.pdf, page 8>
Package pdftex.def Info: all_slides/Topic2A_Gates_and_Modelling.pdf , page8 use
d on input line 9.
(pdftex.def)             Requested size: 364.40741pt x 204.97916pt.


File: all_slides/Topic2A_Gates_and_Modelling.pdf Graphic file (type pdf)
<use all_slides/Topic2A_Gates_and_Modelling.pdf, page 8>
Package pdftex.def Info: all_slides/Topic2A_Gates_and_Modelling.pdf , page8 use
d on input line 9.
(pdftex.def)             Requested size: 364.40741pt x 204.97916pt.
[37

 <./all_slides/Topic2A_Gates_and_Modelling.pdf>]
<all_slides/Topic2A_Gates_and_Modelling.pdf, id=1463, page=9, 963.6pt x 542.025
pt>
File: all_slides/Topic2A_Gates_and_Modelling.pdf Graphic file (type pdf)
<use all_slides/Topic2A_Gates_and_Modelling.pdf, page 9>
Package pdftex.def Info: all_slides/Topic2A_Gates_and_Modelling.pdf , page9 use
d on input line 9.
(pdftex.def)             Requested size: 364.40741pt x 204.97916pt.
File: all_slides/Topic2A_Gates_and_Modelling.pdf Graphic file (type pdf)
<use all_slides/Topic2A_Gates_and_Modelling.pdf, page 9>
Package pdftex.def Info: all_slides/Topic2A_Gates_and_Modelling.pdf , page9 use
d on input line 9.
(pdftex.def)             Requested size: 364.40741pt x 204.97916pt.


File: all_slides/Topic2A_Gates_and_Modelling.pdf Graphic file (type pdf)
<use all_slides/Topic2A_Gates_and_Modelling.pdf, page 9>
Package pdftex.def Info: all_slides/Topic2A_Gates_and_Modelling.pdf , page9 use
d on input line 9.
(pdftex.def)             Requested size: 364.40741pt x 204.97916pt.
[38

 <./all_slides/Topic2A_Gates_and_Modelling.pdf>]
<all_slides/Topic2A_Gates_and_Modelling.pdf, id=1511, page=10, 963.6pt x 542.02
5pt>
File: all_slides/Topic2A_Gates_and_Modelling.pdf Graphic file (type pdf)
<use all_slides/Topic2A_Gates_and_Modelling.pdf, page 10>
Package pdftex.def Info: all_slides/Topic2A_Gates_and_Modelling.pdf , page10 us
ed on input line 9.
(pdftex.def)             Requested size: 364.40741pt x 204.97916pt.
File: all_slides/Topic2A_Gates_and_Modelling.pdf Graphic file (type pdf)
<use all_slides/Topic2A_Gates_and_Modelling.pdf, page 10>
Package pdftex.def Info: all_slides/Topic2A_Gates_and_Modelling.pdf , page10 us
ed on input line 9.
(pdftex.def)             Requested size: 364.40741pt x 204.97916pt.


File: all_slides/Topic2A_Gates_and_Modelling.pdf Graphic file (type pdf)
<use all_slides/Topic2A_Gates_and_Modelling.pdf, page 10>
Package pdftex.def Info: all_slides/Topic2A_Gates_and_Modelling.pdf , page10 us
ed on input line 9.
(pdftex.def)             Requested size: 364.40741pt x 204.97916pt.
[39

 <./all_slides/Topic2A_Gates_and_Modelling.pdf>]
<all_slides/Topic2A_Gates_and_Modelling.pdf, id=1565, page=11, 963.6pt x 542.02
5pt>
File: all_slides/Topic2A_Gates_and_Modelling.pdf Graphic file (type pdf)
<use all_slides/Topic2A_Gates_and_Modelling.pdf, page 11>
Package pdftex.def Info: all_slides/Topic2A_Gates_and_Modelling.pdf , page11 us
ed on input line 9.
(pdftex.def)             Requested size: 364.40741pt x 204.97916pt.
File: all_slides/Topic2A_Gates_and_Modelling.pdf Graphic file (type pdf)
<use all_slides/Topic2A_Gates_and_Modelling.pdf, page 11>
Package pdftex.def Info: all_slides/Topic2A_Gates_and_Modelling.pdf , page11 us
ed on input line 9.
(pdftex.def)             Requested size: 364.40741pt x 204.97916pt.


File: all_slides/Topic2A_Gates_and_Modelling.pdf Graphic file (type pdf)
<use all_slides/Topic2A_Gates_and_Modelling.pdf, page 11>
Package pdftex.def Info: all_slides/Topic2A_Gates_and_Modelling.pdf , page11 us
ed on input line 9.
(pdftex.def)             Requested size: 364.40741pt x 204.97916pt.
[40

 <./all_slides/Topic2A_Gates_and_Modelling.pdf>]
<all_slides/Topic2A_Gates_and_Modelling.pdf, id=1633, page=12, 963.6pt x 542.02
5pt>
File: all_slides/Topic2A_Gates_and_Modelling.pdf Graphic file (type pdf)
<use all_slides/Topic2A_Gates_and_Modelling.pdf, page 12>
Package pdftex.def Info: all_slides/Topic2A_Gates_and_Modelling.pdf , page12 us
ed on input line 9.
(pdftex.def)             Requested size: 364.40741pt x 204.97916pt.
File: all_slides/Topic2A_Gates_and_Modelling.pdf Graphic file (type pdf)
<use all_slides/Topic2A_Gates_and_Modelling.pdf, page 12>
Package pdftex.def Info: all_slides/Topic2A_Gates_and_Modelling.pdf , page12 us
ed on input line 9.
(pdftex.def)             Requested size: 364.40741pt x 204.97916pt.


File: all_slides/Topic2A_Gates_and_Modelling.pdf Graphic file (type pdf)
<use all_slides/Topic2A_Gates_and_Modelling.pdf, page 12>
Package pdftex.def Info: all_slides/Topic2A_Gates_and_Modelling.pdf , page12 us
ed on input line 9.
(pdftex.def)             Requested size: 364.40741pt x 204.97916pt.
[41

 <./all_slides/Topic2A_Gates_and_Modelling.pdf>]
<all_slides/Topic2A_Gates_and_Modelling.pdf, id=1695, page=13, 963.6pt x 542.02
5pt>
File: all_slides/Topic2A_Gates_and_Modelling.pdf Graphic file (type pdf)
<use all_slides/Topic2A_Gates_and_Modelling.pdf, page 13>
Package pdftex.def Info: all_slides/Topic2A_Gates_and_Modelling.pdf , page13 us
ed on input line 9.
(pdftex.def)             Requested size: 364.40741pt x 204.97916pt.
File: all_slides/Topic2A_Gates_and_Modelling.pdf Graphic file (type pdf)
<use all_slides/Topic2A_Gates_and_Modelling.pdf, page 13>
Package pdftex.def Info: all_slides/Topic2A_Gates_and_Modelling.pdf , page13 us
ed on input line 9.
(pdftex.def)             Requested size: 364.40741pt x 204.97916pt.


File: all_slides/Topic2A_Gates_and_Modelling.pdf Graphic file (type pdf)
<use all_slides/Topic2A_Gates_and_Modelling.pdf, page 13>
Package pdftex.def Info: all_slides/Topic2A_Gates_and_Modelling.pdf , page13 us
ed on input line 9.
(pdftex.def)             Requested size: 364.40741pt x 204.97916pt.
[42

 <./all_slides/Topic2A_Gates_and_Modelling.pdf>]
<all_slides/Topic2A_Gates_and_Modelling.pdf, id=1746, page=14, 963.6pt x 542.02
5pt>
File: all_slides/Topic2A_Gates_and_Modelling.pdf Graphic file (type pdf)
<use all_slides/Topic2A_Gates_and_Modelling.pdf, page 14>
Package pdftex.def Info: all_slides/Topic2A_Gates_and_Modelling.pdf , page14 us
ed on input line 9.
(pdftex.def)             Requested size: 364.40741pt x 204.97916pt.
File: all_slides/Topic2A_Gates_and_Modelling.pdf Graphic file (type pdf)
<use all_slides/Topic2A_Gates_and_Modelling.pdf, page 14>
Package pdftex.def Info: all_slides/Topic2A_Gates_and_Modelling.pdf , page14 us
ed on input line 9.
(pdftex.def)             Requested size: 364.40741pt x 204.97916pt.


File: all_slides/Topic2A_Gates_and_Modelling.pdf Graphic file (type pdf)
<use all_slides/Topic2A_Gates_and_Modelling.pdf, page 14>
Package pdftex.def Info: all_slides/Topic2A_Gates_and_Modelling.pdf , page14 us
ed on input line 9.
(pdftex.def)             Requested size: 364.40741pt x 204.97916pt.
[43

 <./all_slides/Topic2A_Gates_and_Modelling.pdf>]
<all_slides/Topic2A_Gates_and_Modelling.pdf, id=1800, page=15, 963.6pt x 542.02
5pt>
File: all_slides/Topic2A_Gates_and_Modelling.pdf Graphic file (type pdf)
<use all_slides/Topic2A_Gates_and_Modelling.pdf, page 15>
Package pdftex.def Info: all_slides/Topic2A_Gates_and_Modelling.pdf , page15 us
ed on input line 9.
(pdftex.def)             Requested size: 364.40741pt x 204.97916pt.
File: all_slides/Topic2A_Gates_and_Modelling.pdf Graphic file (type pdf)
<use all_slides/Topic2A_Gates_and_Modelling.pdf, page 15>
Package pdftex.def Info: all_slides/Topic2A_Gates_and_Modelling.pdf , page15 us
ed on input line 9.
(pdftex.def)             Requested size: 364.40741pt x 204.97916pt.


File: all_slides/Topic2A_Gates_and_Modelling.pdf Graphic file (type pdf)
<use all_slides/Topic2A_Gates_and_Modelling.pdf, page 15>
Package pdftex.def Info: all_slides/Topic2A_Gates_and_Modelling.pdf , page15 us
ed on input line 9.
(pdftex.def)             Requested size: 364.40741pt x 204.97916pt.
[44

 <./all_slides/Topic2A_Gates_and_Modelling.pdf>]
<all_slides/Topic2B_Combinational_Components.pdf, id=1829, 963.6pt x 542.025pt>

File: all_slides/Topic2B_Combinational_Components.pdf Graphic file (type pdf)
<use all_slides/Topic2B_Combinational_Components.pdf>
Package pdftex.def Info: all_slides/Topic2B_Combinational_Components.pdf  used 
on input line 10.
(pdftex.def)             Requested size: 963.59766pt x 542.02367pt.
<all_slides/Topic2B_Combinational_Components.pdf, id=1831, page=1, 963.6pt x 54
2.025pt>
File: all_slides/Topic2B_Combinational_Components.pdf Graphic file (type pdf)
<use all_slides/Topic2B_Combinational_Components.pdf, page 1>
Package pdftex.def Info: all_slides/Topic2B_Combinational_Components.pdf , page
1 used on input line 10.
(pdftex.def)             Requested size: 963.59766pt x 542.02367pt.
File: all_slides/Topic2B_Combinational_Components.pdf Graphic file (type pdf)
<use all_slides/Topic2B_Combinational_Components.pdf, page 1>
Package pdftex.def Info: all_slides/Topic2B_Combinational_Components.pdf , page
1 used on input line 10.
(pdftex.def)             Requested size: 364.40741pt x 204.97916pt.
File: all_slides/Topic2B_Combinational_Components.pdf Graphic file (type pdf)
<use all_slides/Topic2B_Combinational_Components.pdf, page 1>
Package pdftex.def Info: all_slides/Topic2B_Combinational_Components.pdf , page
1 used on input line 10.
(pdftex.def)             Requested size: 364.40741pt x 204.97916pt.
File: all_slides/Topic2B_Combinational_Components.pdf Graphic file (type pdf)
<use all_slides/Topic2B_Combinational_Components.pdf, page 1>
Package pdftex.def Info: all_slides/Topic2B_Combinational_Components.pdf , page
1 used on input line 10.
(pdftex.def)             Requested size: 364.40741pt x 204.97916pt.


File: all_slides/Topic2B_Combinational_Components.pdf Graphic file (type pdf)
<use all_slides/Topic2B_Combinational_Components.pdf, page 1>
Package pdftex.def Info: all_slides/Topic2B_Combinational_Components.pdf , page
1 used on input line 10.
(pdftex.def)             Requested size: 364.40741pt x 204.97916pt.
[45

 <./all_slides/Topic2B_Combinational_Components.pdf>]
<all_slides/Topic2B_Combinational_Components.pdf, id=1877, page=2, 963.6pt x 54
2.025pt>
File: all_slides/Topic2B_Combinational_Components.pdf Graphic file (type pdf)
<use all_slides/Topic2B_Combinational_Components.pdf, page 2>
Package pdftex.def Info: all_slides/Topic2B_Combinational_Components.pdf , page
2 used on input line 10.
(pdftex.def)             Requested size: 364.40741pt x 204.97916pt.
File: all_slides/Topic2B_Combinational_Components.pdf Graphic file (type pdf)
<use all_slides/Topic2B_Combinational_Components.pdf, page 2>
Package pdftex.def Info: all_slides/Topic2B_Combinational_Components.pdf , page
2 used on input line 10.
(pdftex.def)             Requested size: 364.40741pt x 204.97916pt.


File: all_slides/Topic2B_Combinational_Components.pdf Graphic file (type pdf)
<use all_slides/Topic2B_Combinational_Components.pdf, page 2>
Package pdftex.def Info: all_slides/Topic2B_Combinational_Components.pdf , page
2 used on input line 10.
(pdftex.def)             Requested size: 364.40741pt x 204.97916pt.
[46

 <./all_slides/Topic2B_Combinational_Components.pdf>]
<all_slides/Topic2B_Combinational_Components.pdf, id=1927, page=3, 963.6pt x 54
2.025pt>
File: all_slides/Topic2B_Combinational_Components.pdf Graphic file (type pdf)
<use all_slides/Topic2B_Combinational_Components.pdf, page 3>
Package pdftex.def Info: all_slides/Topic2B_Combinational_Components.pdf , page
3 used on input line 10.
(pdftex.def)             Requested size: 364.40741pt x 204.97916pt.
File: all_slides/Topic2B_Combinational_Components.pdf Graphic file (type pdf)
<use all_slides/Topic2B_Combinational_Components.pdf, page 3>
Package pdftex.def Info: all_slides/Topic2B_Combinational_Components.pdf , page
3 used on input line 10.
(pdftex.def)             Requested size: 364.40741pt x 204.97916pt.


File: all_slides/Topic2B_Combinational_Components.pdf Graphic file (type pdf)
<use all_slides/Topic2B_Combinational_Components.pdf, page 3>
Package pdftex.def Info: all_slides/Topic2B_Combinational_Components.pdf , page
3 used on input line 10.
(pdftex.def)             Requested size: 364.40741pt x 204.97916pt.
[47

 <./all_slides/Topic2B_Combinational_Components.pdf>]
<all_slides/Topic2B_Combinational_Components.pdf, id=2002, page=4, 963.6pt x 54
2.025pt>
File: all_slides/Topic2B_Combinational_Components.pdf Graphic file (type pdf)
<use all_slides/Topic2B_Combinational_Components.pdf, page 4>
Package pdftex.def Info: all_slides/Topic2B_Combinational_Components.pdf , page
4 used on input line 10.
(pdftex.def)             Requested size: 364.40741pt x 204.97916pt.
File: all_slides/Topic2B_Combinational_Components.pdf Graphic file (type pdf)
<use all_slides/Topic2B_Combinational_Components.pdf, page 4>
Package pdftex.def Info: all_slides/Topic2B_Combinational_Components.pdf , page
4 used on input line 10.
(pdftex.def)             Requested size: 364.40741pt x 204.97916pt.


File: all_slides/Topic2B_Combinational_Components.pdf Graphic file (type pdf)
<use all_slides/Topic2B_Combinational_Components.pdf, page 4>
Package pdftex.def Info: all_slides/Topic2B_Combinational_Components.pdf , page
4 used on input line 10.
(pdftex.def)             Requested size: 364.40741pt x 204.97916pt.
[48

 <./all_slides/Topic2B_Combinational_Components.pdf>]
<all_slides/Topic2B_Combinational_Components.pdf, id=2066, page=5, 963.6pt x 54
2.025pt>
File: all_slides/Topic2B_Combinational_Components.pdf Graphic file (type pdf)
<use all_slides/Topic2B_Combinational_Components.pdf, page 5>
Package pdftex.def Info: all_slides/Topic2B_Combinational_Components.pdf , page
5 used on input line 10.
(pdftex.def)             Requested size: 364.40741pt x 204.97916pt.
File: all_slides/Topic2B_Combinational_Components.pdf Graphic file (type pdf)
<use all_slides/Topic2B_Combinational_Components.pdf, page 5>
Package pdftex.def Info: all_slides/Topic2B_Combinational_Components.pdf , page
5 used on input line 10.
(pdftex.def)             Requested size: 364.40741pt x 204.97916pt.


File: all_slides/Topic2B_Combinational_Components.pdf Graphic file (type pdf)
<use all_slides/Topic2B_Combinational_Components.pdf, page 5>
Package pdftex.def Info: all_slides/Topic2B_Combinational_Components.pdf , page
5 used on input line 10.
(pdftex.def)             Requested size: 364.40741pt x 204.97916pt.
[49

 <./all_slides/Topic2B_Combinational_Components.pdf>]
<all_slides/Topic2B_Combinational_Components.pdf, id=2124, page=6, 963.6pt x 54
2.025pt>
File: all_slides/Topic2B_Combinational_Components.pdf Graphic file (type pdf)
<use all_slides/Topic2B_Combinational_Components.pdf, page 6>
Package pdftex.def Info: all_slides/Topic2B_Combinational_Components.pdf , page
6 used on input line 10.
(pdftex.def)             Requested size: 364.40741pt x 204.97916pt.
File: all_slides/Topic2B_Combinational_Components.pdf Graphic file (type pdf)
<use all_slides/Topic2B_Combinational_Components.pdf, page 6>
Package pdftex.def Info: all_slides/Topic2B_Combinational_Components.pdf , page
6 used on input line 10.
(pdftex.def)             Requested size: 364.40741pt x 204.97916pt.


File: all_slides/Topic2B_Combinational_Components.pdf Graphic file (type pdf)
<use all_slides/Topic2B_Combinational_Components.pdf, page 6>
Package pdftex.def Info: all_slides/Topic2B_Combinational_Components.pdf , page
6 used on input line 10.
(pdftex.def)             Requested size: 364.40741pt x 204.97916pt.
[50

 <./all_slides/Topic2B_Combinational_Components.pdf>]
<all_slides/Topic2B_Combinational_Components.pdf, id=2369, page=7, 963.6pt x 54
2.025pt>
File: all_slides/Topic2B_Combinational_Components.pdf Graphic file (type pdf)
<use all_slides/Topic2B_Combinational_Components.pdf, page 7>
Package pdftex.def Info: all_slides/Topic2B_Combinational_Components.pdf , page
7 used on input line 10.
(pdftex.def)             Requested size: 364.40741pt x 204.97916pt.
File: all_slides/Topic2B_Combinational_Components.pdf Graphic file (type pdf)
<use all_slides/Topic2B_Combinational_Components.pdf, page 7>
Package pdftex.def Info: all_slides/Topic2B_Combinational_Components.pdf , page
7 used on input line 10.
(pdftex.def)             Requested size: 364.40741pt x 204.97916pt.


File: all_slides/Topic2B_Combinational_Components.pdf Graphic file (type pdf)
<use all_slides/Topic2B_Combinational_Components.pdf, page 7>
Package pdftex.def Info: all_slides/Topic2B_Combinational_Components.pdf , page
7 used on input line 10.
(pdftex.def)             Requested size: 364.40741pt x 204.97916pt.
[51

 <./all_slides/Topic2B_Combinational_Components.pdf>]
<all_slides/Topic2B_Combinational_Components.pdf, id=2459, page=8, 963.6pt x 54
2.025pt>
File: all_slides/Topic2B_Combinational_Components.pdf Graphic file (type pdf)
<use all_slides/Topic2B_Combinational_Components.pdf, page 8>
Package pdftex.def Info: all_slides/Topic2B_Combinational_Components.pdf , page
8 used on input line 10.
(pdftex.def)             Requested size: 364.40741pt x 204.97916pt.
File: all_slides/Topic2B_Combinational_Components.pdf Graphic file (type pdf)
<use all_slides/Topic2B_Combinational_Components.pdf, page 8>
Package pdftex.def Info: all_slides/Topic2B_Combinational_Components.pdf , page
8 used on input line 10.
(pdftex.def)             Requested size: 364.40741pt x 204.97916pt.


File: all_slides/Topic2B_Combinational_Components.pdf Graphic file (type pdf)
<use all_slides/Topic2B_Combinational_Components.pdf, page 8>
Package pdftex.def Info: all_slides/Topic2B_Combinational_Components.pdf , page
8 used on input line 10.
(pdftex.def)             Requested size: 364.40741pt x 204.97916pt.
[52

 <./all_slides/Topic2B_Combinational_Components.pdf>]
<all_slides/Topic2B_Combinational_Components.pdf, id=2523, page=9, 963.6pt x 54
2.025pt>
File: all_slides/Topic2B_Combinational_Components.pdf Graphic file (type pdf)
<use all_slides/Topic2B_Combinational_Components.pdf, page 9>
Package pdftex.def Info: all_slides/Topic2B_Combinational_Components.pdf , page
9 used on input line 10.
(pdftex.def)             Requested size: 364.40741pt x 204.97916pt.
File: all_slides/Topic2B_Combinational_Components.pdf Graphic file (type pdf)
<use all_slides/Topic2B_Combinational_Components.pdf, page 9>
Package pdftex.def Info: all_slides/Topic2B_Combinational_Components.pdf , page
9 used on input line 10.
(pdftex.def)             Requested size: 364.40741pt x 204.97916pt.


File: all_slides/Topic2B_Combinational_Components.pdf Graphic file (type pdf)
<use all_slides/Topic2B_Combinational_Components.pdf, page 9>
Package pdftex.def Info: all_slides/Topic2B_Combinational_Components.pdf , page
9 used on input line 10.
(pdftex.def)             Requested size: 364.40741pt x 204.97916pt.
[53

 <./all_slides/Topic2B_Combinational_Components.pdf>]
<all_slides/Topic2B_Combinational_Components.pdf, id=2569, page=10, 963.6pt x 5
42.025pt>
File: all_slides/Topic2B_Combinational_Components.pdf Graphic file (type pdf)
<use all_slides/Topic2B_Combinational_Components.pdf, page 10>
Package pdftex.def Info: all_slides/Topic2B_Combinational_Components.pdf , page
10 used on input line 10.
(pdftex.def)             Requested size: 364.40741pt x 204.97916pt.
File: all_slides/Topic2B_Combinational_Components.pdf Graphic file (type pdf)
<use all_slides/Topic2B_Combinational_Components.pdf, page 10>
Package pdftex.def Info: all_slides/Topic2B_Combinational_Components.pdf , page
10 used on input line 10.
(pdftex.def)             Requested size: 364.40741pt x 204.97916pt.


File: all_slides/Topic2B_Combinational_Components.pdf Graphic file (type pdf)
<use all_slides/Topic2B_Combinational_Components.pdf, page 10>
Package pdftex.def Info: all_slides/Topic2B_Combinational_Components.pdf , page
10 used on input line 10.
(pdftex.def)             Requested size: 364.40741pt x 204.97916pt.
[54

 <./all_slides/Topic2B_Combinational_Components.pdf>]
<all_slides/Topic2B_Combinational_Components.pdf, id=2601, page=11, 963.6pt x 5
42.025pt>
File: all_slides/Topic2B_Combinational_Components.pdf Graphic file (type pdf)
<use all_slides/Topic2B_Combinational_Components.pdf, page 11>
Package pdftex.def Info: all_slides/Topic2B_Combinational_Components.pdf , page
11 used on input line 10.
(pdftex.def)             Requested size: 364.40741pt x 204.97916pt.
File: all_slides/Topic2B_Combinational_Components.pdf Graphic file (type pdf)
<use all_slides/Topic2B_Combinational_Components.pdf, page 11>
Package pdftex.def Info: all_slides/Topic2B_Combinational_Components.pdf , page
11 used on input line 10.
(pdftex.def)             Requested size: 364.40741pt x 204.97916pt.


File: all_slides/Topic2B_Combinational_Components.pdf Graphic file (type pdf)
<use all_slides/Topic2B_Combinational_Components.pdf, page 11>
Package pdftex.def Info: all_slides/Topic2B_Combinational_Components.pdf , page
11 used on input line 10.
(pdftex.def)             Requested size: 364.40741pt x 204.97916pt.
[55

 <./all_slides/Topic2B_Combinational_Components.pdf>]
<all_slides/Topic2B_Combinational_Components.pdf, id=2674, page=12, 963.6pt x 5
42.025pt>
File: all_slides/Topic2B_Combinational_Components.pdf Graphic file (type pdf)
<use all_slides/Topic2B_Combinational_Components.pdf, page 12>
Package pdftex.def Info: all_slides/Topic2B_Combinational_Components.pdf , page
12 used on input line 10.
(pdftex.def)             Requested size: 364.40741pt x 204.97916pt.
File: all_slides/Topic2B_Combinational_Components.pdf Graphic file (type pdf)
<use all_slides/Topic2B_Combinational_Components.pdf, page 12>
Package pdftex.def Info: all_slides/Topic2B_Combinational_Components.pdf , page
12 used on input line 10.
(pdftex.def)             Requested size: 364.40741pt x 204.97916pt.


File: all_slides/Topic2B_Combinational_Components.pdf Graphic file (type pdf)
<use all_slides/Topic2B_Combinational_Components.pdf, page 12>
Package pdftex.def Info: all_slides/Topic2B_Combinational_Components.pdf , page
12 used on input line 10.
(pdftex.def)             Requested size: 364.40741pt x 204.97916pt.
[56

 <./all_slides/Topic2B_Combinational_Components.pdf>]
<all_slides/Topic2B_Combinational_Components.pdf, id=2715, page=13, 963.6pt x 5
42.025pt>
File: all_slides/Topic2B_Combinational_Components.pdf Graphic file (type pdf)
<use all_slides/Topic2B_Combinational_Components.pdf, page 13>
Package pdftex.def Info: all_slides/Topic2B_Combinational_Components.pdf , page
13 used on input line 10.
(pdftex.def)             Requested size: 364.40741pt x 204.97916pt.
File: all_slides/Topic2B_Combinational_Components.pdf Graphic file (type pdf)
<use all_slides/Topic2B_Combinational_Components.pdf, page 13>
Package pdftex.def Info: all_slides/Topic2B_Combinational_Components.pdf , page
13 used on input line 10.
(pdftex.def)             Requested size: 364.40741pt x 204.97916pt.


File: all_slides/Topic2B_Combinational_Components.pdf Graphic file (type pdf)
<use all_slides/Topic2B_Combinational_Components.pdf, page 13>
Package pdftex.def Info: all_slides/Topic2B_Combinational_Components.pdf , page
13 used on input line 10.
(pdftex.def)             Requested size: 364.40741pt x 204.97916pt.
[57

 <./all_slides/Topic2B_Combinational_Components.pdf>]
<all_slides/Topic2B_Combinational_Components.pdf, id=2766, page=14, 963.6pt x 5
42.025pt>
File: all_slides/Topic2B_Combinational_Components.pdf Graphic file (type pdf)
<use all_slides/Topic2B_Combinational_Components.pdf, page 14>
Package pdftex.def Info: all_slides/Topic2B_Combinational_Components.pdf , page
14 used on input line 10.
(pdftex.def)             Requested size: 364.40741pt x 204.97916pt.
File: all_slides/Topic2B_Combinational_Components.pdf Graphic file (type pdf)
<use all_slides/Topic2B_Combinational_Components.pdf, page 14>
Package pdftex.def Info: all_slides/Topic2B_Combinational_Components.pdf , page
14 used on input line 10.
(pdftex.def)             Requested size: 364.40741pt x 204.97916pt.


File: all_slides/Topic2B_Combinational_Components.pdf Graphic file (type pdf)
<use all_slides/Topic2B_Combinational_Components.pdf, page 14>
Package pdftex.def Info: all_slides/Topic2B_Combinational_Components.pdf , page
14 used on input line 10.
(pdftex.def)             Requested size: 364.40741pt x 204.97916pt.
[58

 <./all_slides/Topic2B_Combinational_Components.pdf>]
<all_slides/Topic2B_Combinational_Components.pdf, id=2809, page=15, 963.6pt x 5
42.025pt>
File: all_slides/Topic2B_Combinational_Components.pdf Graphic file (type pdf)
<use all_slides/Topic2B_Combinational_Components.pdf, page 15>
Package pdftex.def Info: all_slides/Topic2B_Combinational_Components.pdf , page
15 used on input line 10.
(pdftex.def)             Requested size: 364.40741pt x 204.97916pt.
File: all_slides/Topic2B_Combinational_Components.pdf Graphic file (type pdf)
<use all_slides/Topic2B_Combinational_Components.pdf, page 15>
Package pdftex.def Info: all_slides/Topic2B_Combinational_Components.pdf , page
15 used on input line 10.
(pdftex.def)             Requested size: 364.40741pt x 204.97916pt.


File: all_slides/Topic2B_Combinational_Components.pdf Graphic file (type pdf)
<use all_slides/Topic2B_Combinational_Components.pdf, page 15>
Package pdftex.def Info: all_slides/Topic2B_Combinational_Components.pdf , page
15 used on input line 10.
(pdftex.def)             Requested size: 364.40741pt x 204.97916pt.
[59

 <./all_slides/Topic2B_Combinational_Components.pdf>]
<all_slides/Topic2B_Combinational_Components.pdf, id=2866, page=16, 963.6pt x 5
42.025pt>
File: all_slides/Topic2B_Combinational_Components.pdf Graphic file (type pdf)
<use all_slides/Topic2B_Combinational_Components.pdf, page 16>
Package pdftex.def Info: all_slides/Topic2B_Combinational_Components.pdf , page
16 used on input line 10.
(pdftex.def)             Requested size: 364.40741pt x 204.97916pt.
File: all_slides/Topic2B_Combinational_Components.pdf Graphic file (type pdf)
<use all_slides/Topic2B_Combinational_Components.pdf, page 16>
Package pdftex.def Info: all_slides/Topic2B_Combinational_Components.pdf , page
16 used on input line 10.
(pdftex.def)             Requested size: 364.40741pt x 204.97916pt.


File: all_slides/Topic2B_Combinational_Components.pdf Graphic file (type pdf)
<use all_slides/Topic2B_Combinational_Components.pdf, page 16>
Package pdftex.def Info: all_slides/Topic2B_Combinational_Components.pdf , page
16 used on input line 10.
(pdftex.def)             Requested size: 364.40741pt x 204.97916pt.
[60

 <./all_slides/Topic2B_Combinational_Components.pdf>]
<all_slides/Topic2B_Combinational_Components.pdf, id=2905, page=17, 963.6pt x 5
42.025pt>
File: all_slides/Topic2B_Combinational_Components.pdf Graphic file (type pdf)
<use all_slides/Topic2B_Combinational_Components.pdf, page 17>
Package pdftex.def Info: all_slides/Topic2B_Combinational_Components.pdf , page
17 used on input line 10.
(pdftex.def)             Requested size: 364.40741pt x 204.97916pt.
File: all_slides/Topic2B_Combinational_Components.pdf Graphic file (type pdf)
<use all_slides/Topic2B_Combinational_Components.pdf, page 17>
Package pdftex.def Info: all_slides/Topic2B_Combinational_Components.pdf , page
17 used on input line 10.
(pdftex.def)             Requested size: 364.40741pt x 204.97916pt.


File: all_slides/Topic2B_Combinational_Components.pdf Graphic file (type pdf)
<use all_slides/Topic2B_Combinational_Components.pdf, page 17>
Package pdftex.def Info: all_slides/Topic2B_Combinational_Components.pdf , page
17 used on input line 10.
(pdftex.def)             Requested size: 364.40741pt x 204.97916pt.
[61

 <./all_slides/Topic2B_Combinational_Components.pdf>]
<all_slides/Topic2B_Combinational_Components.pdf, id=2938, page=18, 963.6pt x 5
42.025pt>
File: all_slides/Topic2B_Combinational_Components.pdf Graphic file (type pdf)
<use all_slides/Topic2B_Combinational_Components.pdf, page 18>
Package pdftex.def Info: all_slides/Topic2B_Combinational_Components.pdf , page
18 used on input line 10.
(pdftex.def)             Requested size: 364.40741pt x 204.97916pt.
File: all_slides/Topic2B_Combinational_Components.pdf Graphic file (type pdf)
<use all_slides/Topic2B_Combinational_Components.pdf, page 18>
Package pdftex.def Info: all_slides/Topic2B_Combinational_Components.pdf , page
18 used on input line 10.
(pdftex.def)             Requested size: 364.40741pt x 204.97916pt.


File: all_slides/Topic2B_Combinational_Components.pdf Graphic file (type pdf)
<use all_slides/Topic2B_Combinational_Components.pdf, page 18>
Package pdftex.def Info: all_slides/Topic2B_Combinational_Components.pdf , page
18 used on input line 10.
(pdftex.def)             Requested size: 364.40741pt x 204.97916pt.
[62

 <./all_slides/Topic2B_Combinational_Components.pdf>]
<all_slides/Topic2B_Combinational_Components.pdf, id=2976, page=19, 963.6pt x 5
42.025pt>
File: all_slides/Topic2B_Combinational_Components.pdf Graphic file (type pdf)
<use all_slides/Topic2B_Combinational_Components.pdf, page 19>
Package pdftex.def Info: all_slides/Topic2B_Combinational_Components.pdf , page
19 used on input line 10.
(pdftex.def)             Requested size: 364.40741pt x 204.97916pt.
File: all_slides/Topic2B_Combinational_Components.pdf Graphic file (type pdf)
<use all_slides/Topic2B_Combinational_Components.pdf, page 19>
Package pdftex.def Info: all_slides/Topic2B_Combinational_Components.pdf , page
19 used on input line 10.
(pdftex.def)             Requested size: 364.40741pt x 204.97916pt.


File: all_slides/Topic2B_Combinational_Components.pdf Graphic file (type pdf)
<use all_slides/Topic2B_Combinational_Components.pdf, page 19>
Package pdftex.def Info: all_slides/Topic2B_Combinational_Components.pdf , page
19 used on input line 10.
(pdftex.def)             Requested size: 364.40741pt x 204.97916pt.
[63

 <./all_slides/Topic2B_Combinational_Components.pdf>]
<all_slides/Topic2B_Combinational_Components.pdf, id=3010, page=20, 963.6pt x 5
42.025pt>
File: all_slides/Topic2B_Combinational_Components.pdf Graphic file (type pdf)
<use all_slides/Topic2B_Combinational_Components.pdf, page 20>
Package pdftex.def Info: all_slides/Topic2B_Combinational_Components.pdf , page
20 used on input line 10.
(pdftex.def)             Requested size: 364.40741pt x 204.97916pt.
File: all_slides/Topic2B_Combinational_Components.pdf Graphic file (type pdf)
<use all_slides/Topic2B_Combinational_Components.pdf, page 20>
Package pdftex.def Info: all_slides/Topic2B_Combinational_Components.pdf , page
20 used on input line 10.
(pdftex.def)             Requested size: 364.40741pt x 204.97916pt.


File: all_slides/Topic2B_Combinational_Components.pdf Graphic file (type pdf)
<use all_slides/Topic2B_Combinational_Components.pdf, page 20>
Package pdftex.def Info: all_slides/Topic2B_Combinational_Components.pdf , page
20 used on input line 10.
(pdftex.def)             Requested size: 364.40741pt x 204.97916pt.
[64

 <./all_slides/Topic2B_Combinational_Components.pdf>]
<all_slides/Topic2B_Combinational_Components.pdf, id=3047, page=21, 963.6pt x 5
42.025pt>
File: all_slides/Topic2B_Combinational_Components.pdf Graphic file (type pdf)
<use all_slides/Topic2B_Combinational_Components.pdf, page 21>
Package pdftex.def Info: all_slides/Topic2B_Combinational_Components.pdf , page
21 used on input line 10.
(pdftex.def)             Requested size: 364.40741pt x 204.97916pt.
File: all_slides/Topic2B_Combinational_Components.pdf Graphic file (type pdf)
<use all_slides/Topic2B_Combinational_Components.pdf, page 21>
Package pdftex.def Info: all_slides/Topic2B_Combinational_Components.pdf , page
21 used on input line 10.
(pdftex.def)             Requested size: 364.40741pt x 204.97916pt.


File: all_slides/Topic2B_Combinational_Components.pdf Graphic file (type pdf)
<use all_slides/Topic2B_Combinational_Components.pdf, page 21>
Package pdftex.def Info: all_slides/Topic2B_Combinational_Components.pdf , page
21 used on input line 10.
(pdftex.def)             Requested size: 364.40741pt x 204.97916pt.
[65

 <./all_slides/Topic2B_Combinational_Components.pdf>]
<all_slides/Topic2B_Combinational_Components.pdf, id=3119, page=22, 963.6pt x 5
42.025pt>
File: all_slides/Topic2B_Combinational_Components.pdf Graphic file (type pdf)
<use all_slides/Topic2B_Combinational_Components.pdf, page 22>
Package pdftex.def Info: all_slides/Topic2B_Combinational_Components.pdf , page
22 used on input line 10.
(pdftex.def)             Requested size: 364.40741pt x 204.97916pt.
File: all_slides/Topic2B_Combinational_Components.pdf Graphic file (type pdf)
<use all_slides/Topic2B_Combinational_Components.pdf, page 22>
Package pdftex.def Info: all_slides/Topic2B_Combinational_Components.pdf , page
22 used on input line 10.
(pdftex.def)             Requested size: 364.40741pt x 204.97916pt.


File: all_slides/Topic2B_Combinational_Components.pdf Graphic file (type pdf)
<use all_slides/Topic2B_Combinational_Components.pdf, page 22>
Package pdftex.def Info: all_slides/Topic2B_Combinational_Components.pdf , page
22 used on input line 10.
(pdftex.def)             Requested size: 364.40741pt x 204.97916pt.
[66

 <./all_slides/Topic2B_Combinational_Components.pdf>]
<all_slides/Topic2B_Combinational_Components.pdf, id=3159, page=23, 963.6pt x 5
42.025pt>
File: all_slides/Topic2B_Combinational_Components.pdf Graphic file (type pdf)
<use all_slides/Topic2B_Combinational_Components.pdf, page 23>
Package pdftex.def Info: all_slides/Topic2B_Combinational_Components.pdf , page
23 used on input line 10.
(pdftex.def)             Requested size: 364.40741pt x 204.97916pt.
File: all_slides/Topic2B_Combinational_Components.pdf Graphic file (type pdf)
<use all_slides/Topic2B_Combinational_Components.pdf, page 23>
Package pdftex.def Info: all_slides/Topic2B_Combinational_Components.pdf , page
23 used on input line 10.
(pdftex.def)             Requested size: 364.40741pt x 204.97916pt.


File: all_slides/Topic2B_Combinational_Components.pdf Graphic file (type pdf)
<use all_slides/Topic2B_Combinational_Components.pdf, page 23>
Package pdftex.def Info: all_slides/Topic2B_Combinational_Components.pdf , page
23 used on input line 10.
(pdftex.def)             Requested size: 364.40741pt x 204.97916pt.
[67

 <./all_slides/Topic2B_Combinational_Components.pdf>]
<all_slides/Topic2B_Combinational_Components.pdf, id=3219, page=24, 963.6pt x 5
42.025pt>
File: all_slides/Topic2B_Combinational_Components.pdf Graphic file (type pdf)
<use all_slides/Topic2B_Combinational_Components.pdf, page 24>
Package pdftex.def Info: all_slides/Topic2B_Combinational_Components.pdf , page
24 used on input line 10.
(pdftex.def)             Requested size: 364.40741pt x 204.97916pt.
File: all_slides/Topic2B_Combinational_Components.pdf Graphic file (type pdf)
<use all_slides/Topic2B_Combinational_Components.pdf, page 24>
Package pdftex.def Info: all_slides/Topic2B_Combinational_Components.pdf , page
24 used on input line 10.
(pdftex.def)             Requested size: 364.40741pt x 204.97916pt.


File: all_slides/Topic2B_Combinational_Components.pdf Graphic file (type pdf)
<use all_slides/Topic2B_Combinational_Components.pdf, page 24>
Package pdftex.def Info: all_slides/Topic2B_Combinational_Components.pdf , page
24 used on input line 10.
(pdftex.def)             Requested size: 364.40741pt x 204.97916pt.
[68

 <./all_slides/Topic2B_Combinational_Components.pdf>]
<all_slides/Topic2B_Combinational_Components.pdf, id=3262, page=25, 963.6pt x 5
42.025pt>
File: all_slides/Topic2B_Combinational_Components.pdf Graphic file (type pdf)
<use all_slides/Topic2B_Combinational_Components.pdf, page 25>
Package pdftex.def Info: all_slides/Topic2B_Combinational_Components.pdf , page
25 used on input line 10.
(pdftex.def)             Requested size: 364.40741pt x 204.97916pt.
File: all_slides/Topic2B_Combinational_Components.pdf Graphic file (type pdf)
<use all_slides/Topic2B_Combinational_Components.pdf, page 25>
Package pdftex.def Info: all_slides/Topic2B_Combinational_Components.pdf , page
25 used on input line 10.
(pdftex.def)             Requested size: 364.40741pt x 204.97916pt.


File: all_slides/Topic2B_Combinational_Components.pdf Graphic file (type pdf)
<use all_slides/Topic2B_Combinational_Components.pdf, page 25>
Package pdftex.def Info: all_slides/Topic2B_Combinational_Components.pdf , page
25 used on input line 10.
(pdftex.def)             Requested size: 364.40741pt x 204.97916pt.
[69

 <./all_slides/Topic2B_Combinational_Components.pdf>]
<all_slides/Topic2B_Combinational_Components.pdf, id=3315, page=26, 963.6pt x 5
42.025pt>
File: all_slides/Topic2B_Combinational_Components.pdf Graphic file (type pdf)
<use all_slides/Topic2B_Combinational_Components.pdf, page 26>
Package pdftex.def Info: all_slides/Topic2B_Combinational_Components.pdf , page
26 used on input line 10.
(pdftex.def)             Requested size: 364.40741pt x 204.97916pt.
File: all_slides/Topic2B_Combinational_Components.pdf Graphic file (type pdf)
<use all_slides/Topic2B_Combinational_Components.pdf, page 26>
Package pdftex.def Info: all_slides/Topic2B_Combinational_Components.pdf , page
26 used on input line 10.
(pdftex.def)             Requested size: 364.40741pt x 204.97916pt.


File: all_slides/Topic2B_Combinational_Components.pdf Graphic file (type pdf)
<use all_slides/Topic2B_Combinational_Components.pdf, page 26>
Package pdftex.def Info: all_slides/Topic2B_Combinational_Components.pdf , page
26 used on input line 10.
(pdftex.def)             Requested size: 364.40741pt x 204.97916pt.
[70

 <./all_slides/Topic2B_Combinational_Components.pdf>]
<all_slides/Topic2B_Combinational_Components.pdf, id=3358, page=27, 963.6pt x 5
42.025pt>
File: all_slides/Topic2B_Combinational_Components.pdf Graphic file (type pdf)
<use all_slides/Topic2B_Combinational_Components.pdf, page 27>
Package pdftex.def Info: all_slides/Topic2B_Combinational_Components.pdf , page
27 used on input line 10.
(pdftex.def)             Requested size: 364.40741pt x 204.97916pt.
File: all_slides/Topic2B_Combinational_Components.pdf Graphic file (type pdf)
<use all_slides/Topic2B_Combinational_Components.pdf, page 27>
Package pdftex.def Info: all_slides/Topic2B_Combinational_Components.pdf , page
27 used on input line 10.
(pdftex.def)             Requested size: 364.40741pt x 204.97916pt.


File: all_slides/Topic2B_Combinational_Components.pdf Graphic file (type pdf)
<use all_slides/Topic2B_Combinational_Components.pdf, page 27>
Package pdftex.def Info: all_slides/Topic2B_Combinational_Components.pdf , page
27 used on input line 10.
(pdftex.def)             Requested size: 364.40741pt x 204.97916pt.
[71

 <./all_slides/Topic2B_Combinational_Components.pdf>]
<all_slides/Topic2B_Combinational_Components.pdf, id=3430, page=28, 963.6pt x 5
42.025pt>
File: all_slides/Topic2B_Combinational_Components.pdf Graphic file (type pdf)
<use all_slides/Topic2B_Combinational_Components.pdf, page 28>
Package pdftex.def Info: all_slides/Topic2B_Combinational_Components.pdf , page
28 used on input line 10.
(pdftex.def)             Requested size: 364.40741pt x 204.97916pt.
File: all_slides/Topic2B_Combinational_Components.pdf Graphic file (type pdf)
<use all_slides/Topic2B_Combinational_Components.pdf, page 28>
Package pdftex.def Info: all_slides/Topic2B_Combinational_Components.pdf , page
28 used on input line 10.
(pdftex.def)             Requested size: 364.40741pt x 204.97916pt.


File: all_slides/Topic2B_Combinational_Components.pdf Graphic file (type pdf)
<use all_slides/Topic2B_Combinational_Components.pdf, page 28>
Package pdftex.def Info: all_slides/Topic2B_Combinational_Components.pdf , page
28 used on input line 10.
(pdftex.def)             Requested size: 364.40741pt x 204.97916pt.
[72

 <./all_slides/Topic2B_Combinational_Components.pdf>]
<all_slides/Topic2B_Combinational_Components.pdf, id=3466, page=29, 963.6pt x 5
42.025pt>
File: all_slides/Topic2B_Combinational_Components.pdf Graphic file (type pdf)
<use all_slides/Topic2B_Combinational_Components.pdf, page 29>
Package pdftex.def Info: all_slides/Topic2B_Combinational_Components.pdf , page
29 used on input line 10.
(pdftex.def)             Requested size: 364.40741pt x 204.97916pt.
File: all_slides/Topic2B_Combinational_Components.pdf Graphic file (type pdf)
<use all_slides/Topic2B_Combinational_Components.pdf, page 29>
Package pdftex.def Info: all_slides/Topic2B_Combinational_Components.pdf , page
29 used on input line 10.
(pdftex.def)             Requested size: 364.40741pt x 204.97916pt.


File: all_slides/Topic2B_Combinational_Components.pdf Graphic file (type pdf)
<use all_slides/Topic2B_Combinational_Components.pdf, page 29>
Package pdftex.def Info: all_slides/Topic2B_Combinational_Components.pdf , page
29 used on input line 10.
(pdftex.def)             Requested size: 364.40741pt x 204.97916pt.
[73

 <./all_slides/Topic2B_Combinational_Components.pdf>]
<all_slides/Topic2B_Combinational_Components.pdf, id=3504, page=30, 963.6pt x 5
42.025pt>
File: all_slides/Topic2B_Combinational_Components.pdf Graphic file (type pdf)
<use all_slides/Topic2B_Combinational_Components.pdf, page 30>
Package pdftex.def Info: all_slides/Topic2B_Combinational_Components.pdf , page
30 used on input line 10.
(pdftex.def)             Requested size: 364.40741pt x 204.97916pt.
File: all_slides/Topic2B_Combinational_Components.pdf Graphic file (type pdf)
<use all_slides/Topic2B_Combinational_Components.pdf, page 30>
Package pdftex.def Info: all_slides/Topic2B_Combinational_Components.pdf , page
30 used on input line 10.
(pdftex.def)             Requested size: 364.40741pt x 204.97916pt.


File: all_slides/Topic2B_Combinational_Components.pdf Graphic file (type pdf)
<use all_slides/Topic2B_Combinational_Components.pdf, page 30>
Package pdftex.def Info: all_slides/Topic2B_Combinational_Components.pdf , page
30 used on input line 10.
(pdftex.def)             Requested size: 364.40741pt x 204.97916pt.
[74

 <./all_slides/Topic2B_Combinational_Components.pdf>]
<all_slides/Topic2B_Combinational_Components.pdf, id=3538, page=31, 963.6pt x 5
42.025pt>
File: all_slides/Topic2B_Combinational_Components.pdf Graphic file (type pdf)
<use all_slides/Topic2B_Combinational_Components.pdf, page 31>
Package pdftex.def Info: all_slides/Topic2B_Combinational_Components.pdf , page
31 used on input line 10.
(pdftex.def)             Requested size: 364.40741pt x 204.97916pt.
File: all_slides/Topic2B_Combinational_Components.pdf Graphic file (type pdf)
<use all_slides/Topic2B_Combinational_Components.pdf, page 31>
Package pdftex.def Info: all_slides/Topic2B_Combinational_Components.pdf , page
31 used on input line 10.
(pdftex.def)             Requested size: 364.40741pt x 204.97916pt.


File: all_slides/Topic2B_Combinational_Components.pdf Graphic file (type pdf)
<use all_slides/Topic2B_Combinational_Components.pdf, page 31>
Package pdftex.def Info: all_slides/Topic2B_Combinational_Components.pdf , page
31 used on input line 10.
(pdftex.def)             Requested size: 364.40741pt x 204.97916pt.
[75

 <./all_slides/Topic2B_Combinational_Components.pdf>]
<all_slides/Topic2B_Combinational_Components.pdf, id=3574, page=32, 963.6pt x 5
42.025pt>
File: all_slides/Topic2B_Combinational_Components.pdf Graphic file (type pdf)
<use all_slides/Topic2B_Combinational_Components.pdf, page 32>
Package pdftex.def Info: all_slides/Topic2B_Combinational_Components.pdf , page
32 used on input line 10.
(pdftex.def)             Requested size: 364.40741pt x 204.97916pt.
File: all_slides/Topic2B_Combinational_Components.pdf Graphic file (type pdf)
<use all_slides/Topic2B_Combinational_Components.pdf, page 32>
Package pdftex.def Info: all_slides/Topic2B_Combinational_Components.pdf , page
32 used on input line 10.
(pdftex.def)             Requested size: 364.40741pt x 204.97916pt.


File: all_slides/Topic2B_Combinational_Components.pdf Graphic file (type pdf)
<use all_slides/Topic2B_Combinational_Components.pdf, page 32>
Package pdftex.def Info: all_slides/Topic2B_Combinational_Components.pdf , page
32 used on input line 10.
(pdftex.def)             Requested size: 364.40741pt x 204.97916pt.
[76

 <./all_slides/Topic2B_Combinational_Components.pdf>]
<all_slides/Topic2B_Combinational_Components.pdf, id=3611, page=33, 963.6pt x 5
42.025pt>
File: all_slides/Topic2B_Combinational_Components.pdf Graphic file (type pdf)
<use all_slides/Topic2B_Combinational_Components.pdf, page 33>
Package pdftex.def Info: all_slides/Topic2B_Combinational_Components.pdf , page
33 used on input line 10.
(pdftex.def)             Requested size: 364.40741pt x 204.97916pt.
File: all_slides/Topic2B_Combinational_Components.pdf Graphic file (type pdf)
<use all_slides/Topic2B_Combinational_Components.pdf, page 33>
Package pdftex.def Info: all_slides/Topic2B_Combinational_Components.pdf , page
33 used on input line 10.
(pdftex.def)             Requested size: 364.40741pt x 204.97916pt.


File: all_slides/Topic2B_Combinational_Components.pdf Graphic file (type pdf)
<use all_slides/Topic2B_Combinational_Components.pdf, page 33>
Package pdftex.def Info: all_slides/Topic2B_Combinational_Components.pdf , page
33 used on input line 10.
(pdftex.def)             Requested size: 364.40741pt x 204.97916pt.
[77

 <./all_slides/Topic2B_Combinational_Components.pdf>]
<all_slides/Topic2B_Combinational_Components.pdf, id=3668, page=34, 963.6pt x 5
42.025pt>
File: all_slides/Topic2B_Combinational_Components.pdf Graphic file (type pdf)
<use all_slides/Topic2B_Combinational_Components.pdf, page 34>
Package pdftex.def Info: all_slides/Topic2B_Combinational_Components.pdf , page
34 used on input line 10.
(pdftex.def)             Requested size: 364.40741pt x 204.97916pt.
File: all_slides/Topic2B_Combinational_Components.pdf Graphic file (type pdf)
<use all_slides/Topic2B_Combinational_Components.pdf, page 34>
Package pdftex.def Info: all_slides/Topic2B_Combinational_Components.pdf , page
34 used on input line 10.
(pdftex.def)             Requested size: 364.40741pt x 204.97916pt.


File: all_slides/Topic2B_Combinational_Components.pdf Graphic file (type pdf)
<use all_slides/Topic2B_Combinational_Components.pdf, page 34>
Package pdftex.def Info: all_slides/Topic2B_Combinational_Components.pdf , page
34 used on input line 10.
(pdftex.def)             Requested size: 364.40741pt x 204.97916pt.
[78

 <./all_slides/Topic2B_Combinational_Components.pdf>]
<all_slides/Topic2B_Combinational_Components.pdf, id=3781, page=35, 963.6pt x 5
42.025pt>
File: all_slides/Topic2B_Combinational_Components.pdf Graphic file (type pdf)
<use all_slides/Topic2B_Combinational_Components.pdf, page 35>
Package pdftex.def Info: all_slides/Topic2B_Combinational_Components.pdf , page
35 used on input line 10.
(pdftex.def)             Requested size: 364.40741pt x 204.97916pt.
File: all_slides/Topic2B_Combinational_Components.pdf Graphic file (type pdf)
<use all_slides/Topic2B_Combinational_Components.pdf, page 35>
Package pdftex.def Info: all_slides/Topic2B_Combinational_Components.pdf , page
35 used on input line 10.
(pdftex.def)             Requested size: 364.40741pt x 204.97916pt.


File: all_slides/Topic2B_Combinational_Components.pdf Graphic file (type pdf)
<use all_slides/Topic2B_Combinational_Components.pdf, page 35>
Package pdftex.def Info: all_slides/Topic2B_Combinational_Components.pdf , page
35 used on input line 10.
(pdftex.def)             Requested size: 364.40741pt x 204.97916pt.
[79

 <./all_slides/Topic2B_Combinational_Components.pdf>]
<all_slides/Topic2B_Combinational_Components.pdf, id=3852, page=36, 963.6pt x 5
42.025pt>
File: all_slides/Topic2B_Combinational_Components.pdf Graphic file (type pdf)
<use all_slides/Topic2B_Combinational_Components.pdf, page 36>
Package pdftex.def Info: all_slides/Topic2B_Combinational_Components.pdf , page
36 used on input line 10.
(pdftex.def)             Requested size: 364.40741pt x 204.97916pt.
File: all_slides/Topic2B_Combinational_Components.pdf Graphic file (type pdf)
<use all_slides/Topic2B_Combinational_Components.pdf, page 36>
Package pdftex.def Info: all_slides/Topic2B_Combinational_Components.pdf , page
36 used on input line 10.
(pdftex.def)             Requested size: 364.40741pt x 204.97916pt.


File: all_slides/Topic2B_Combinational_Components.pdf Graphic file (type pdf)
<use all_slides/Topic2B_Combinational_Components.pdf, page 36>
Package pdftex.def Info: all_slides/Topic2B_Combinational_Components.pdf , page
36 used on input line 10.
(pdftex.def)             Requested size: 364.40741pt x 204.97916pt.
[80

 <./all_slides/Topic2B_Combinational_Components.pdf>]
<all_slides/Topic2B_Combinational_Components.pdf, id=3972, page=37, 963.6pt x 5
42.025pt>
File: all_slides/Topic2B_Combinational_Components.pdf Graphic file (type pdf)
<use all_slides/Topic2B_Combinational_Components.pdf, page 37>
Package pdftex.def Info: all_slides/Topic2B_Combinational_Components.pdf , page
37 used on input line 10.
(pdftex.def)             Requested size: 364.40741pt x 204.97916pt.
File: all_slides/Topic2B_Combinational_Components.pdf Graphic file (type pdf)
<use all_slides/Topic2B_Combinational_Components.pdf, page 37>
Package pdftex.def Info: all_slides/Topic2B_Combinational_Components.pdf , page
37 used on input line 10.
(pdftex.def)             Requested size: 364.40741pt x 204.97916pt.


File: all_slides/Topic2B_Combinational_Components.pdf Graphic file (type pdf)
<use all_slides/Topic2B_Combinational_Components.pdf, page 37>
Package pdftex.def Info: all_slides/Topic2B_Combinational_Components.pdf , page
37 used on input line 10.
(pdftex.def)             Requested size: 364.40741pt x 204.97916pt.
[81

 <./all_slides/Topic2B_Combinational_Components.pdf>]
<all_slides/Topic2B_Combinational_Components.pdf, id=4019, page=38, 963.6pt x 5
42.025pt>
File: all_slides/Topic2B_Combinational_Components.pdf Graphic file (type pdf)
<use all_slides/Topic2B_Combinational_Components.pdf, page 38>
Package pdftex.def Info: all_slides/Topic2B_Combinational_Components.pdf , page
38 used on input line 10.
(pdftex.def)             Requested size: 364.40741pt x 204.97916pt.
File: all_slides/Topic2B_Combinational_Components.pdf Graphic file (type pdf)
<use all_slides/Topic2B_Combinational_Components.pdf, page 38>
Package pdftex.def Info: all_slides/Topic2B_Combinational_Components.pdf , page
38 used on input line 10.
(pdftex.def)             Requested size: 364.40741pt x 204.97916pt.


File: all_slides/Topic2B_Combinational_Components.pdf Graphic file (type pdf)
<use all_slides/Topic2B_Combinational_Components.pdf, page 38>
Package pdftex.def Info: all_slides/Topic2B_Combinational_Components.pdf , page
38 used on input line 10.
(pdftex.def)             Requested size: 364.40741pt x 204.97916pt.
[82

 <./all_slides/Topic2B_Combinational_Components.pdf>]
<all_slides/Topic2B_Combinational_Components.pdf, id=4050, page=39, 963.6pt x 5
42.025pt>
File: all_slides/Topic2B_Combinational_Components.pdf Graphic file (type pdf)
<use all_slides/Topic2B_Combinational_Components.pdf, page 39>
Package pdftex.def Info: all_slides/Topic2B_Combinational_Components.pdf , page
39 used on input line 10.
(pdftex.def)             Requested size: 364.40741pt x 204.97916pt.
File: all_slides/Topic2B_Combinational_Components.pdf Graphic file (type pdf)
<use all_slides/Topic2B_Combinational_Components.pdf, page 39>
Package pdftex.def Info: all_slides/Topic2B_Combinational_Components.pdf , page
39 used on input line 10.
(pdftex.def)             Requested size: 364.40741pt x 204.97916pt.


File: all_slides/Topic2B_Combinational_Components.pdf Graphic file (type pdf)
<use all_slides/Topic2B_Combinational_Components.pdf, page 39>
Package pdftex.def Info: all_slides/Topic2B_Combinational_Components.pdf , page
39 used on input line 10.
(pdftex.def)             Requested size: 364.40741pt x 204.97916pt.
[83

 <./all_slides/Topic2B_Combinational_Components.pdf>]
<all_slides/Topic2B_Combinational_Components.pdf, id=4088, page=40, 963.6pt x 5
42.025pt>
File: all_slides/Topic2B_Combinational_Components.pdf Graphic file (type pdf)
<use all_slides/Topic2B_Combinational_Components.pdf, page 40>
Package pdftex.def Info: all_slides/Topic2B_Combinational_Components.pdf , page
40 used on input line 10.
(pdftex.def)             Requested size: 364.40741pt x 204.97916pt.
File: all_slides/Topic2B_Combinational_Components.pdf Graphic file (type pdf)
<use all_slides/Topic2B_Combinational_Components.pdf, page 40>
Package pdftex.def Info: all_slides/Topic2B_Combinational_Components.pdf , page
40 used on input line 10.
(pdftex.def)             Requested size: 364.40741pt x 204.97916pt.


File: all_slides/Topic2B_Combinational_Components.pdf Graphic file (type pdf)
<use all_slides/Topic2B_Combinational_Components.pdf, page 40>
Package pdftex.def Info: all_slides/Topic2B_Combinational_Components.pdf , page
40 used on input line 10.
(pdftex.def)             Requested size: 364.40741pt x 204.97916pt.
[84

 <./all_slides/Topic2B_Combinational_Components.pdf>]
<all_slides/Topic2B_Combinational_Components.pdf, id=4119, page=41, 963.6pt x 5
42.025pt>
File: all_slides/Topic2B_Combinational_Components.pdf Graphic file (type pdf)
<use all_slides/Topic2B_Combinational_Components.pdf, page 41>
Package pdftex.def Info: all_slides/Topic2B_Combinational_Components.pdf , page
41 used on input line 10.
(pdftex.def)             Requested size: 364.40741pt x 204.97916pt.
File: all_slides/Topic2B_Combinational_Components.pdf Graphic file (type pdf)
<use all_slides/Topic2B_Combinational_Components.pdf, page 41>
Package pdftex.def Info: all_slides/Topic2B_Combinational_Components.pdf , page
41 used on input line 10.
(pdftex.def)             Requested size: 364.40741pt x 204.97916pt.


File: all_slides/Topic2B_Combinational_Components.pdf Graphic file (type pdf)
<use all_slides/Topic2B_Combinational_Components.pdf, page 41>
Package pdftex.def Info: all_slides/Topic2B_Combinational_Components.pdf , page
41 used on input line 10.
(pdftex.def)             Requested size: 364.40741pt x 204.97916pt.
[85

 <./all_slides/Topic2B_Combinational_Components.pdf>]
<all_slides/Topic2B_Combinational_Components.pdf, id=4152, page=42, 963.6pt x 5
42.025pt>
File: all_slides/Topic2B_Combinational_Components.pdf Graphic file (type pdf)
<use all_slides/Topic2B_Combinational_Components.pdf, page 42>
Package pdftex.def Info: all_slides/Topic2B_Combinational_Components.pdf , page
42 used on input line 10.
(pdftex.def)             Requested size: 364.40741pt x 204.97916pt.
File: all_slides/Topic2B_Combinational_Components.pdf Graphic file (type pdf)
<use all_slides/Topic2B_Combinational_Components.pdf, page 42>
Package pdftex.def Info: all_slides/Topic2B_Combinational_Components.pdf , page
42 used on input line 10.
(pdftex.def)             Requested size: 364.40741pt x 204.97916pt.


File: all_slides/Topic2B_Combinational_Components.pdf Graphic file (type pdf)
<use all_slides/Topic2B_Combinational_Components.pdf, page 42>
Package pdftex.def Info: all_slides/Topic2B_Combinational_Components.pdf , page
42 used on input line 10.
(pdftex.def)             Requested size: 364.40741pt x 204.97916pt.
[86

 <./all_slides/Topic2B_Combinational_Components.pdf>]
<all_slides/Topic2B_Combinational_Components.pdf, id=4186, page=43, 963.6pt x 5
42.025pt>
File: all_slides/Topic2B_Combinational_Components.pdf Graphic file (type pdf)
<use all_slides/Topic2B_Combinational_Components.pdf, page 43>
Package pdftex.def Info: all_slides/Topic2B_Combinational_Components.pdf , page
43 used on input line 10.
(pdftex.def)             Requested size: 364.40741pt x 204.97916pt.
File: all_slides/Topic2B_Combinational_Components.pdf Graphic file (type pdf)
<use all_slides/Topic2B_Combinational_Components.pdf, page 43>
Package pdftex.def Info: all_slides/Topic2B_Combinational_Components.pdf , page
43 used on input line 10.
(pdftex.def)             Requested size: 364.40741pt x 204.97916pt.


File: all_slides/Topic2B_Combinational_Components.pdf Graphic file (type pdf)
<use all_slides/Topic2B_Combinational_Components.pdf, page 43>
Package pdftex.def Info: all_slides/Topic2B_Combinational_Components.pdf , page
43 used on input line 10.
(pdftex.def)             Requested size: 364.40741pt x 204.97916pt.
[87

 <./all_slides/Topic2B_Combinational_Components.pdf>]
<all_slides/Topic2B_Combinational_Components.pdf, id=4236, page=44, 963.6pt x 5
42.025pt>
File: all_slides/Topic2B_Combinational_Components.pdf Graphic file (type pdf)
<use all_slides/Topic2B_Combinational_Components.pdf, page 44>
Package pdftex.def Info: all_slides/Topic2B_Combinational_Components.pdf , page
44 used on input line 10.
(pdftex.def)             Requested size: 364.40741pt x 204.97916pt.
File: all_slides/Topic2B_Combinational_Components.pdf Graphic file (type pdf)
<use all_slides/Topic2B_Combinational_Components.pdf, page 44>
Package pdftex.def Info: all_slides/Topic2B_Combinational_Components.pdf , page
44 used on input line 10.
(pdftex.def)             Requested size: 364.40741pt x 204.97916pt.


File: all_slides/Topic2B_Combinational_Components.pdf Graphic file (type pdf)
<use all_slides/Topic2B_Combinational_Components.pdf, page 44>
Package pdftex.def Info: all_slides/Topic2B_Combinational_Components.pdf , page
44 used on input line 10.
(pdftex.def)             Requested size: 364.40741pt x 204.97916pt.
[88

 <./all_slides/Topic2B_Combinational_Components.pdf>]
<all_slides/Topic2B_Combinational_Components.pdf, id=4270, page=45, 963.6pt x 5
42.025pt>
File: all_slides/Topic2B_Combinational_Components.pdf Graphic file (type pdf)
<use all_slides/Topic2B_Combinational_Components.pdf, page 45>
Package pdftex.def Info: all_slides/Topic2B_Combinational_Components.pdf , page
45 used on input line 10.
(pdftex.def)             Requested size: 364.40741pt x 204.97916pt.
File: all_slides/Topic2B_Combinational_Components.pdf Graphic file (type pdf)
<use all_slides/Topic2B_Combinational_Components.pdf, page 45>
Package pdftex.def Info: all_slides/Topic2B_Combinational_Components.pdf , page
45 used on input line 10.
(pdftex.def)             Requested size: 364.40741pt x 204.97916pt.


File: all_slides/Topic2B_Combinational_Components.pdf Graphic file (type pdf)
<use all_slides/Topic2B_Combinational_Components.pdf, page 45>
Package pdftex.def Info: all_slides/Topic2B_Combinational_Components.pdf , page
45 used on input line 10.
(pdftex.def)             Requested size: 364.40741pt x 204.97916pt.
[89

 <./all_slides/Topic2B_Combinational_Components.pdf>]
<all_slides/Topic2C_SystemVerilog_Constructs.pdf, id=4301, 963.6pt x 542.025pt>

File: all_slides/Topic2C_SystemVerilog_Constructs.pdf Graphic file (type pdf)
<use all_slides/Topic2C_SystemVerilog_Constructs.pdf>
Package pdftex.def Info: all_slides/Topic2C_SystemVerilog_Constructs.pdf  used 
on input line 11.
(pdftex.def)             Requested size: 963.59766pt x 542.02367pt.
<all_slides/Topic2C_SystemVerilog_Constructs.pdf, id=4303, page=1, 963.6pt x 54
2.025pt>
File: all_slides/Topic2C_SystemVerilog_Constructs.pdf Graphic file (type pdf)
<use all_slides/Topic2C_SystemVerilog_Constructs.pdf, page 1>
Package pdftex.def Info: all_slides/Topic2C_SystemVerilog_Constructs.pdf , page
1 used on input line 11.
(pdftex.def)             Requested size: 963.59766pt x 542.02367pt.
File: all_slides/Topic2C_SystemVerilog_Constructs.pdf Graphic file (type pdf)
<use all_slides/Topic2C_SystemVerilog_Constructs.pdf, page 1>
Package pdftex.def Info: all_slides/Topic2C_SystemVerilog_Constructs.pdf , page
1 used on input line 11.
(pdftex.def)             Requested size: 364.40741pt x 204.97916pt.
File: all_slides/Topic2C_SystemVerilog_Constructs.pdf Graphic file (type pdf)
<use all_slides/Topic2C_SystemVerilog_Constructs.pdf, page 1>
Package pdftex.def Info: all_slides/Topic2C_SystemVerilog_Constructs.pdf , page
1 used on input line 11.
(pdftex.def)             Requested size: 364.40741pt x 204.97916pt.
File: all_slides/Topic2C_SystemVerilog_Constructs.pdf Graphic file (type pdf)
<use all_slides/Topic2C_SystemVerilog_Constructs.pdf, page 1>
Package pdftex.def Info: all_slides/Topic2C_SystemVerilog_Constructs.pdf , page
1 used on input line 11.
(pdftex.def)             Requested size: 364.40741pt x 204.97916pt.


File: all_slides/Topic2C_SystemVerilog_Constructs.pdf Graphic file (type pdf)
<use all_slides/Topic2C_SystemVerilog_Constructs.pdf, page 1>
Package pdftex.def Info: all_slides/Topic2C_SystemVerilog_Constructs.pdf , page
1 used on input line 11.
(pdftex.def)             Requested size: 364.40741pt x 204.97916pt.
[90

 <./all_slides/Topic2C_SystemVerilog_Constructs.pdf>]
<all_slides/Topic2C_SystemVerilog_Constructs.pdf, id=4355, page=2, 963.6pt x 54
2.025pt>
File: all_slides/Topic2C_SystemVerilog_Constructs.pdf Graphic file (type pdf)
<use all_slides/Topic2C_SystemVerilog_Constructs.pdf, page 2>
Package pdftex.def Info: all_slides/Topic2C_SystemVerilog_Constructs.pdf , page
2 used on input line 11.
(pdftex.def)             Requested size: 364.40741pt x 204.97916pt.
File: all_slides/Topic2C_SystemVerilog_Constructs.pdf Graphic file (type pdf)
<use all_slides/Topic2C_SystemVerilog_Constructs.pdf, page 2>
Package pdftex.def Info: all_slides/Topic2C_SystemVerilog_Constructs.pdf , page
2 used on input line 11.
(pdftex.def)             Requested size: 364.40741pt x 204.97916pt.


File: all_slides/Topic2C_SystemVerilog_Constructs.pdf Graphic file (type pdf)
<use all_slides/Topic2C_SystemVerilog_Constructs.pdf, page 2>
Package pdftex.def Info: all_slides/Topic2C_SystemVerilog_Constructs.pdf , page
2 used on input line 11.
(pdftex.def)             Requested size: 364.40741pt x 204.97916pt.
[91

 <./all_slides/Topic2C_SystemVerilog_Constructs.pdf>]
<all_slides/Topic2C_SystemVerilog_Constructs.pdf, id=4400, page=3, 963.6pt x 54
2.025pt>
File: all_slides/Topic2C_SystemVerilog_Constructs.pdf Graphic file (type pdf)
<use all_slides/Topic2C_SystemVerilog_Constructs.pdf, page 3>
Package pdftex.def Info: all_slides/Topic2C_SystemVerilog_Constructs.pdf , page
3 used on input line 11.
(pdftex.def)             Requested size: 364.40741pt x 204.97916pt.
File: all_slides/Topic2C_SystemVerilog_Constructs.pdf Graphic file (type pdf)
<use all_slides/Topic2C_SystemVerilog_Constructs.pdf, page 3>
Package pdftex.def Info: all_slides/Topic2C_SystemVerilog_Constructs.pdf , page
3 used on input line 11.
(pdftex.def)             Requested size: 364.40741pt x 204.97916pt.


File: all_slides/Topic2C_SystemVerilog_Constructs.pdf Graphic file (type pdf)
<use all_slides/Topic2C_SystemVerilog_Constructs.pdf, page 3>
Package pdftex.def Info: all_slides/Topic2C_SystemVerilog_Constructs.pdf , page
3 used on input line 11.
(pdftex.def)             Requested size: 364.40741pt x 204.97916pt.
[92

 <./all_slides/Topic2C_SystemVerilog_Constructs.pdf>]
<all_slides/Topic2C_SystemVerilog_Constructs.pdf, id=4495, page=4, 963.6pt x 54
2.025pt>
File: all_slides/Topic2C_SystemVerilog_Constructs.pdf Graphic file (type pdf)
<use all_slides/Topic2C_SystemVerilog_Constructs.pdf, page 4>
Package pdftex.def Info: all_slides/Topic2C_SystemVerilog_Constructs.pdf , page
4 used on input line 11.
(pdftex.def)             Requested size: 364.40741pt x 204.97916pt.
File: all_slides/Topic2C_SystemVerilog_Constructs.pdf Graphic file (type pdf)
<use all_slides/Topic2C_SystemVerilog_Constructs.pdf, page 4>
Package pdftex.def Info: all_slides/Topic2C_SystemVerilog_Constructs.pdf , page
4 used on input line 11.
(pdftex.def)             Requested size: 364.40741pt x 204.97916pt.


File: all_slides/Topic2C_SystemVerilog_Constructs.pdf Graphic file (type pdf)
<use all_slides/Topic2C_SystemVerilog_Constructs.pdf, page 4>
Package pdftex.def Info: all_slides/Topic2C_SystemVerilog_Constructs.pdf , page
4 used on input line 11.
(pdftex.def)             Requested size: 364.40741pt x 204.97916pt.
[93

 <./all_slides/Topic2C_SystemVerilog_Constructs.pdf>]
<all_slides/Topic2C_SystemVerilog_Constructs.pdf, id=4551, page=5, 963.6pt x 54
2.025pt>
File: all_slides/Topic2C_SystemVerilog_Constructs.pdf Graphic file (type pdf)
<use all_slides/Topic2C_SystemVerilog_Constructs.pdf, page 5>
Package pdftex.def Info: all_slides/Topic2C_SystemVerilog_Constructs.pdf , page
5 used on input line 11.
(pdftex.def)             Requested size: 364.40741pt x 204.97916pt.
File: all_slides/Topic2C_SystemVerilog_Constructs.pdf Graphic file (type pdf)
<use all_slides/Topic2C_SystemVerilog_Constructs.pdf, page 5>
Package pdftex.def Info: all_slides/Topic2C_SystemVerilog_Constructs.pdf , page
5 used on input line 11.
(pdftex.def)             Requested size: 364.40741pt x 204.97916pt.


File: all_slides/Topic2C_SystemVerilog_Constructs.pdf Graphic file (type pdf)
<use all_slides/Topic2C_SystemVerilog_Constructs.pdf, page 5>
Package pdftex.def Info: all_slides/Topic2C_SystemVerilog_Constructs.pdf , page
5 used on input line 11.
(pdftex.def)             Requested size: 364.40741pt x 204.97916pt.
[94

 <./all_slides/Topic2C_SystemVerilog_Constructs.pdf>]
<all_slides/Topic2C_SystemVerilog_Constructs.pdf, id=4599, page=6, 963.6pt x 54
2.025pt>
File: all_slides/Topic2C_SystemVerilog_Constructs.pdf Graphic file (type pdf)
<use all_slides/Topic2C_SystemVerilog_Constructs.pdf, page 6>
Package pdftex.def Info: all_slides/Topic2C_SystemVerilog_Constructs.pdf , page
6 used on input line 11.
(pdftex.def)             Requested size: 364.40741pt x 204.97916pt.
File: all_slides/Topic2C_SystemVerilog_Constructs.pdf Graphic file (type pdf)
<use all_slides/Topic2C_SystemVerilog_Constructs.pdf, page 6>
Package pdftex.def Info: all_slides/Topic2C_SystemVerilog_Constructs.pdf , page
6 used on input line 11.
(pdftex.def)             Requested size: 364.40741pt x 204.97916pt.


File: all_slides/Topic2C_SystemVerilog_Constructs.pdf Graphic file (type pdf)
<use all_slides/Topic2C_SystemVerilog_Constructs.pdf, page 6>
Package pdftex.def Info: all_slides/Topic2C_SystemVerilog_Constructs.pdf , page
6 used on input line 11.
(pdftex.def)             Requested size: 364.40741pt x 204.97916pt.
[95

 <./all_slides/Topic2C_SystemVerilog_Constructs.pdf>]
<all_slides/Topic2C_SystemVerilog_Constructs.pdf, id=4650, page=7, 963.6pt x 54
2.025pt>
File: all_slides/Topic2C_SystemVerilog_Constructs.pdf Graphic file (type pdf)
<use all_slides/Topic2C_SystemVerilog_Constructs.pdf, page 7>
Package pdftex.def Info: all_slides/Topic2C_SystemVerilog_Constructs.pdf , page
7 used on input line 11.
(pdftex.def)             Requested size: 364.40741pt x 204.97916pt.
File: all_slides/Topic2C_SystemVerilog_Constructs.pdf Graphic file (type pdf)
<use all_slides/Topic2C_SystemVerilog_Constructs.pdf, page 7>
Package pdftex.def Info: all_slides/Topic2C_SystemVerilog_Constructs.pdf , page
7 used on input line 11.
(pdftex.def)             Requested size: 364.40741pt x 204.97916pt.


File: all_slides/Topic2C_SystemVerilog_Constructs.pdf Graphic file (type pdf)
<use all_slides/Topic2C_SystemVerilog_Constructs.pdf, page 7>
Package pdftex.def Info: all_slides/Topic2C_SystemVerilog_Constructs.pdf , page
7 used on input line 11.
(pdftex.def)             Requested size: 364.40741pt x 204.97916pt.
[96

 <./all_slides/Topic2C_SystemVerilog_Constructs.pdf>]
<all_slides/Topic2C_SystemVerilog_Constructs.pdf, id=4728, page=8, 963.6pt x 54
2.025pt>
File: all_slides/Topic2C_SystemVerilog_Constructs.pdf Graphic file (type pdf)
<use all_slides/Topic2C_SystemVerilog_Constructs.pdf, page 8>
Package pdftex.def Info: all_slides/Topic2C_SystemVerilog_Constructs.pdf , page
8 used on input line 11.
(pdftex.def)             Requested size: 364.40741pt x 204.97916pt.
File: all_slides/Topic2C_SystemVerilog_Constructs.pdf Graphic file (type pdf)
<use all_slides/Topic2C_SystemVerilog_Constructs.pdf, page 8>
Package pdftex.def Info: all_slides/Topic2C_SystemVerilog_Constructs.pdf , page
8 used on input line 11.
(pdftex.def)             Requested size: 364.40741pt x 204.97916pt.


File: all_slides/Topic2C_SystemVerilog_Constructs.pdf Graphic file (type pdf)
<use all_slides/Topic2C_SystemVerilog_Constructs.pdf, page 8>
Package pdftex.def Info: all_slides/Topic2C_SystemVerilog_Constructs.pdf , page
8 used on input line 11.
(pdftex.def)             Requested size: 364.40741pt x 204.97916pt.
[97

 <./all_slides/Topic2C_SystemVerilog_Constructs.pdf>]
<all_slides/Topic2C_SystemVerilog_Constructs.pdf, id=4785, page=9, 963.6pt x 54
2.025pt>
File: all_slides/Topic2C_SystemVerilog_Constructs.pdf Graphic file (type pdf)
<use all_slides/Topic2C_SystemVerilog_Constructs.pdf, page 9>
Package pdftex.def Info: all_slides/Topic2C_SystemVerilog_Constructs.pdf , page
9 used on input line 11.
(pdftex.def)             Requested size: 364.40741pt x 204.97916pt.
File: all_slides/Topic2C_SystemVerilog_Constructs.pdf Graphic file (type pdf)
<use all_slides/Topic2C_SystemVerilog_Constructs.pdf, page 9>
Package pdftex.def Info: all_slides/Topic2C_SystemVerilog_Constructs.pdf , page
9 used on input line 11.
(pdftex.def)             Requested size: 364.40741pt x 204.97916pt.


File: all_slides/Topic2C_SystemVerilog_Constructs.pdf Graphic file (type pdf)
<use all_slides/Topic2C_SystemVerilog_Constructs.pdf, page 9>
Package pdftex.def Info: all_slides/Topic2C_SystemVerilog_Constructs.pdf , page
9 used on input line 11.
(pdftex.def)             Requested size: 364.40741pt x 204.97916pt.
[98

 <./all_slides/Topic2C_SystemVerilog_Constructs.pdf>]
<all_slides/Topic2C_SystemVerilog_Constructs.pdf, id=4823, page=10, 963.6pt x 5
42.025pt>
File: all_slides/Topic2C_SystemVerilog_Constructs.pdf Graphic file (type pdf)
<use all_slides/Topic2C_SystemVerilog_Constructs.pdf, page 10>
Package pdftex.def Info: all_slides/Topic2C_SystemVerilog_Constructs.pdf , page
10 used on input line 11.
(pdftex.def)             Requested size: 364.40741pt x 204.97916pt.
File: all_slides/Topic2C_SystemVerilog_Constructs.pdf Graphic file (type pdf)
<use all_slides/Topic2C_SystemVerilog_Constructs.pdf, page 10>
Package pdftex.def Info: all_slides/Topic2C_SystemVerilog_Constructs.pdf , page
10 used on input line 11.
(pdftex.def)             Requested size: 364.40741pt x 204.97916pt.


File: all_slides/Topic2C_SystemVerilog_Constructs.pdf Graphic file (type pdf)
<use all_slides/Topic2C_SystemVerilog_Constructs.pdf, page 10>
Package pdftex.def Info: all_slides/Topic2C_SystemVerilog_Constructs.pdf , page
10 used on input line 11.
(pdftex.def)             Requested size: 364.40741pt x 204.97916pt.
[99

 <./all_slides/Topic2C_SystemVerilog_Constructs.pdf>]
<all_slides/Topic2C_SystemVerilog_Constructs.pdf, id=4868, page=11, 963.6pt x 5
42.025pt>
File: all_slides/Topic2C_SystemVerilog_Constructs.pdf Graphic file (type pdf)
<use all_slides/Topic2C_SystemVerilog_Constructs.pdf, page 11>
Package pdftex.def Info: all_slides/Topic2C_SystemVerilog_Constructs.pdf , page
11 used on input line 11.
(pdftex.def)             Requested size: 364.40741pt x 204.97916pt.
File: all_slides/Topic2C_SystemVerilog_Constructs.pdf Graphic file (type pdf)
<use all_slides/Topic2C_SystemVerilog_Constructs.pdf, page 11>
Package pdftex.def Info: all_slides/Topic2C_SystemVerilog_Constructs.pdf , page
11 used on input line 11.
(pdftex.def)             Requested size: 364.40741pt x 204.97916pt.


File: all_slides/Topic2C_SystemVerilog_Constructs.pdf Graphic file (type pdf)
<use all_slides/Topic2C_SystemVerilog_Constructs.pdf, page 11>
Package pdftex.def Info: all_slides/Topic2C_SystemVerilog_Constructs.pdf , page
11 used on input line 11.
(pdftex.def)             Requested size: 364.40741pt x 204.97916pt.
[100

 <./all_slides/Topic2C_SystemVerilog_Constructs.pdf>]
<all_slides/Topic2C_SystemVerilog_Constructs.pdf, id=4929, page=12, 963.6pt x 5
42.025pt>
File: all_slides/Topic2C_SystemVerilog_Constructs.pdf Graphic file (type pdf)
<use all_slides/Topic2C_SystemVerilog_Constructs.pdf, page 12>
Package pdftex.def Info: all_slides/Topic2C_SystemVerilog_Constructs.pdf , page
12 used on input line 11.
(pdftex.def)             Requested size: 364.40741pt x 204.97916pt.
File: all_slides/Topic2C_SystemVerilog_Constructs.pdf Graphic file (type pdf)
<use all_slides/Topic2C_SystemVerilog_Constructs.pdf, page 12>
Package pdftex.def Info: all_slides/Topic2C_SystemVerilog_Constructs.pdf , page
12 used on input line 11.
(pdftex.def)             Requested size: 364.40741pt x 204.97916pt.


File: all_slides/Topic2C_SystemVerilog_Constructs.pdf Graphic file (type pdf)
<use all_slides/Topic2C_SystemVerilog_Constructs.pdf, page 12>
Package pdftex.def Info: all_slides/Topic2C_SystemVerilog_Constructs.pdf , page
12 used on input line 11.
(pdftex.def)             Requested size: 364.40741pt x 204.97916pt.
[101

 <./all_slides/Topic2C_SystemVerilog_Constructs.pdf>]
<all_slides/Topic3_Sequential_Components.pdf, id=4962, 963.6pt x 542.025pt>
File: all_slides/Topic3_Sequential_Components.pdf Graphic file (type pdf)
<use all_slides/Topic3_Sequential_Components.pdf>
Package pdftex.def Info: all_slides/Topic3_Sequential_Components.pdf  used on i
nput line 12.
(pdftex.def)             Requested size: 963.59766pt x 542.02367pt.
<all_slides/Topic3_Sequential_Components.pdf, id=4964, page=1, 963.6pt x 542.02
5pt>
File: all_slides/Topic3_Sequential_Components.pdf Graphic file (type pdf)
<use all_slides/Topic3_Sequential_Components.pdf, page 1>
Package pdftex.def Info: all_slides/Topic3_Sequential_Components.pdf , page1 us
ed on input line 12.
(pdftex.def)             Requested size: 963.59766pt x 542.02367pt.
File: all_slides/Topic3_Sequential_Components.pdf Graphic file (type pdf)
<use all_slides/Topic3_Sequential_Components.pdf, page 1>
Package pdftex.def Info: all_slides/Topic3_Sequential_Components.pdf , page1 us
ed on input line 12.
(pdftex.def)             Requested size: 364.40741pt x 204.97916pt.
File: all_slides/Topic3_Sequential_Components.pdf Graphic file (type pdf)
<use all_slides/Topic3_Sequential_Components.pdf, page 1>
Package pdftex.def Info: all_slides/Topic3_Sequential_Components.pdf , page1 us
ed on input line 12.
(pdftex.def)             Requested size: 364.40741pt x 204.97916pt.
File: all_slides/Topic3_Sequential_Components.pdf Graphic file (type pdf)
<use all_slides/Topic3_Sequential_Components.pdf, page 1>
Package pdftex.def Info: all_slides/Topic3_Sequential_Components.pdf , page1 us
ed on input line 12.
(pdftex.def)             Requested size: 364.40741pt x 204.97916pt.


File: all_slides/Topic3_Sequential_Components.pdf Graphic file (type pdf)
<use all_slides/Topic3_Sequential_Components.pdf, page 1>
Package pdftex.def Info: all_slides/Topic3_Sequential_Components.pdf , page1 us
ed on input line 12.
(pdftex.def)             Requested size: 364.40741pt x 204.97916pt.
[102

 <./all_slides/Topic3_Sequential_Components.pdf>]
<all_slides/Topic3_Sequential_Components.pdf, id=5011, page=2, 963.6pt x 542.02
5pt>
File: all_slides/Topic3_Sequential_Components.pdf Graphic file (type pdf)
<use all_slides/Topic3_Sequential_Components.pdf, page 2>
Package pdftex.def Info: all_slides/Topic3_Sequential_Components.pdf , page2 us
ed on input line 12.
(pdftex.def)             Requested size: 364.40741pt x 204.97916pt.
File: all_slides/Topic3_Sequential_Components.pdf Graphic file (type pdf)
<use all_slides/Topic3_Sequential_Components.pdf, page 2>
Package pdftex.def Info: all_slides/Topic3_Sequential_Components.pdf , page2 us
ed on input line 12.
(pdftex.def)             Requested size: 364.40741pt x 204.97916pt.


File: all_slides/Topic3_Sequential_Components.pdf Graphic file (type pdf)
<use all_slides/Topic3_Sequential_Components.pdf, page 2>
Package pdftex.def Info: all_slides/Topic3_Sequential_Components.pdf , page2 us
ed on input line 12.
(pdftex.def)             Requested size: 364.40741pt x 204.97916pt.
[103

 <./all_slides/Topic3_Sequential_Components.pdf>]
<all_slides/Topic3_Sequential_Components.pdf, id=5047, page=3, 963.6pt x 542.02
5pt>
File: all_slides/Topic3_Sequential_Components.pdf Graphic file (type pdf)
<use all_slides/Topic3_Sequential_Components.pdf, page 3>
Package pdftex.def Info: all_slides/Topic3_Sequential_Components.pdf , page3 us
ed on input line 12.
(pdftex.def)             Requested size: 364.40741pt x 204.97916pt.
File: all_slides/Topic3_Sequential_Components.pdf Graphic file (type pdf)
<use all_slides/Topic3_Sequential_Components.pdf, page 3>
Package pdftex.def Info: all_slides/Topic3_Sequential_Components.pdf , page3 us
ed on input line 12.
(pdftex.def)             Requested size: 364.40741pt x 204.97916pt.


File: all_slides/Topic3_Sequential_Components.pdf Graphic file (type pdf)
<use all_slides/Topic3_Sequential_Components.pdf, page 3>
Package pdftex.def Info: all_slides/Topic3_Sequential_Components.pdf , page3 us
ed on input line 12.
(pdftex.def)             Requested size: 364.40741pt x 204.97916pt.
[104

 <./all_slides/Topic3_Sequential_Components.pdf>]
<all_slides/Topic3_Sequential_Components.pdf, id=5082, page=4, 963.6pt x 542.02
5pt>
File: all_slides/Topic3_Sequential_Components.pdf Graphic file (type pdf)
<use all_slides/Topic3_Sequential_Components.pdf, page 4>
Package pdftex.def Info: all_slides/Topic3_Sequential_Components.pdf , page4 us
ed on input line 12.
(pdftex.def)             Requested size: 364.40741pt x 204.97916pt.
File: all_slides/Topic3_Sequential_Components.pdf Graphic file (type pdf)
<use all_slides/Topic3_Sequential_Components.pdf, page 4>
Package pdftex.def Info: all_slides/Topic3_Sequential_Components.pdf , page4 us
ed on input line 12.
(pdftex.def)             Requested size: 364.40741pt x 204.97916pt.


File: all_slides/Topic3_Sequential_Components.pdf Graphic file (type pdf)
<use all_slides/Topic3_Sequential_Components.pdf, page 4>
Package pdftex.def Info: all_slides/Topic3_Sequential_Components.pdf , page4 us
ed on input line 12.
(pdftex.def)             Requested size: 364.40741pt x 204.97916pt.
[105

 <./all_slides/Topic3_Sequential_Components.pdf>]
<all_slides/Topic3_Sequential_Components.pdf, id=5114, page=5, 963.6pt x 542.02
5pt>
File: all_slides/Topic3_Sequential_Components.pdf Graphic file (type pdf)
<use all_slides/Topic3_Sequential_Components.pdf, page 5>
Package pdftex.def Info: all_slides/Topic3_Sequential_Components.pdf , page5 us
ed on input line 12.
(pdftex.def)             Requested size: 364.40741pt x 204.97916pt.
File: all_slides/Topic3_Sequential_Components.pdf Graphic file (type pdf)
<use all_slides/Topic3_Sequential_Components.pdf, page 5>
Package pdftex.def Info: all_slides/Topic3_Sequential_Components.pdf , page5 us
ed on input line 12.
(pdftex.def)             Requested size: 364.40741pt x 204.97916pt.


File: all_slides/Topic3_Sequential_Components.pdf Graphic file (type pdf)
<use all_slides/Topic3_Sequential_Components.pdf, page 5>
Package pdftex.def Info: all_slides/Topic3_Sequential_Components.pdf , page5 us
ed on input line 12.
(pdftex.def)             Requested size: 364.40741pt x 204.97916pt.
[106

 <./all_slides/Topic3_Sequential_Components.pdf>]
<all_slides/Topic3_Sequential_Components.pdf, id=5153, page=6, 963.6pt x 542.02
5pt>
File: all_slides/Topic3_Sequential_Components.pdf Graphic file (type pdf)
<use all_slides/Topic3_Sequential_Components.pdf, page 6>
Package pdftex.def Info: all_slides/Topic3_Sequential_Components.pdf , page6 us
ed on input line 12.
(pdftex.def)             Requested size: 364.40741pt x 204.97916pt.
File: all_slides/Topic3_Sequential_Components.pdf Graphic file (type pdf)
<use all_slides/Topic3_Sequential_Components.pdf, page 6>
Package pdftex.def Info: all_slides/Topic3_Sequential_Components.pdf , page6 us
ed on input line 12.
(pdftex.def)             Requested size: 364.40741pt x 204.97916pt.


File: all_slides/Topic3_Sequential_Components.pdf Graphic file (type pdf)
<use all_slides/Topic3_Sequential_Components.pdf, page 6>
Package pdftex.def Info: all_slides/Topic3_Sequential_Components.pdf , page6 us
ed on input line 12.
(pdftex.def)             Requested size: 364.40741pt x 204.97916pt.
[107

 <./all_slides/Topic3_Sequential_Components.pdf>]
<all_slides/Topic3_Sequential_Components.pdf, id=5191, page=7, 963.6pt x 542.02
5pt>
File: all_slides/Topic3_Sequential_Components.pdf Graphic file (type pdf)
<use all_slides/Topic3_Sequential_Components.pdf, page 7>
Package pdftex.def Info: all_slides/Topic3_Sequential_Components.pdf , page7 us
ed on input line 12.
(pdftex.def)             Requested size: 364.40741pt x 204.97916pt.
File: all_slides/Topic3_Sequential_Components.pdf Graphic file (type pdf)
<use all_slides/Topic3_Sequential_Components.pdf, page 7>
Package pdftex.def Info: all_slides/Topic3_Sequential_Components.pdf , page7 us
ed on input line 12.
(pdftex.def)             Requested size: 364.40741pt x 204.97916pt.


File: all_slides/Topic3_Sequential_Components.pdf Graphic file (type pdf)
<use all_slides/Topic3_Sequential_Components.pdf, page 7>
Package pdftex.def Info: all_slides/Topic3_Sequential_Components.pdf , page7 us
ed on input line 12.
(pdftex.def)             Requested size: 364.40741pt x 204.97916pt.
[108

 <./all_slides/Topic3_Sequential_Components.pdf>]
<all_slides/Topic3_Sequential_Components.pdf, id=5222, page=8, 963.6pt x 542.02
5pt>
File: all_slides/Topic3_Sequential_Components.pdf Graphic file (type pdf)
<use all_slides/Topic3_Sequential_Components.pdf, page 8>
Package pdftex.def Info: all_slides/Topic3_Sequential_Components.pdf , page8 us
ed on input line 12.
(pdftex.def)             Requested size: 364.40741pt x 204.97916pt.
File: all_slides/Topic3_Sequential_Components.pdf Graphic file (type pdf)
<use all_slides/Topic3_Sequential_Components.pdf, page 8>
Package pdftex.def Info: all_slides/Topic3_Sequential_Components.pdf , page8 us
ed on input line 12.
(pdftex.def)             Requested size: 364.40741pt x 204.97916pt.


File: all_slides/Topic3_Sequential_Components.pdf Graphic file (type pdf)
<use all_slides/Topic3_Sequential_Components.pdf, page 8>
Package pdftex.def Info: all_slides/Topic3_Sequential_Components.pdf , page8 us
ed on input line 12.
(pdftex.def)             Requested size: 364.40741pt x 204.97916pt.
[109

 <./all_slides/Topic3_Sequential_Components.pdf>]
<all_slides/Topic3_Sequential_Components.pdf, id=5258, page=9, 963.6pt x 542.02
5pt>
File: all_slides/Topic3_Sequential_Components.pdf Graphic file (type pdf)
<use all_slides/Topic3_Sequential_Components.pdf, page 9>
Package pdftex.def Info: all_slides/Topic3_Sequential_Components.pdf , page9 us
ed on input line 12.
(pdftex.def)             Requested size: 364.40741pt x 204.97916pt.
File: all_slides/Topic3_Sequential_Components.pdf Graphic file (type pdf)
<use all_slides/Topic3_Sequential_Components.pdf, page 9>
Package pdftex.def Info: all_slides/Topic3_Sequential_Components.pdf , page9 us
ed on input line 12.
(pdftex.def)             Requested size: 364.40741pt x 204.97916pt.


File: all_slides/Topic3_Sequential_Components.pdf Graphic file (type pdf)
<use all_slides/Topic3_Sequential_Components.pdf, page 9>
Package pdftex.def Info: all_slides/Topic3_Sequential_Components.pdf , page9 us
ed on input line 12.
(pdftex.def)             Requested size: 364.40741pt x 204.97916pt.
[110

 <./all_slides/Topic3_Sequential_Components.pdf>]
<all_slides/Topic3_Sequential_Components.pdf, id=5289, page=10, 963.6pt x 542.0
25pt>
File: all_slides/Topic3_Sequential_Components.pdf Graphic file (type pdf)
<use all_slides/Topic3_Sequential_Components.pdf, page 10>
Package pdftex.def Info: all_slides/Topic3_Sequential_Components.pdf , page10 u
sed on input line 12.
(pdftex.def)             Requested size: 364.40741pt x 204.97916pt.
File: all_slides/Topic3_Sequential_Components.pdf Graphic file (type pdf)
<use all_slides/Topic3_Sequential_Components.pdf, page 10>
Package pdftex.def Info: all_slides/Topic3_Sequential_Components.pdf , page10 u
sed on input line 12.
(pdftex.def)             Requested size: 364.40741pt x 204.97916pt.


File: all_slides/Topic3_Sequential_Components.pdf Graphic file (type pdf)
<use all_slides/Topic3_Sequential_Components.pdf, page 10>
Package pdftex.def Info: all_slides/Topic3_Sequential_Components.pdf , page10 u
sed on input line 12.
(pdftex.def)             Requested size: 364.40741pt x 204.97916pt.
[111

 <./all_slides/Topic3_Sequential_Components.pdf>]
<all_slides/Topic3_Sequential_Components.pdf, id=5324, page=11, 963.6pt x 542.0
25pt>
File: all_slides/Topic3_Sequential_Components.pdf Graphic file (type pdf)
<use all_slides/Topic3_Sequential_Components.pdf, page 11>
Package pdftex.def Info: all_slides/Topic3_Sequential_Components.pdf , page11 u
sed on input line 12.
(pdftex.def)             Requested size: 364.40741pt x 204.97916pt.
File: all_slides/Topic3_Sequential_Components.pdf Graphic file (type pdf)
<use all_slides/Topic3_Sequential_Components.pdf, page 11>
Package pdftex.def Info: all_slides/Topic3_Sequential_Components.pdf , page11 u
sed on input line 12.
(pdftex.def)             Requested size: 364.40741pt x 204.97916pt.


File: all_slides/Topic3_Sequential_Components.pdf Graphic file (type pdf)
<use all_slides/Topic3_Sequential_Components.pdf, page 11>
Package pdftex.def Info: all_slides/Topic3_Sequential_Components.pdf , page11 u
sed on input line 12.
(pdftex.def)             Requested size: 364.40741pt x 204.97916pt.
[112

 <./all_slides/Topic3_Sequential_Components.pdf>]
<all_slides/Topic3_Sequential_Components.pdf, id=5356, page=12, 963.6pt x 542.0
25pt>
File: all_slides/Topic3_Sequential_Components.pdf Graphic file (type pdf)
<use all_slides/Topic3_Sequential_Components.pdf, page 12>
Package pdftex.def Info: all_slides/Topic3_Sequential_Components.pdf , page12 u
sed on input line 12.
(pdftex.def)             Requested size: 364.40741pt x 204.97916pt.
File: all_slides/Topic3_Sequential_Components.pdf Graphic file (type pdf)
<use all_slides/Topic3_Sequential_Components.pdf, page 12>
Package pdftex.def Info: all_slides/Topic3_Sequential_Components.pdf , page12 u
sed on input line 12.
(pdftex.def)             Requested size: 364.40741pt x 204.97916pt.


File: all_slides/Topic3_Sequential_Components.pdf Graphic file (type pdf)
<use all_slides/Topic3_Sequential_Components.pdf, page 12>
Package pdftex.def Info: all_slides/Topic3_Sequential_Components.pdf , page12 u
sed on input line 12.
(pdftex.def)             Requested size: 364.40741pt x 204.97916pt.
[113

 <./all_slides/Topic3_Sequential_Components.pdf>]
<all_slides/Topic3_Sequential_Components.pdf, id=5414, page=13, 963.6pt x 542.0
25pt>
File: all_slides/Topic3_Sequential_Components.pdf Graphic file (type pdf)
<use all_slides/Topic3_Sequential_Components.pdf, page 13>
Package pdftex.def Info: all_slides/Topic3_Sequential_Components.pdf , page13 u
sed on input line 12.
(pdftex.def)             Requested size: 364.40741pt x 204.97916pt.
File: all_slides/Topic3_Sequential_Components.pdf Graphic file (type pdf)
<use all_slides/Topic3_Sequential_Components.pdf, page 13>
Package pdftex.def Info: all_slides/Topic3_Sequential_Components.pdf , page13 u
sed on input line 12.
(pdftex.def)             Requested size: 364.40741pt x 204.97916pt.


File: all_slides/Topic3_Sequential_Components.pdf Graphic file (type pdf)
<use all_slides/Topic3_Sequential_Components.pdf, page 13>
Package pdftex.def Info: all_slides/Topic3_Sequential_Components.pdf , page13 u
sed on input line 12.
(pdftex.def)             Requested size: 364.40741pt x 204.97916pt.
[114

 <./all_slides/Topic3_Sequential_Components.pdf>]
<all_slides/Topic3_Sequential_Components.pdf, id=5462, page=14, 963.6pt x 542.0
25pt>
File: all_slides/Topic3_Sequential_Components.pdf Graphic file (type pdf)
<use all_slides/Topic3_Sequential_Components.pdf, page 14>
Package pdftex.def Info: all_slides/Topic3_Sequential_Components.pdf , page14 u
sed on input line 12.
(pdftex.def)             Requested size: 364.40741pt x 204.97916pt.
File: all_slides/Topic3_Sequential_Components.pdf Graphic file (type pdf)
<use all_slides/Topic3_Sequential_Components.pdf, page 14>
Package pdftex.def Info: all_slides/Topic3_Sequential_Components.pdf , page14 u
sed on input line 12.
(pdftex.def)             Requested size: 364.40741pt x 204.97916pt.


File: all_slides/Topic3_Sequential_Components.pdf Graphic file (type pdf)
<use all_slides/Topic3_Sequential_Components.pdf, page 14>
Package pdftex.def Info: all_slides/Topic3_Sequential_Components.pdf , page14 u
sed on input line 12.
(pdftex.def)             Requested size: 364.40741pt x 204.97916pt.
[115

 <./all_slides/Topic3_Sequential_Components.pdf>]
<all_slides/Topic3_Sequential_Components.pdf, id=5502, page=15, 963.6pt x 542.0
25pt>
File: all_slides/Topic3_Sequential_Components.pdf Graphic file (type pdf)
<use all_slides/Topic3_Sequential_Components.pdf, page 15>
Package pdftex.def Info: all_slides/Topic3_Sequential_Components.pdf , page15 u
sed on input line 12.
(pdftex.def)             Requested size: 364.40741pt x 204.97916pt.
File: all_slides/Topic3_Sequential_Components.pdf Graphic file (type pdf)
<use all_slides/Topic3_Sequential_Components.pdf, page 15>
Package pdftex.def Info: all_slides/Topic3_Sequential_Components.pdf , page15 u
sed on input line 12.
(pdftex.def)             Requested size: 364.40741pt x 204.97916pt.


File: all_slides/Topic3_Sequential_Components.pdf Graphic file (type pdf)
<use all_slides/Topic3_Sequential_Components.pdf, page 15>
Package pdftex.def Info: all_slides/Topic3_Sequential_Components.pdf , page15 u
sed on input line 12.
(pdftex.def)             Requested size: 364.40741pt x 204.97916pt.
[116

 <./all_slides/Topic3_Sequential_Components.pdf>]
<all_slides/Topic3_Sequential_Components.pdf, id=5534, page=16, 963.6pt x 542.0
25pt>
File: all_slides/Topic3_Sequential_Components.pdf Graphic file (type pdf)
<use all_slides/Topic3_Sequential_Components.pdf, page 16>
Package pdftex.def Info: all_slides/Topic3_Sequential_Components.pdf , page16 u
sed on input line 12.
(pdftex.def)             Requested size: 364.40741pt x 204.97916pt.
File: all_slides/Topic3_Sequential_Components.pdf Graphic file (type pdf)
<use all_slides/Topic3_Sequential_Components.pdf, page 16>
Package pdftex.def Info: all_slides/Topic3_Sequential_Components.pdf , page16 u
sed on input line 12.
(pdftex.def)             Requested size: 364.40741pt x 204.97916pt.


File: all_slides/Topic3_Sequential_Components.pdf Graphic file (type pdf)
<use all_slides/Topic3_Sequential_Components.pdf, page 16>
Package pdftex.def Info: all_slides/Topic3_Sequential_Components.pdf , page16 u
sed on input line 12.
(pdftex.def)             Requested size: 364.40741pt x 204.97916pt.
[117

 <./all_slides/Topic3_Sequential_Components.pdf>]
<all_slides/Topic3_Sequential_Components.pdf, id=5582, page=17, 963.6pt x 542.0
25pt>
File: all_slides/Topic3_Sequential_Components.pdf Graphic file (type pdf)
<use all_slides/Topic3_Sequential_Components.pdf, page 17>
Package pdftex.def Info: all_slides/Topic3_Sequential_Components.pdf , page17 u
sed on input line 12.
(pdftex.def)             Requested size: 364.40741pt x 204.97916pt.
File: all_slides/Topic3_Sequential_Components.pdf Graphic file (type pdf)
<use all_slides/Topic3_Sequential_Components.pdf, page 17>
Package pdftex.def Info: all_slides/Topic3_Sequential_Components.pdf , page17 u
sed on input line 12.
(pdftex.def)             Requested size: 364.40741pt x 204.97916pt.


File: all_slides/Topic3_Sequential_Components.pdf Graphic file (type pdf)
<use all_slides/Topic3_Sequential_Components.pdf, page 17>
Package pdftex.def Info: all_slides/Topic3_Sequential_Components.pdf , page17 u
sed on input line 12.
(pdftex.def)             Requested size: 364.40741pt x 204.97916pt.
[118

 <./all_slides/Topic3_Sequential_Components.pdf>]
<all_slides/Topic3_Sequential_Components.pdf, id=5656, page=18, 963.6pt x 542.0
25pt>
File: all_slides/Topic3_Sequential_Components.pdf Graphic file (type pdf)
<use all_slides/Topic3_Sequential_Components.pdf, page 18>
Package pdftex.def Info: all_slides/Topic3_Sequential_Components.pdf , page18 u
sed on input line 12.
(pdftex.def)             Requested size: 364.40741pt x 204.97916pt.
File: all_slides/Topic3_Sequential_Components.pdf Graphic file (type pdf)
<use all_slides/Topic3_Sequential_Components.pdf, page 18>
Package pdftex.def Info: all_slides/Topic3_Sequential_Components.pdf , page18 u
sed on input line 12.
(pdftex.def)             Requested size: 364.40741pt x 204.97916pt.


File: all_slides/Topic3_Sequential_Components.pdf Graphic file (type pdf)
<use all_slides/Topic3_Sequential_Components.pdf, page 18>
Package pdftex.def Info: all_slides/Topic3_Sequential_Components.pdf , page18 u
sed on input line 12.
(pdftex.def)             Requested size: 364.40741pt x 204.97916pt.
[119

 <./all_slides/Topic3_Sequential_Components.pdf>]
<all_slides/Topic3_Sequential_Components.pdf, id=5690, page=19, 963.6pt x 542.0
25pt>
File: all_slides/Topic3_Sequential_Components.pdf Graphic file (type pdf)
<use all_slides/Topic3_Sequential_Components.pdf, page 19>
Package pdftex.def Info: all_slides/Topic3_Sequential_Components.pdf , page19 u
sed on input line 12.
(pdftex.def)             Requested size: 364.40741pt x 204.97916pt.
File: all_slides/Topic3_Sequential_Components.pdf Graphic file (type pdf)
<use all_slides/Topic3_Sequential_Components.pdf, page 19>
Package pdftex.def Info: all_slides/Topic3_Sequential_Components.pdf , page19 u
sed on input line 12.
(pdftex.def)             Requested size: 364.40741pt x 204.97916pt.


File: all_slides/Topic3_Sequential_Components.pdf Graphic file (type pdf)
<use all_slides/Topic3_Sequential_Components.pdf, page 19>
Package pdftex.def Info: all_slides/Topic3_Sequential_Components.pdf , page19 u
sed on input line 12.
(pdftex.def)             Requested size: 364.40741pt x 204.97916pt.
[120

 <./all_slides/Topic3_Sequential_Components.pdf>]
<all_slides/Topic3_Sequential_Components.pdf, id=5749, page=20, 963.6pt x 542.0
25pt>
File: all_slides/Topic3_Sequential_Components.pdf Graphic file (type pdf)
<use all_slides/Topic3_Sequential_Components.pdf, page 20>
Package pdftex.def Info: all_slides/Topic3_Sequential_Components.pdf , page20 u
sed on input line 12.
(pdftex.def)             Requested size: 364.40741pt x 204.97916pt.
File: all_slides/Topic3_Sequential_Components.pdf Graphic file (type pdf)
<use all_slides/Topic3_Sequential_Components.pdf, page 20>
Package pdftex.def Info: all_slides/Topic3_Sequential_Components.pdf , page20 u
sed on input line 12.
(pdftex.def)             Requested size: 364.40741pt x 204.97916pt.


File: all_slides/Topic3_Sequential_Components.pdf Graphic file (type pdf)
<use all_slides/Topic3_Sequential_Components.pdf, page 20>
Package pdftex.def Info: all_slides/Topic3_Sequential_Components.pdf , page20 u
sed on input line 12.
(pdftex.def)             Requested size: 364.40741pt x 204.97916pt.
[121

 <./all_slides/Topic3_Sequential_Components.pdf>]
<all_slides/Topic3_Sequential_Components.pdf, id=5781, page=21, 963.6pt x 542.0
25pt>
File: all_slides/Topic3_Sequential_Components.pdf Graphic file (type pdf)
<use all_slides/Topic3_Sequential_Components.pdf, page 21>
Package pdftex.def Info: all_slides/Topic3_Sequential_Components.pdf , page21 u
sed on input line 12.
(pdftex.def)             Requested size: 364.40741pt x 204.97916pt.
File: all_slides/Topic3_Sequential_Components.pdf Graphic file (type pdf)
<use all_slides/Topic3_Sequential_Components.pdf, page 21>
Package pdftex.def Info: all_slides/Topic3_Sequential_Components.pdf , page21 u
sed on input line 12.
(pdftex.def)             Requested size: 364.40741pt x 204.97916pt.


File: all_slides/Topic3_Sequential_Components.pdf Graphic file (type pdf)
<use all_slides/Topic3_Sequential_Components.pdf, page 21>
Package pdftex.def Info: all_slides/Topic3_Sequential_Components.pdf , page21 u
sed on input line 12.
(pdftex.def)             Requested size: 364.40741pt x 204.97916pt.
[122

 <./all_slides/Topic3_Sequential_Components.pdf>]
<all_slides/Topic3_Sequential_Components.pdf, id=5827, page=22, 963.6pt x 542.0
25pt>
File: all_slides/Topic3_Sequential_Components.pdf Graphic file (type pdf)
<use all_slides/Topic3_Sequential_Components.pdf, page 22>
Package pdftex.def Info: all_slides/Topic3_Sequential_Components.pdf , page22 u
sed on input line 12.
(pdftex.def)             Requested size: 364.40741pt x 204.97916pt.
File: all_slides/Topic3_Sequential_Components.pdf Graphic file (type pdf)
<use all_slides/Topic3_Sequential_Components.pdf, page 22>
Package pdftex.def Info: all_slides/Topic3_Sequential_Components.pdf , page22 u
sed on input line 12.
(pdftex.def)             Requested size: 364.40741pt x 204.97916pt.


File: all_slides/Topic3_Sequential_Components.pdf Graphic file (type pdf)
<use all_slides/Topic3_Sequential_Components.pdf, page 22>
Package pdftex.def Info: all_slides/Topic3_Sequential_Components.pdf , page22 u
sed on input line 12.
(pdftex.def)             Requested size: 364.40741pt x 204.97916pt.
[123

 <./all_slides/Topic3_Sequential_Components.pdf>]
<all_slides/Topic3_Sequential_Components.pdf, id=5898, page=23, 963.6pt x 542.0
25pt>
File: all_slides/Topic3_Sequential_Components.pdf Graphic file (type pdf)
<use all_slides/Topic3_Sequential_Components.pdf, page 23>
Package pdftex.def Info: all_slides/Topic3_Sequential_Components.pdf , page23 u
sed on input line 12.
(pdftex.def)             Requested size: 364.40741pt x 204.97916pt.
File: all_slides/Topic3_Sequential_Components.pdf Graphic file (type pdf)
<use all_slides/Topic3_Sequential_Components.pdf, page 23>
Package pdftex.def Info: all_slides/Topic3_Sequential_Components.pdf , page23 u
sed on input line 12.
(pdftex.def)             Requested size: 364.40741pt x 204.97916pt.


File: all_slides/Topic3_Sequential_Components.pdf Graphic file (type pdf)
<use all_slides/Topic3_Sequential_Components.pdf, page 23>
Package pdftex.def Info: all_slides/Topic3_Sequential_Components.pdf , page23 u
sed on input line 12.
(pdftex.def)             Requested size: 364.40741pt x 204.97916pt.
[124

 <./all_slides/Topic3_Sequential_Components.pdf>]
<all_slides/Topic3_Sequential_Components.pdf, id=5981, page=24, 963.6pt x 542.0
25pt>
File: all_slides/Topic3_Sequential_Components.pdf Graphic file (type pdf)
<use all_slides/Topic3_Sequential_Components.pdf, page 24>
Package pdftex.def Info: all_slides/Topic3_Sequential_Components.pdf , page24 u
sed on input line 12.
(pdftex.def)             Requested size: 364.40741pt x 204.97916pt.
File: all_slides/Topic3_Sequential_Components.pdf Graphic file (type pdf)
<use all_slides/Topic3_Sequential_Components.pdf, page 24>
Package pdftex.def Info: all_slides/Topic3_Sequential_Components.pdf , page24 u
sed on input line 12.
(pdftex.def)             Requested size: 364.40741pt x 204.97916pt.


File: all_slides/Topic3_Sequential_Components.pdf Graphic file (type pdf)
<use all_slides/Topic3_Sequential_Components.pdf, page 24>
Package pdftex.def Info: all_slides/Topic3_Sequential_Components.pdf , page24 u
sed on input line 12.
(pdftex.def)             Requested size: 364.40741pt x 204.97916pt.
[125

 <./all_slides/Topic3_Sequential_Components.pdf>]
<all_slides/Topic3_Sequential_Components.pdf, id=6015, page=25, 963.6pt x 542.0
25pt>
File: all_slides/Topic3_Sequential_Components.pdf Graphic file (type pdf)
<use all_slides/Topic3_Sequential_Components.pdf, page 25>
Package pdftex.def Info: all_slides/Topic3_Sequential_Components.pdf , page25 u
sed on input line 12.
(pdftex.def)             Requested size: 364.40741pt x 204.97916pt.
File: all_slides/Topic3_Sequential_Components.pdf Graphic file (type pdf)
<use all_slides/Topic3_Sequential_Components.pdf, page 25>
Package pdftex.def Info: all_slides/Topic3_Sequential_Components.pdf , page25 u
sed on input line 12.
(pdftex.def)             Requested size: 364.40741pt x 204.97916pt.


File: all_slides/Topic3_Sequential_Components.pdf Graphic file (type pdf)
<use all_slides/Topic3_Sequential_Components.pdf, page 25>
Package pdftex.def Info: all_slides/Topic3_Sequential_Components.pdf , page25 u
sed on input line 12.
(pdftex.def)             Requested size: 364.40741pt x 204.97916pt.
[126

 <./all_slides/Topic3_Sequential_Components.pdf>]
<all_slides/Topic3_Sequential_Components.pdf, id=6046, page=26, 963.6pt x 542.0
25pt>
File: all_slides/Topic3_Sequential_Components.pdf Graphic file (type pdf)
<use all_slides/Topic3_Sequential_Components.pdf, page 26>
Package pdftex.def Info: all_slides/Topic3_Sequential_Components.pdf , page26 u
sed on input line 12.
(pdftex.def)             Requested size: 364.40741pt x 204.97916pt.
File: all_slides/Topic3_Sequential_Components.pdf Graphic file (type pdf)
<use all_slides/Topic3_Sequential_Components.pdf, page 26>
Package pdftex.def Info: all_slides/Topic3_Sequential_Components.pdf , page26 u
sed on input line 12.
(pdftex.def)             Requested size: 364.40741pt x 204.97916pt.


File: all_slides/Topic3_Sequential_Components.pdf Graphic file (type pdf)
<use all_slides/Topic3_Sequential_Components.pdf, page 26>
Package pdftex.def Info: all_slides/Topic3_Sequential_Components.pdf , page26 u
sed on input line 12.
(pdftex.def)             Requested size: 364.40741pt x 204.97916pt.
[127

 <./all_slides/Topic3_Sequential_Components.pdf>]
<all_slides/Topic3_Sequential_Components.pdf, id=6081, page=27, 963.6pt x 542.0
25pt>
File: all_slides/Topic3_Sequential_Components.pdf Graphic file (type pdf)
<use all_slides/Topic3_Sequential_Components.pdf, page 27>
Package pdftex.def Info: all_slides/Topic3_Sequential_Components.pdf , page27 u
sed on input line 12.
(pdftex.def)             Requested size: 364.40741pt x 204.97916pt.
File: all_slides/Topic3_Sequential_Components.pdf Graphic file (type pdf)
<use all_slides/Topic3_Sequential_Components.pdf, page 27>
Package pdftex.def Info: all_slides/Topic3_Sequential_Components.pdf , page27 u
sed on input line 12.
(pdftex.def)             Requested size: 364.40741pt x 204.97916pt.


File: all_slides/Topic3_Sequential_Components.pdf Graphic file (type pdf)
<use all_slides/Topic3_Sequential_Components.pdf, page 27>
Package pdftex.def Info: all_slides/Topic3_Sequential_Components.pdf , page27 u
sed on input line 12.
(pdftex.def)             Requested size: 364.40741pt x 204.97916pt.
[128

 <./all_slides/Topic3_Sequential_Components.pdf>]
<all_slides/Topic3_Sequential_Components.pdf, id=6127, page=28, 963.6pt x 542.0
25pt>
File: all_slides/Topic3_Sequential_Components.pdf Graphic file (type pdf)
<use all_slides/Topic3_Sequential_Components.pdf, page 28>
Package pdftex.def Info: all_slides/Topic3_Sequential_Components.pdf , page28 u
sed on input line 12.
(pdftex.def)             Requested size: 364.40741pt x 204.97916pt.
File: all_slides/Topic3_Sequential_Components.pdf Graphic file (type pdf)
<use all_slides/Topic3_Sequential_Components.pdf, page 28>
Package pdftex.def Info: all_slides/Topic3_Sequential_Components.pdf , page28 u
sed on input line 12.
(pdftex.def)             Requested size: 364.40741pt x 204.97916pt.


File: all_slides/Topic3_Sequential_Components.pdf Graphic file (type pdf)
<use all_slides/Topic3_Sequential_Components.pdf, page 28>
Package pdftex.def Info: all_slides/Topic3_Sequential_Components.pdf , page28 u
sed on input line 12.
(pdftex.def)             Requested size: 364.40741pt x 204.97916pt.
[129

 <./all_slides/Topic3_Sequential_Components.pdf>]
<all_slides/Topic3_Sequential_Components.pdf, id=6176, page=29, 963.6pt x 542.0
25pt>
File: all_slides/Topic3_Sequential_Components.pdf Graphic file (type pdf)
<use all_slides/Topic3_Sequential_Components.pdf, page 29>
Package pdftex.def Info: all_slides/Topic3_Sequential_Components.pdf , page29 u
sed on input line 12.
(pdftex.def)             Requested size: 364.40741pt x 204.97916pt.
File: all_slides/Topic3_Sequential_Components.pdf Graphic file (type pdf)
<use all_slides/Topic3_Sequential_Components.pdf, page 29>
Package pdftex.def Info: all_slides/Topic3_Sequential_Components.pdf , page29 u
sed on input line 12.
(pdftex.def)             Requested size: 364.40741pt x 204.97916pt.


File: all_slides/Topic3_Sequential_Components.pdf Graphic file (type pdf)
<use all_slides/Topic3_Sequential_Components.pdf, page 29>
Package pdftex.def Info: all_slides/Topic3_Sequential_Components.pdf , page29 u
sed on input line 12.
(pdftex.def)             Requested size: 364.40741pt x 204.97916pt.
[130

 <./all_slides/Topic3_Sequential_Components.pdf>]
<all_slides/Topic3_Sequential_Components.pdf, id=6208, page=30, 963.6pt x 542.0
25pt>
File: all_slides/Topic3_Sequential_Components.pdf Graphic file (type pdf)
<use all_slides/Topic3_Sequential_Components.pdf, page 30>
Package pdftex.def Info: all_slides/Topic3_Sequential_Components.pdf , page30 u
sed on input line 12.
(pdftex.def)             Requested size: 364.40741pt x 204.97916pt.
File: all_slides/Topic3_Sequential_Components.pdf Graphic file (type pdf)
<use all_slides/Topic3_Sequential_Components.pdf, page 30>
Package pdftex.def Info: all_slides/Topic3_Sequential_Components.pdf , page30 u
sed on input line 12.
(pdftex.def)             Requested size: 364.40741pt x 204.97916pt.


File: all_slides/Topic3_Sequential_Components.pdf Graphic file (type pdf)
<use all_slides/Topic3_Sequential_Components.pdf, page 30>
Package pdftex.def Info: all_slides/Topic3_Sequential_Components.pdf , page30 u
sed on input line 12.
(pdftex.def)             Requested size: 364.40741pt x 204.97916pt.
[131

 <./all_slides/Topic3_Sequential_Components.pdf>]
<all_slides/Topic3_Sequential_Components.pdf, id=6258, page=31, 963.6pt x 542.0
25pt>
File: all_slides/Topic3_Sequential_Components.pdf Graphic file (type pdf)
<use all_slides/Topic3_Sequential_Components.pdf, page 31>
Package pdftex.def Info: all_slides/Topic3_Sequential_Components.pdf , page31 u
sed on input line 12.
(pdftex.def)             Requested size: 364.40741pt x 204.97916pt.
File: all_slides/Topic3_Sequential_Components.pdf Graphic file (type pdf)
<use all_slides/Topic3_Sequential_Components.pdf, page 31>
Package pdftex.def Info: all_slides/Topic3_Sequential_Components.pdf , page31 u
sed on input line 12.
(pdftex.def)             Requested size: 364.40741pt x 204.97916pt.


File: all_slides/Topic3_Sequential_Components.pdf Graphic file (type pdf)
<use all_slides/Topic3_Sequential_Components.pdf, page 31>
Package pdftex.def Info: all_slides/Topic3_Sequential_Components.pdf , page31 u
sed on input line 12.
(pdftex.def)             Requested size: 364.40741pt x 204.97916pt.
[132

 <./all_slides/Topic3_Sequential_Components.pdf>]
<all_slides/Topic3_Sequential_Components.pdf, id=6289, page=32, 963.6pt x 542.0
25pt>
File: all_slides/Topic3_Sequential_Components.pdf Graphic file (type pdf)
<use all_slides/Topic3_Sequential_Components.pdf, page 32>
Package pdftex.def Info: all_slides/Topic3_Sequential_Components.pdf , page32 u
sed on input line 12.
(pdftex.def)             Requested size: 364.40741pt x 204.97916pt.
File: all_slides/Topic3_Sequential_Components.pdf Graphic file (type pdf)
<use all_slides/Topic3_Sequential_Components.pdf, page 32>
Package pdftex.def Info: all_slides/Topic3_Sequential_Components.pdf , page32 u
sed on input line 12.
(pdftex.def)             Requested size: 364.40741pt x 204.97916pt.


File: all_slides/Topic3_Sequential_Components.pdf Graphic file (type pdf)
<use all_slides/Topic3_Sequential_Components.pdf, page 32>
Package pdftex.def Info: all_slides/Topic3_Sequential_Components.pdf , page32 u
sed on input line 12.
(pdftex.def)             Requested size: 364.40741pt x 204.97916pt.
[133

 <./all_slides/Topic3_Sequential_Components.pdf>]
<all_slides/Topic3_Sequential_Components.pdf, id=6322, page=33, 963.6pt x 542.0
25pt>
File: all_slides/Topic3_Sequential_Components.pdf Graphic file (type pdf)
<use all_slides/Topic3_Sequential_Components.pdf, page 33>
Package pdftex.def Info: all_slides/Topic3_Sequential_Components.pdf , page33 u
sed on input line 12.
(pdftex.def)             Requested size: 364.40741pt x 204.97916pt.
File: all_slides/Topic3_Sequential_Components.pdf Graphic file (type pdf)
<use all_slides/Topic3_Sequential_Components.pdf, page 33>
Package pdftex.def Info: all_slides/Topic3_Sequential_Components.pdf , page33 u
sed on input line 12.
(pdftex.def)             Requested size: 364.40741pt x 204.97916pt.


File: all_slides/Topic3_Sequential_Components.pdf Graphic file (type pdf)
<use all_slides/Topic3_Sequential_Components.pdf, page 33>
Package pdftex.def Info: all_slides/Topic3_Sequential_Components.pdf , page33 u
sed on input line 12.
(pdftex.def)             Requested size: 364.40741pt x 204.97916pt.
[134

 <./all_slides/Topic3_Sequential_Components.pdf>]
<all_slides/Topic3_Sequential_Components.pdf, id=6373, page=34, 963.6pt x 542.0
25pt>
File: all_slides/Topic3_Sequential_Components.pdf Graphic file (type pdf)
<use all_slides/Topic3_Sequential_Components.pdf, page 34>
Package pdftex.def Info: all_slides/Topic3_Sequential_Components.pdf , page34 u
sed on input line 12.
(pdftex.def)             Requested size: 364.40741pt x 204.97916pt.
File: all_slides/Topic3_Sequential_Components.pdf Graphic file (type pdf)
<use all_slides/Topic3_Sequential_Components.pdf, page 34>
Package pdftex.def Info: all_slides/Topic3_Sequential_Components.pdf , page34 u
sed on input line 12.
(pdftex.def)             Requested size: 364.40741pt x 204.97916pt.


File: all_slides/Topic3_Sequential_Components.pdf Graphic file (type pdf)
<use all_slides/Topic3_Sequential_Components.pdf, page 34>
Package pdftex.def Info: all_slides/Topic3_Sequential_Components.pdf , page34 u
sed on input line 12.
(pdftex.def)             Requested size: 364.40741pt x 204.97916pt.
[135

 <./all_slides/Topic3_Sequential_Components.pdf>]
<all_slides/Topic3_Sequential_Components.pdf, id=6404, page=35, 963.6pt x 542.0
25pt>
File: all_slides/Topic3_Sequential_Components.pdf Graphic file (type pdf)
<use all_slides/Topic3_Sequential_Components.pdf, page 35>
Package pdftex.def Info: all_slides/Topic3_Sequential_Components.pdf , page35 u
sed on input line 12.
(pdftex.def)             Requested size: 364.40741pt x 204.97916pt.
File: all_slides/Topic3_Sequential_Components.pdf Graphic file (type pdf)
<use all_slides/Topic3_Sequential_Components.pdf, page 35>
Package pdftex.def Info: all_slides/Topic3_Sequential_Components.pdf , page35 u
sed on input line 12.
(pdftex.def)             Requested size: 364.40741pt x 204.97916pt.


File: all_slides/Topic3_Sequential_Components.pdf Graphic file (type pdf)
<use all_slides/Topic3_Sequential_Components.pdf, page 35>
Package pdftex.def Info: all_slides/Topic3_Sequential_Components.pdf , page35 u
sed on input line 12.
(pdftex.def)             Requested size: 364.40741pt x 204.97916pt.
[136

 <./all_slides/Topic3_Sequential_Components.pdf>]
<all_slides/Topic3_Sequential_Components.pdf, id=6435, page=36, 963.6pt x 542.0
25pt>
File: all_slides/Topic3_Sequential_Components.pdf Graphic file (type pdf)
<use all_slides/Topic3_Sequential_Components.pdf, page 36>
Package pdftex.def Info: all_slides/Topic3_Sequential_Components.pdf , page36 u
sed on input line 12.
(pdftex.def)             Requested size: 364.40741pt x 204.97916pt.
File: all_slides/Topic3_Sequential_Components.pdf Graphic file (type pdf)
<use all_slides/Topic3_Sequential_Components.pdf, page 36>
Package pdftex.def Info: all_slides/Topic3_Sequential_Components.pdf , page36 u
sed on input line 12.
(pdftex.def)             Requested size: 364.40741pt x 204.97916pt.


File: all_slides/Topic3_Sequential_Components.pdf Graphic file (type pdf)
<use all_slides/Topic3_Sequential_Components.pdf, page 36>
Package pdftex.def Info: all_slides/Topic3_Sequential_Components.pdf , page36 u
sed on input line 12.
(pdftex.def)             Requested size: 364.40741pt x 204.97916pt.
[137

 <./all_slides/Topic3_Sequential_Components.pdf>]
<all_slides/Topic3_Sequential_Components.pdf, id=6471, page=37, 963.6pt x 542.0
25pt>
File: all_slides/Topic3_Sequential_Components.pdf Graphic file (type pdf)
<use all_slides/Topic3_Sequential_Components.pdf, page 37>
Package pdftex.def Info: all_slides/Topic3_Sequential_Components.pdf , page37 u
sed on input line 12.
(pdftex.def)             Requested size: 364.40741pt x 204.97916pt.
File: all_slides/Topic3_Sequential_Components.pdf Graphic file (type pdf)
<use all_slides/Topic3_Sequential_Components.pdf, page 37>
Package pdftex.def Info: all_slides/Topic3_Sequential_Components.pdf , page37 u
sed on input line 12.
(pdftex.def)             Requested size: 364.40741pt x 204.97916pt.


File: all_slides/Topic3_Sequential_Components.pdf Graphic file (type pdf)
<use all_slides/Topic3_Sequential_Components.pdf, page 37>
Package pdftex.def Info: all_slides/Topic3_Sequential_Components.pdf , page37 u
sed on input line 12.
(pdftex.def)             Requested size: 364.40741pt x 204.97916pt.
[138

 <./all_slides/Topic3_Sequential_Components.pdf>]
<all_slides/Topic3_Sequential_Components.pdf, id=6510, page=38, 963.6pt x 542.0
25pt>
File: all_slides/Topic3_Sequential_Components.pdf Graphic file (type pdf)
<use all_slides/Topic3_Sequential_Components.pdf, page 38>
Package pdftex.def Info: all_slides/Topic3_Sequential_Components.pdf , page38 u
sed on input line 12.
(pdftex.def)             Requested size: 364.40741pt x 204.97916pt.
File: all_slides/Topic3_Sequential_Components.pdf Graphic file (type pdf)
<use all_slides/Topic3_Sequential_Components.pdf, page 38>
Package pdftex.def Info: all_slides/Topic3_Sequential_Components.pdf , page38 u
sed on input line 12.
(pdftex.def)             Requested size: 364.40741pt x 204.97916pt.


File: all_slides/Topic3_Sequential_Components.pdf Graphic file (type pdf)
<use all_slides/Topic3_Sequential_Components.pdf, page 38>
Package pdftex.def Info: all_slides/Topic3_Sequential_Components.pdf , page38 u
sed on input line 12.
(pdftex.def)             Requested size: 364.40741pt x 204.97916pt.
[139

 <./all_slides/Topic3_Sequential_Components.pdf>]
<all_slides/Topic3_Sequential_Components.pdf, id=6542, page=39, 963.6pt x 542.0
25pt>
File: all_slides/Topic3_Sequential_Components.pdf Graphic file (type pdf)
<use all_slides/Topic3_Sequential_Components.pdf, page 39>
Package pdftex.def Info: all_slides/Topic3_Sequential_Components.pdf , page39 u
sed on input line 12.
(pdftex.def)             Requested size: 364.40741pt x 204.97916pt.
File: all_slides/Topic3_Sequential_Components.pdf Graphic file (type pdf)
<use all_slides/Topic3_Sequential_Components.pdf, page 39>
Package pdftex.def Info: all_slides/Topic3_Sequential_Components.pdf , page39 u
sed on input line 12.
(pdftex.def)             Requested size: 364.40741pt x 204.97916pt.


File: all_slides/Topic3_Sequential_Components.pdf Graphic file (type pdf)
<use all_slides/Topic3_Sequential_Components.pdf, page 39>
Package pdftex.def Info: all_slides/Topic3_Sequential_Components.pdf , page39 u
sed on input line 12.
(pdftex.def)             Requested size: 364.40741pt x 204.97916pt.
[140

 <./all_slides/Topic3_Sequential_Components.pdf>]
<all_slides/Topic3_Sequential_Components.pdf, id=6573, page=40, 963.6pt x 542.0
25pt>
File: all_slides/Topic3_Sequential_Components.pdf Graphic file (type pdf)
<use all_slides/Topic3_Sequential_Components.pdf, page 40>
Package pdftex.def Info: all_slides/Topic3_Sequential_Components.pdf , page40 u
sed on input line 12.
(pdftex.def)             Requested size: 364.40741pt x 204.97916pt.
File: all_slides/Topic3_Sequential_Components.pdf Graphic file (type pdf)
<use all_slides/Topic3_Sequential_Components.pdf, page 40>
Package pdftex.def Info: all_slides/Topic3_Sequential_Components.pdf , page40 u
sed on input line 12.
(pdftex.def)             Requested size: 364.40741pt x 204.97916pt.


File: all_slides/Topic3_Sequential_Components.pdf Graphic file (type pdf)
<use all_slides/Topic3_Sequential_Components.pdf, page 40>
Package pdftex.def Info: all_slides/Topic3_Sequential_Components.pdf , page40 u
sed on input line 12.
(pdftex.def)             Requested size: 364.40741pt x 204.97916pt.
[141

 <./all_slides/Topic3_Sequential_Components.pdf>]
<all_slides/Topic3_Sequential_Components.pdf, id=6641, page=41, 963.6pt x 542.0
25pt>
File: all_slides/Topic3_Sequential_Components.pdf Graphic file (type pdf)
<use all_slides/Topic3_Sequential_Components.pdf, page 41>
Package pdftex.def Info: all_slides/Topic3_Sequential_Components.pdf , page41 u
sed on input line 12.
(pdftex.def)             Requested size: 364.40741pt x 204.97916pt.
File: all_slides/Topic3_Sequential_Components.pdf Graphic file (type pdf)
<use all_slides/Topic3_Sequential_Components.pdf, page 41>
Package pdftex.def Info: all_slides/Topic3_Sequential_Components.pdf , page41 u
sed on input line 12.
(pdftex.def)             Requested size: 364.40741pt x 204.97916pt.


File: all_slides/Topic3_Sequential_Components.pdf Graphic file (type pdf)
<use all_slides/Topic3_Sequential_Components.pdf, page 41>
Package pdftex.def Info: all_slides/Topic3_Sequential_Components.pdf , page41 u
sed on input line 12.
(pdftex.def)             Requested size: 364.40741pt x 204.97916pt.
[142

 <./all_slides/Topic3_Sequential_Components.pdf>]
<all_slides/Topic4_Controllers.pdf, id=6672, 963.6pt x 542.025pt>
File: all_slides/Topic4_Controllers.pdf Graphic file (type pdf)
<use all_slides/Topic4_Controllers.pdf>
Package pdftex.def Info: all_slides/Topic4_Controllers.pdf  used on input line 
13.
(pdftex.def)             Requested size: 963.59766pt x 542.02367pt.
<all_slides/Topic4_Controllers.pdf, id=6674, page=1, 963.6pt x 542.025pt>
File: all_slides/Topic4_Controllers.pdf Graphic file (type pdf)
<use all_slides/Topic4_Controllers.pdf, page 1>
Package pdftex.def Info: all_slides/Topic4_Controllers.pdf , page1 used on inpu
t line 13.
(pdftex.def)             Requested size: 963.59766pt x 542.02367pt.
File: all_slides/Topic4_Controllers.pdf Graphic file (type pdf)
<use all_slides/Topic4_Controllers.pdf, page 1>
Package pdftex.def Info: all_slides/Topic4_Controllers.pdf , page1 used on inpu
t line 13.
(pdftex.def)             Requested size: 364.40741pt x 204.97916pt.
File: all_slides/Topic4_Controllers.pdf Graphic file (type pdf)
<use all_slides/Topic4_Controllers.pdf, page 1>
Package pdftex.def Info: all_slides/Topic4_Controllers.pdf , page1 used on inpu
t line 13.
(pdftex.def)             Requested size: 364.40741pt x 204.97916pt.
File: all_slides/Topic4_Controllers.pdf Graphic file (type pdf)
<use all_slides/Topic4_Controllers.pdf, page 1>
Package pdftex.def Info: all_slides/Topic4_Controllers.pdf , page1 used on inpu
t line 13.
(pdftex.def)             Requested size: 364.40741pt x 204.97916pt.


File: all_slides/Topic4_Controllers.pdf Graphic file (type pdf)
<use all_slides/Topic4_Controllers.pdf, page 1>
Package pdftex.def Info: all_slides/Topic4_Controllers.pdf , page1 used on inpu
t line 13.
(pdftex.def)             Requested size: 364.40741pt x 204.97916pt.
[143

 <./all_slides/Topic4_Controllers.pdf>]
<all_slides/Topic4_Controllers.pdf, id=6720, page=2, 963.6pt x 542.025pt>
File: all_slides/Topic4_Controllers.pdf Graphic file (type pdf)
<use all_slides/Topic4_Controllers.pdf, page 2>
Package pdftex.def Info: all_slides/Topic4_Controllers.pdf , page2 used on inpu
t line 13.
(pdftex.def)             Requested size: 364.40741pt x 204.97916pt.
File: all_slides/Topic4_Controllers.pdf Graphic file (type pdf)
<use all_slides/Topic4_Controllers.pdf, page 2>
Package pdftex.def Info: all_slides/Topic4_Controllers.pdf , page2 used on inpu
t line 13.
(pdftex.def)             Requested size: 364.40741pt x 204.97916pt.


File: all_slides/Topic4_Controllers.pdf Graphic file (type pdf)
<use all_slides/Topic4_Controllers.pdf, page 2>
Package pdftex.def Info: all_slides/Topic4_Controllers.pdf , page2 used on inpu
t line 13.
(pdftex.def)             Requested size: 364.40741pt x 204.97916pt.
[144

 <./all_slides/Topic4_Controllers.pdf>]
<all_slides/Topic4_Controllers.pdf, id=6756, page=3, 963.6pt x 542.025pt>
File: all_slides/Topic4_Controllers.pdf Graphic file (type pdf)
<use all_slides/Topic4_Controllers.pdf, page 3>
Package pdftex.def Info: all_slides/Topic4_Controllers.pdf , page3 used on inpu
t line 13.
(pdftex.def)             Requested size: 364.40741pt x 204.97916pt.
File: all_slides/Topic4_Controllers.pdf Graphic file (type pdf)
<use all_slides/Topic4_Controllers.pdf, page 3>
Package pdftex.def Info: all_slides/Topic4_Controllers.pdf , page3 used on inpu
t line 13.
(pdftex.def)             Requested size: 364.40741pt x 204.97916pt.


File: all_slides/Topic4_Controllers.pdf Graphic file (type pdf)
<use all_slides/Topic4_Controllers.pdf, page 3>
Package pdftex.def Info: all_slides/Topic4_Controllers.pdf , page3 used on inpu
t line 13.
(pdftex.def)             Requested size: 364.40741pt x 204.97916pt.
[145

 <./all_slides/Topic4_Controllers.pdf>]
<all_slides/Topic4_Controllers.pdf, id=6811, page=4, 963.6pt x 542.025pt>
File: all_slides/Topic4_Controllers.pdf Graphic file (type pdf)
<use all_slides/Topic4_Controllers.pdf, page 4>
Package pdftex.def Info: all_slides/Topic4_Controllers.pdf , page4 used on inpu
t line 13.
(pdftex.def)             Requested size: 364.40741pt x 204.97916pt.
File: all_slides/Topic4_Controllers.pdf Graphic file (type pdf)
<use all_slides/Topic4_Controllers.pdf, page 4>
Package pdftex.def Info: all_slides/Topic4_Controllers.pdf , page4 used on inpu
t line 13.
(pdftex.def)             Requested size: 364.40741pt x 204.97916pt.


File: all_slides/Topic4_Controllers.pdf Graphic file (type pdf)
<use all_slides/Topic4_Controllers.pdf, page 4>
Package pdftex.def Info: all_slides/Topic4_Controllers.pdf , page4 used on inpu
t line 13.
(pdftex.def)             Requested size: 364.40741pt x 204.97916pt.
[146

 <./all_slides/Topic4_Controllers.pdf>]
<all_slides/Topic4_Controllers.pdf, id=6842, page=5, 963.6pt x 542.025pt>
File: all_slides/Topic4_Controllers.pdf Graphic file (type pdf)
<use all_slides/Topic4_Controllers.pdf, page 5>
Package pdftex.def Info: all_slides/Topic4_Controllers.pdf , page5 used on inpu
t line 13.
(pdftex.def)             Requested size: 364.40741pt x 204.97916pt.
File: all_slides/Topic4_Controllers.pdf Graphic file (type pdf)
<use all_slides/Topic4_Controllers.pdf, page 5>
Package pdftex.def Info: all_slides/Topic4_Controllers.pdf , page5 used on inpu
t line 13.
(pdftex.def)             Requested size: 364.40741pt x 204.97916pt.


File: all_slides/Topic4_Controllers.pdf Graphic file (type pdf)
<use all_slides/Topic4_Controllers.pdf, page 5>
Package pdftex.def Info: all_slides/Topic4_Controllers.pdf , page5 used on inpu
t line 13.
(pdftex.def)             Requested size: 364.40741pt x 204.97916pt.
[147

 <./all_slides/Topic4_Controllers.pdf>]
<all_slides/Topic4_Controllers.pdf, id=6899, page=6, 963.6pt x 542.025pt>
File: all_slides/Topic4_Controllers.pdf Graphic file (type pdf)
<use all_slides/Topic4_Controllers.pdf, page 6>
Package pdftex.def Info: all_slides/Topic4_Controllers.pdf , page6 used on inpu
t line 13.
(pdftex.def)             Requested size: 364.40741pt x 204.97916pt.
File: all_slides/Topic4_Controllers.pdf Graphic file (type pdf)
<use all_slides/Topic4_Controllers.pdf, page 6>
Package pdftex.def Info: all_slides/Topic4_Controllers.pdf , page6 used on inpu
t line 13.
(pdftex.def)             Requested size: 364.40741pt x 204.97916pt.


File: all_slides/Topic4_Controllers.pdf Graphic file (type pdf)
<use all_slides/Topic4_Controllers.pdf, page 6>
Package pdftex.def Info: all_slides/Topic4_Controllers.pdf , page6 used on inpu
t line 13.
(pdftex.def)             Requested size: 364.40741pt x 204.97916pt.
[148

 <./all_slides/Topic4_Controllers.pdf>]
<all_slides/Topic4_Controllers.pdf, id=6940, page=7, 963.6pt x 542.025pt>
File: all_slides/Topic4_Controllers.pdf Graphic file (type pdf)
<use all_slides/Topic4_Controllers.pdf, page 7>
Package pdftex.def Info: all_slides/Topic4_Controllers.pdf , page7 used on inpu
t line 13.
(pdftex.def)             Requested size: 364.40741pt x 204.97916pt.
File: all_slides/Topic4_Controllers.pdf Graphic file (type pdf)
<use all_slides/Topic4_Controllers.pdf, page 7>
Package pdftex.def Info: all_slides/Topic4_Controllers.pdf , page7 used on inpu
t line 13.
(pdftex.def)             Requested size: 364.40741pt x 204.97916pt.


File: all_slides/Topic4_Controllers.pdf Graphic file (type pdf)
<use all_slides/Topic4_Controllers.pdf, page 7>
Package pdftex.def Info: all_slides/Topic4_Controllers.pdf , page7 used on inpu
t line 13.
(pdftex.def)             Requested size: 364.40741pt x 204.97916pt.
[149

 <./all_slides/Topic4_Controllers.pdf>]
<all_slides/Topic4_Controllers.pdf, id=6980, page=8, 963.6pt x 542.025pt>
File: all_slides/Topic4_Controllers.pdf Graphic file (type pdf)
<use all_slides/Topic4_Controllers.pdf, page 8>
Package pdftex.def Info: all_slides/Topic4_Controllers.pdf , page8 used on inpu
t line 13.
(pdftex.def)             Requested size: 364.40741pt x 204.97916pt.
File: all_slides/Topic4_Controllers.pdf Graphic file (type pdf)
<use all_slides/Topic4_Controllers.pdf, page 8>
Package pdftex.def Info: all_slides/Topic4_Controllers.pdf , page8 used on inpu
t line 13.
(pdftex.def)             Requested size: 364.40741pt x 204.97916pt.


File: all_slides/Topic4_Controllers.pdf Graphic file (type pdf)
<use all_slides/Topic4_Controllers.pdf, page 8>
Package pdftex.def Info: all_slides/Topic4_Controllers.pdf , page8 used on inpu
t line 13.
(pdftex.def)             Requested size: 364.40741pt x 204.97916pt.
[150

 <./all_slides/Topic4_Controllers.pdf>]
<all_slides/Topic4_Controllers.pdf, id=7023, page=9, 963.6pt x 542.025pt>
File: all_slides/Topic4_Controllers.pdf Graphic file (type pdf)
<use all_slides/Topic4_Controllers.pdf, page 9>
Package pdftex.def Info: all_slides/Topic4_Controllers.pdf , page9 used on inpu
t line 13.
(pdftex.def)             Requested size: 364.40741pt x 204.97916pt.
File: all_slides/Topic4_Controllers.pdf Graphic file (type pdf)
<use all_slides/Topic4_Controllers.pdf, page 9>
Package pdftex.def Info: all_slides/Topic4_Controllers.pdf , page9 used on inpu
t line 13.
(pdftex.def)             Requested size: 364.40741pt x 204.97916pt.


File: all_slides/Topic4_Controllers.pdf Graphic file (type pdf)
<use all_slides/Topic4_Controllers.pdf, page 9>
Package pdftex.def Info: all_slides/Topic4_Controllers.pdf , page9 used on inpu
t line 13.
(pdftex.def)             Requested size: 364.40741pt x 204.97916pt.
[151

 <./all_slides/Topic4_Controllers.pdf>]
<all_slides/Topic4_Controllers.pdf, id=7121, page=10, 963.6pt x 542.025pt>
File: all_slides/Topic4_Controllers.pdf Graphic file (type pdf)
<use all_slides/Topic4_Controllers.pdf, page 10>
Package pdftex.def Info: all_slides/Topic4_Controllers.pdf , page10 used on inp
ut line 13.
(pdftex.def)             Requested size: 364.40741pt x 204.97916pt.
File: all_slides/Topic4_Controllers.pdf Graphic file (type pdf)
<use all_slides/Topic4_Controllers.pdf, page 10>
Package pdftex.def Info: all_slides/Topic4_Controllers.pdf , page10 used on inp
ut line 13.
(pdftex.def)             Requested size: 364.40741pt x 204.97916pt.


File: all_slides/Topic4_Controllers.pdf Graphic file (type pdf)
<use all_slides/Topic4_Controllers.pdf, page 10>
Package pdftex.def Info: all_slides/Topic4_Controllers.pdf , page10 used on inp
ut line 13.
(pdftex.def)             Requested size: 364.40741pt x 204.97916pt.
[152

 <./all_slides/Topic4_Controllers.pdf>]
<all_slides/Topic4_Controllers.pdf, id=7174, page=11, 963.6pt x 542.025pt>
File: all_slides/Topic4_Controllers.pdf Graphic file (type pdf)
<use all_slides/Topic4_Controllers.pdf, page 11>
Package pdftex.def Info: all_slides/Topic4_Controllers.pdf , page11 used on inp
ut line 13.
(pdftex.def)             Requested size: 364.40741pt x 204.97916pt.
File: all_slides/Topic4_Controllers.pdf Graphic file (type pdf)
<use all_slides/Topic4_Controllers.pdf, page 11>
Package pdftex.def Info: all_slides/Topic4_Controllers.pdf , page11 used on inp
ut line 13.
(pdftex.def)             Requested size: 364.40741pt x 204.97916pt.


File: all_slides/Topic4_Controllers.pdf Graphic file (type pdf)
<use all_slides/Topic4_Controllers.pdf, page 11>
Package pdftex.def Info: all_slides/Topic4_Controllers.pdf , page11 used on inp
ut line 13.
(pdftex.def)             Requested size: 364.40741pt x 204.97916pt.
[153

 <./all_slides/Topic4_Controllers.pdf>]
<all_slides/Topic4_Controllers.pdf, id=7223, page=12, 963.6pt x 542.025pt>
File: all_slides/Topic4_Controllers.pdf Graphic file (type pdf)
<use all_slides/Topic4_Controllers.pdf, page 12>
Package pdftex.def Info: all_slides/Topic4_Controllers.pdf , page12 used on inp
ut line 13.
(pdftex.def)             Requested size: 364.40741pt x 204.97916pt.
File: all_slides/Topic4_Controllers.pdf Graphic file (type pdf)
<use all_slides/Topic4_Controllers.pdf, page 12>
Package pdftex.def Info: all_slides/Topic4_Controllers.pdf , page12 used on inp
ut line 13.
(pdftex.def)             Requested size: 364.40741pt x 204.97916pt.


File: all_slides/Topic4_Controllers.pdf Graphic file (type pdf)
<use all_slides/Topic4_Controllers.pdf, page 12>
Package pdftex.def Info: all_slides/Topic4_Controllers.pdf , page12 used on inp
ut line 13.
(pdftex.def)             Requested size: 364.40741pt x 204.97916pt.
[154

 <./all_slides/Topic4_Controllers.pdf>]
<all_slides/Topic4_Controllers.pdf, id=7252, page=13, 963.6pt x 542.025pt>
File: all_slides/Topic4_Controllers.pdf Graphic file (type pdf)
<use all_slides/Topic4_Controllers.pdf, page 13>
Package pdftex.def Info: all_slides/Topic4_Controllers.pdf , page13 used on inp
ut line 13.
(pdftex.def)             Requested size: 364.40741pt x 204.97916pt.
File: all_slides/Topic4_Controllers.pdf Graphic file (type pdf)
<use all_slides/Topic4_Controllers.pdf, page 13>
Package pdftex.def Info: all_slides/Topic4_Controllers.pdf , page13 used on inp
ut line 13.
(pdftex.def)             Requested size: 364.40741pt x 204.97916pt.


File: all_slides/Topic4_Controllers.pdf Graphic file (type pdf)
<use all_slides/Topic4_Controllers.pdf, page 13>
Package pdftex.def Info: all_slides/Topic4_Controllers.pdf , page13 used on inp
ut line 13.
(pdftex.def)             Requested size: 364.40741pt x 204.97916pt.
[155

 <./all_slides/Topic4_Controllers.pdf>]
<all_slides/Topic4_Controllers.pdf, id=7302, page=14, 963.6pt x 542.025pt>
File: all_slides/Topic4_Controllers.pdf Graphic file (type pdf)
<use all_slides/Topic4_Controllers.pdf, page 14>
Package pdftex.def Info: all_slides/Topic4_Controllers.pdf , page14 used on inp
ut line 13.
(pdftex.def)             Requested size: 364.40741pt x 204.97916pt.
File: all_slides/Topic4_Controllers.pdf Graphic file (type pdf)
<use all_slides/Topic4_Controllers.pdf, page 14>
Package pdftex.def Info: all_slides/Topic4_Controllers.pdf , page14 used on inp
ut line 13.
(pdftex.def)             Requested size: 364.40741pt x 204.97916pt.


File: all_slides/Topic4_Controllers.pdf Graphic file (type pdf)
<use all_slides/Topic4_Controllers.pdf, page 14>
Package pdftex.def Info: all_slides/Topic4_Controllers.pdf , page14 used on inp
ut line 13.
(pdftex.def)             Requested size: 364.40741pt x 204.97916pt.
[156

 <./all_slides/Topic4_Controllers.pdf>]
<all_slides/Topic4_Controllers.pdf, id=7335, page=15, 963.6pt x 542.025pt>
File: all_slides/Topic4_Controllers.pdf Graphic file (type pdf)
<use all_slides/Topic4_Controllers.pdf, page 15>
Package pdftex.def Info: all_slides/Topic4_Controllers.pdf , page15 used on inp
ut line 13.
(pdftex.def)             Requested size: 364.40741pt x 204.97916pt.
File: all_slides/Topic4_Controllers.pdf Graphic file (type pdf)
<use all_slides/Topic4_Controllers.pdf, page 15>
Package pdftex.def Info: all_slides/Topic4_Controllers.pdf , page15 used on inp
ut line 13.
(pdftex.def)             Requested size: 364.40741pt x 204.97916pt.


File: all_slides/Topic4_Controllers.pdf Graphic file (type pdf)
<use all_slides/Topic4_Controllers.pdf, page 15>
Package pdftex.def Info: all_slides/Topic4_Controllers.pdf , page15 used on inp
ut line 13.
(pdftex.def)             Requested size: 364.40741pt x 204.97916pt.
[157

 <./all_slides/Topic4_Controllers.pdf>]
<all_slides/Topic4_Controllers.pdf, id=7369, page=16, 963.6pt x 542.025pt>
File: all_slides/Topic4_Controllers.pdf Graphic file (type pdf)
<use all_slides/Topic4_Controllers.pdf, page 16>
Package pdftex.def Info: all_slides/Topic4_Controllers.pdf , page16 used on inp
ut line 13.
(pdftex.def)             Requested size: 364.40741pt x 204.97916pt.
File: all_slides/Topic4_Controllers.pdf Graphic file (type pdf)
<use all_slides/Topic4_Controllers.pdf, page 16>
Package pdftex.def Info: all_slides/Topic4_Controllers.pdf , page16 used on inp
ut line 13.
(pdftex.def)             Requested size: 364.40741pt x 204.97916pt.


File: all_slides/Topic4_Controllers.pdf Graphic file (type pdf)
<use all_slides/Topic4_Controllers.pdf, page 16>
Package pdftex.def Info: all_slides/Topic4_Controllers.pdf , page16 used on inp
ut line 13.
(pdftex.def)             Requested size: 364.40741pt x 204.97916pt.
[158

 <./all_slides/Topic4_Controllers.pdf>]
<all_slides/Topic4_Controllers.pdf, id=7402, page=17, 963.6pt x 542.025pt>
File: all_slides/Topic4_Controllers.pdf Graphic file (type pdf)
<use all_slides/Topic4_Controllers.pdf, page 17>
Package pdftex.def Info: all_slides/Topic4_Controllers.pdf , page17 used on inp
ut line 13.
(pdftex.def)             Requested size: 364.40741pt x 204.97916pt.
File: all_slides/Topic4_Controllers.pdf Graphic file (type pdf)
<use all_slides/Topic4_Controllers.pdf, page 17>
Package pdftex.def Info: all_slides/Topic4_Controllers.pdf , page17 used on inp
ut line 13.
(pdftex.def)             Requested size: 364.40741pt x 204.97916pt.


File: all_slides/Topic4_Controllers.pdf Graphic file (type pdf)
<use all_slides/Topic4_Controllers.pdf, page 17>
Package pdftex.def Info: all_slides/Topic4_Controllers.pdf , page17 used on inp
ut line 13.
(pdftex.def)             Requested size: 364.40741pt x 204.97916pt.
[159

 <./all_slides/Topic4_Controllers.pdf>]
<all_slides/Topic4_Controllers.pdf, id=7491, page=18, 963.6pt x 542.025pt>
File: all_slides/Topic4_Controllers.pdf Graphic file (type pdf)
<use all_slides/Topic4_Controllers.pdf, page 18>
Package pdftex.def Info: all_slides/Topic4_Controllers.pdf , page18 used on inp
ut line 13.
(pdftex.def)             Requested size: 364.40741pt x 204.97916pt.
File: all_slides/Topic4_Controllers.pdf Graphic file (type pdf)
<use all_slides/Topic4_Controllers.pdf, page 18>
Package pdftex.def Info: all_slides/Topic4_Controllers.pdf , page18 used on inp
ut line 13.
(pdftex.def)             Requested size: 364.40741pt x 204.97916pt.


File: all_slides/Topic4_Controllers.pdf Graphic file (type pdf)
<use all_slides/Topic4_Controllers.pdf, page 18>
Package pdftex.def Info: all_slides/Topic4_Controllers.pdf , page18 used on inp
ut line 13.
(pdftex.def)             Requested size: 364.40741pt x 204.97916pt.
[160

 <./all_slides/Topic4_Controllers.pdf>]
<all_slides/Topic4_Controllers.pdf, id=7533, page=19, 963.6pt x 542.025pt>
File: all_slides/Topic4_Controllers.pdf Graphic file (type pdf)
<use all_slides/Topic4_Controllers.pdf, page 19>
Package pdftex.def Info: all_slides/Topic4_Controllers.pdf , page19 used on inp
ut line 13.
(pdftex.def)             Requested size: 364.40741pt x 204.97916pt.
File: all_slides/Topic4_Controllers.pdf Graphic file (type pdf)
<use all_slides/Topic4_Controllers.pdf, page 19>
Package pdftex.def Info: all_slides/Topic4_Controllers.pdf , page19 used on inp
ut line 13.
(pdftex.def)             Requested size: 364.40741pt x 204.97916pt.


File: all_slides/Topic4_Controllers.pdf Graphic file (type pdf)
<use all_slides/Topic4_Controllers.pdf, page 19>
Package pdftex.def Info: all_slides/Topic4_Controllers.pdf , page19 used on inp
ut line 13.
(pdftex.def)             Requested size: 364.40741pt x 204.97916pt.
[161

 <./all_slides/Topic4_Controllers.pdf>]
<all_slides/Topic4_Controllers.pdf, id=7567, page=20, 963.6pt x 542.025pt>
File: all_slides/Topic4_Controllers.pdf Graphic file (type pdf)
<use all_slides/Topic4_Controllers.pdf, page 20>
Package pdftex.def Info: all_slides/Topic4_Controllers.pdf , page20 used on inp
ut line 13.
(pdftex.def)             Requested size: 364.40741pt x 204.97916pt.
File: all_slides/Topic4_Controllers.pdf Graphic file (type pdf)
<use all_slides/Topic4_Controllers.pdf, page 20>
Package pdftex.def Info: all_slides/Topic4_Controllers.pdf , page20 used on inp
ut line 13.
(pdftex.def)             Requested size: 364.40741pt x 204.97916pt.


File: all_slides/Topic4_Controllers.pdf Graphic file (type pdf)
<use all_slides/Topic4_Controllers.pdf, page 20>
Package pdftex.def Info: all_slides/Topic4_Controllers.pdf , page20 used on inp
ut line 13.
(pdftex.def)             Requested size: 364.40741pt x 204.97916pt.
[162

 <./all_slides/Topic4_Controllers.pdf>]
<all_slides/Topic4_Controllers.pdf, id=7600, page=21, 963.6pt x 542.025pt>
File: all_slides/Topic4_Controllers.pdf Graphic file (type pdf)
<use all_slides/Topic4_Controllers.pdf, page 21>
Package pdftex.def Info: all_slides/Topic4_Controllers.pdf , page21 used on inp
ut line 13.
(pdftex.def)             Requested size: 364.40741pt x 204.97916pt.
File: all_slides/Topic4_Controllers.pdf Graphic file (type pdf)
<use all_slides/Topic4_Controllers.pdf, page 21>
Package pdftex.def Info: all_slides/Topic4_Controllers.pdf , page21 used on inp
ut line 13.
(pdftex.def)             Requested size: 364.40741pt x 204.97916pt.


File: all_slides/Topic4_Controllers.pdf Graphic file (type pdf)
<use all_slides/Topic4_Controllers.pdf, page 21>
Package pdftex.def Info: all_slides/Topic4_Controllers.pdf , page21 used on inp
ut line 13.
(pdftex.def)             Requested size: 364.40741pt x 204.97916pt.
[163

 <./all_slides/Topic4_Controllers.pdf>]
<all_slides/Topic4_Controllers.pdf, id=7633, page=22, 963.6pt x 542.025pt>
File: all_slides/Topic4_Controllers.pdf Graphic file (type pdf)
<use all_slides/Topic4_Controllers.pdf, page 22>
Package pdftex.def Info: all_slides/Topic4_Controllers.pdf , page22 used on inp
ut line 13.
(pdftex.def)             Requested size: 364.40741pt x 204.97916pt.
File: all_slides/Topic4_Controllers.pdf Graphic file (type pdf)
<use all_slides/Topic4_Controllers.pdf, page 22>
Package pdftex.def Info: all_slides/Topic4_Controllers.pdf , page22 used on inp
ut line 13.
(pdftex.def)             Requested size: 364.40741pt x 204.97916pt.


File: all_slides/Topic4_Controllers.pdf Graphic file (type pdf)
<use all_slides/Topic4_Controllers.pdf, page 22>
Package pdftex.def Info: all_slides/Topic4_Controllers.pdf , page22 used on inp
ut line 13.
(pdftex.def)             Requested size: 364.40741pt x 204.97916pt.
[164

 <./all_slides/Topic4_Controllers.pdf>]
<all_slides/Topic4_Controllers.pdf, id=7693, page=23, 963.6pt x 542.025pt>
File: all_slides/Topic4_Controllers.pdf Graphic file (type pdf)
<use all_slides/Topic4_Controllers.pdf, page 23>
Package pdftex.def Info: all_slides/Topic4_Controllers.pdf , page23 used on inp
ut line 13.
(pdftex.def)             Requested size: 364.40741pt x 204.97916pt.
File: all_slides/Topic4_Controllers.pdf Graphic file (type pdf)
<use all_slides/Topic4_Controllers.pdf, page 23>
Package pdftex.def Info: all_slides/Topic4_Controllers.pdf , page23 used on inp
ut line 13.
(pdftex.def)             Requested size: 364.40741pt x 204.97916pt.


File: all_slides/Topic4_Controllers.pdf Graphic file (type pdf)
<use all_slides/Topic4_Controllers.pdf, page 23>
Package pdftex.def Info: all_slides/Topic4_Controllers.pdf , page23 used on inp
ut line 13.
(pdftex.def)             Requested size: 364.40741pt x 204.97916pt.
[165

 <./all_slides/Topic4_Controllers.pdf>]
<all_slides/Topic4_Controllers.pdf, id=7724, page=24, 963.6pt x 542.025pt>
File: all_slides/Topic4_Controllers.pdf Graphic file (type pdf)
<use all_slides/Topic4_Controllers.pdf, page 24>
Package pdftex.def Info: all_slides/Topic4_Controllers.pdf , page24 used on inp
ut line 13.
(pdftex.def)             Requested size: 364.40741pt x 204.97916pt.
File: all_slides/Topic4_Controllers.pdf Graphic file (type pdf)
<use all_slides/Topic4_Controllers.pdf, page 24>
Package pdftex.def Info: all_slides/Topic4_Controllers.pdf , page24 used on inp
ut line 13.
(pdftex.def)             Requested size: 364.40741pt x 204.97916pt.


File: all_slides/Topic4_Controllers.pdf Graphic file (type pdf)
<use all_slides/Topic4_Controllers.pdf, page 24>
Package pdftex.def Info: all_slides/Topic4_Controllers.pdf , page24 used on inp
ut line 13.
(pdftex.def)             Requested size: 364.40741pt x 204.97916pt.
[166

 <./all_slides/Topic4_Controllers.pdf>]
<all_slides/Topic4_Controllers.pdf, id=7765, page=25, 963.6pt x 542.025pt>
File: all_slides/Topic4_Controllers.pdf Graphic file (type pdf)
<use all_slides/Topic4_Controllers.pdf, page 25>
Package pdftex.def Info: all_slides/Topic4_Controllers.pdf , page25 used on inp
ut line 13.
(pdftex.def)             Requested size: 364.40741pt x 204.97916pt.
File: all_slides/Topic4_Controllers.pdf Graphic file (type pdf)
<use all_slides/Topic4_Controllers.pdf, page 25>
Package pdftex.def Info: all_slides/Topic4_Controllers.pdf , page25 used on inp
ut line 13.
(pdftex.def)             Requested size: 364.40741pt x 204.97916pt.


File: all_slides/Topic4_Controllers.pdf Graphic file (type pdf)
<use all_slides/Topic4_Controllers.pdf, page 25>
Package pdftex.def Info: all_slides/Topic4_Controllers.pdf , page25 used on inp
ut line 13.
(pdftex.def)             Requested size: 364.40741pt x 204.97916pt.
[167

 <./all_slides/Topic4_Controllers.pdf>]
<all_slides/Topic4_Controllers.pdf, id=7827, page=26, 963.6pt x 542.025pt>
File: all_slides/Topic4_Controllers.pdf Graphic file (type pdf)
<use all_slides/Topic4_Controllers.pdf, page 26>
Package pdftex.def Info: all_slides/Topic4_Controllers.pdf , page26 used on inp
ut line 13.
(pdftex.def)             Requested size: 364.40741pt x 204.97916pt.
File: all_slides/Topic4_Controllers.pdf Graphic file (type pdf)
<use all_slides/Topic4_Controllers.pdf, page 26>
Package pdftex.def Info: all_slides/Topic4_Controllers.pdf , page26 used on inp
ut line 13.
(pdftex.def)             Requested size: 364.40741pt x 204.97916pt.


File: all_slides/Topic4_Controllers.pdf Graphic file (type pdf)
<use all_slides/Topic4_Controllers.pdf, page 26>
Package pdftex.def Info: all_slides/Topic4_Controllers.pdf , page26 used on inp
ut line 13.
(pdftex.def)             Requested size: 364.40741pt x 204.97916pt.
[168

 <./all_slides/Topic4_Controllers.pdf>]
<all_slides/Topic4_Controllers.pdf, id=7868, page=27, 963.6pt x 542.025pt>
File: all_slides/Topic4_Controllers.pdf Graphic file (type pdf)
<use all_slides/Topic4_Controllers.pdf, page 27>
Package pdftex.def Info: all_slides/Topic4_Controllers.pdf , page27 used on inp
ut line 13.
(pdftex.def)             Requested size: 364.40741pt x 204.97916pt.
File: all_slides/Topic4_Controllers.pdf Graphic file (type pdf)
<use all_slides/Topic4_Controllers.pdf, page 27>
Package pdftex.def Info: all_slides/Topic4_Controllers.pdf , page27 used on inp
ut line 13.
(pdftex.def)             Requested size: 364.40741pt x 204.97916pt.


File: all_slides/Topic4_Controllers.pdf Graphic file (type pdf)
<use all_slides/Topic4_Controllers.pdf, page 27>
Package pdftex.def Info: all_slides/Topic4_Controllers.pdf , page27 used on inp
ut line 13.
(pdftex.def)             Requested size: 364.40741pt x 204.97916pt.
[169

 <./all_slides/Topic4_Controllers.pdf>]
<all_slides/Topic4B_SystemVerilog_Constructs.pdf, id=7900, 963.6pt x 542.025pt>

File: all_slides/Topic4B_SystemVerilog_Constructs.pdf Graphic file (type pdf)
<use all_slides/Topic4B_SystemVerilog_Constructs.pdf>
Package pdftex.def Info: all_slides/Topic4B_SystemVerilog_Constructs.pdf  used 
on input line 14.
(pdftex.def)             Requested size: 963.59766pt x 542.02367pt.
<all_slides/Topic4B_SystemVerilog_Constructs.pdf, id=7902, page=1, 963.6pt x 54
2.025pt>
File: all_slides/Topic4B_SystemVerilog_Constructs.pdf Graphic file (type pdf)
<use all_slides/Topic4B_SystemVerilog_Constructs.pdf, page 1>
Package pdftex.def Info: all_slides/Topic4B_SystemVerilog_Constructs.pdf , page
1 used on input line 14.
(pdftex.def)             Requested size: 963.59766pt x 542.02367pt.
File: all_slides/Topic4B_SystemVerilog_Constructs.pdf Graphic file (type pdf)
<use all_slides/Topic4B_SystemVerilog_Constructs.pdf, page 1>
Package pdftex.def Info: all_slides/Topic4B_SystemVerilog_Constructs.pdf , page
1 used on input line 14.
(pdftex.def)             Requested size: 364.40741pt x 204.97916pt.
File: all_slides/Topic4B_SystemVerilog_Constructs.pdf Graphic file (type pdf)
<use all_slides/Topic4B_SystemVerilog_Constructs.pdf, page 1>
Package pdftex.def Info: all_slides/Topic4B_SystemVerilog_Constructs.pdf , page
1 used on input line 14.
(pdftex.def)             Requested size: 364.40741pt x 204.97916pt.
File: all_slides/Topic4B_SystemVerilog_Constructs.pdf Graphic file (type pdf)
<use all_slides/Topic4B_SystemVerilog_Constructs.pdf, page 1>
Package pdftex.def Info: all_slides/Topic4B_SystemVerilog_Constructs.pdf , page
1 used on input line 14.
(pdftex.def)             Requested size: 364.40741pt x 204.97916pt.


File: all_slides/Topic4B_SystemVerilog_Constructs.pdf Graphic file (type pdf)
<use all_slides/Topic4B_SystemVerilog_Constructs.pdf, page 1>
Package pdftex.def Info: all_slides/Topic4B_SystemVerilog_Constructs.pdf , page
1 used on input line 14.
(pdftex.def)             Requested size: 364.40741pt x 204.97916pt.
[170

 <./all_slides/Topic4B_SystemVerilog_Constructs.pdf>]
<all_slides/Topic4B_SystemVerilog_Constructs.pdf, id=7955, page=2, 963.6pt x 54
2.025pt>
File: all_slides/Topic4B_SystemVerilog_Constructs.pdf Graphic file (type pdf)
<use all_slides/Topic4B_SystemVerilog_Constructs.pdf, page 2>
Package pdftex.def Info: all_slides/Topic4B_SystemVerilog_Constructs.pdf , page
2 used on input line 14.
(pdftex.def)             Requested size: 364.40741pt x 204.97916pt.
File: all_slides/Topic4B_SystemVerilog_Constructs.pdf Graphic file (type pdf)
<use all_slides/Topic4B_SystemVerilog_Constructs.pdf, page 2>
Package pdftex.def Info: all_slides/Topic4B_SystemVerilog_Constructs.pdf , page
2 used on input line 14.
(pdftex.def)             Requested size: 364.40741pt x 204.97916pt.


File: all_slides/Topic4B_SystemVerilog_Constructs.pdf Graphic file (type pdf)
<use all_slides/Topic4B_SystemVerilog_Constructs.pdf, page 2>
Package pdftex.def Info: all_slides/Topic4B_SystemVerilog_Constructs.pdf , page
2 used on input line 14.
(pdftex.def)             Requested size: 364.40741pt x 204.97916pt.
[171

 <./all_slides/Topic4B_SystemVerilog_Constructs.pdf>]
<all_slides/Topic4B_SystemVerilog_Constructs.pdf, id=8048, page=3, 963.6pt x 54
2.025pt>
File: all_slides/Topic4B_SystemVerilog_Constructs.pdf Graphic file (type pdf)
<use all_slides/Topic4B_SystemVerilog_Constructs.pdf, page 3>
Package pdftex.def Info: all_slides/Topic4B_SystemVerilog_Constructs.pdf , page
3 used on input line 14.
(pdftex.def)             Requested size: 364.40741pt x 204.97916pt.
File: all_slides/Topic4B_SystemVerilog_Constructs.pdf Graphic file (type pdf)
<use all_slides/Topic4B_SystemVerilog_Constructs.pdf, page 3>
Package pdftex.def Info: all_slides/Topic4B_SystemVerilog_Constructs.pdf , page
3 used on input line 14.
(pdftex.def)             Requested size: 364.40741pt x 204.97916pt.


File: all_slides/Topic4B_SystemVerilog_Constructs.pdf Graphic file (type pdf)
<use all_slides/Topic4B_SystemVerilog_Constructs.pdf, page 3>
Package pdftex.def Info: all_slides/Topic4B_SystemVerilog_Constructs.pdf , page
3 used on input line 14.
(pdftex.def)             Requested size: 364.40741pt x 204.97916pt.
[172

 <./all_slides/Topic4B_SystemVerilog_Constructs.pdf>]
<all_slides/Topic4B_SystemVerilog_Constructs.pdf, id=8112, page=4, 963.6pt x 54
2.025pt>
File: all_slides/Topic4B_SystemVerilog_Constructs.pdf Graphic file (type pdf)
<use all_slides/Topic4B_SystemVerilog_Constructs.pdf, page 4>
Package pdftex.def Info: all_slides/Topic4B_SystemVerilog_Constructs.pdf , page
4 used on input line 14.
(pdftex.def)             Requested size: 364.40741pt x 204.97916pt.
File: all_slides/Topic4B_SystemVerilog_Constructs.pdf Graphic file (type pdf)
<use all_slides/Topic4B_SystemVerilog_Constructs.pdf, page 4>
Package pdftex.def Info: all_slides/Topic4B_SystemVerilog_Constructs.pdf , page
4 used on input line 14.
(pdftex.def)             Requested size: 364.40741pt x 204.97916pt.


File: all_slides/Topic4B_SystemVerilog_Constructs.pdf Graphic file (type pdf)
<use all_slides/Topic4B_SystemVerilog_Constructs.pdf, page 4>
Package pdftex.def Info: all_slides/Topic4B_SystemVerilog_Constructs.pdf , page
4 used on input line 14.
(pdftex.def)             Requested size: 364.40741pt x 204.97916pt.
[173

 <./all_slides/Topic4B_SystemVerilog_Constructs.pdf>]
<all_slides/Topic4B_SystemVerilog_Constructs.pdf, id=8147, page=5, 963.6pt x 54
2.025pt>
File: all_slides/Topic4B_SystemVerilog_Constructs.pdf Graphic file (type pdf)
<use all_slides/Topic4B_SystemVerilog_Constructs.pdf, page 5>
Package pdftex.def Info: all_slides/Topic4B_SystemVerilog_Constructs.pdf , page
5 used on input line 14.
(pdftex.def)             Requested size: 364.40741pt x 204.97916pt.
File: all_slides/Topic4B_SystemVerilog_Constructs.pdf Graphic file (type pdf)
<use all_slides/Topic4B_SystemVerilog_Constructs.pdf, page 5>
Package pdftex.def Info: all_slides/Topic4B_SystemVerilog_Constructs.pdf , page
5 used on input line 14.
(pdftex.def)             Requested size: 364.40741pt x 204.97916pt.


File: all_slides/Topic4B_SystemVerilog_Constructs.pdf Graphic file (type pdf)
<use all_slides/Topic4B_SystemVerilog_Constructs.pdf, page 5>
Package pdftex.def Info: all_slides/Topic4B_SystemVerilog_Constructs.pdf , page
5 used on input line 14.
(pdftex.def)             Requested size: 364.40741pt x 204.97916pt.
[174

 <./all_slides/Topic4B_SystemVerilog_Constructs.pdf>]
<all_slides/Topic4B_SystemVerilog_Constructs.pdf, id=8202, page=6, 963.6pt x 54
2.025pt>
File: all_slides/Topic4B_SystemVerilog_Constructs.pdf Graphic file (type pdf)
<use all_slides/Topic4B_SystemVerilog_Constructs.pdf, page 6>
Package pdftex.def Info: all_slides/Topic4B_SystemVerilog_Constructs.pdf , page
6 used on input line 14.
(pdftex.def)             Requested size: 364.40741pt x 204.97916pt.
File: all_slides/Topic4B_SystemVerilog_Constructs.pdf Graphic file (type pdf)
<use all_slides/Topic4B_SystemVerilog_Constructs.pdf, page 6>
Package pdftex.def Info: all_slides/Topic4B_SystemVerilog_Constructs.pdf , page
6 used on input line 14.
(pdftex.def)             Requested size: 364.40741pt x 204.97916pt.


File: all_slides/Topic4B_SystemVerilog_Constructs.pdf Graphic file (type pdf)
<use all_slides/Topic4B_SystemVerilog_Constructs.pdf, page 6>
Package pdftex.def Info: all_slides/Topic4B_SystemVerilog_Constructs.pdf , page
6 used on input line 14.
(pdftex.def)             Requested size: 364.40741pt x 204.97916pt.
[175

 <./all_slides/Topic4B_SystemVerilog_Constructs.pdf>]
<all_slides/Topic4B_SystemVerilog_Constructs.pdf, id=8260, page=7, 963.6pt x 54
2.025pt>
File: all_slides/Topic4B_SystemVerilog_Constructs.pdf Graphic file (type pdf)
<use all_slides/Topic4B_SystemVerilog_Constructs.pdf, page 7>
Package pdftex.def Info: all_slides/Topic4B_SystemVerilog_Constructs.pdf , page
7 used on input line 14.
(pdftex.def)             Requested size: 364.40741pt x 204.97916pt.
File: all_slides/Topic4B_SystemVerilog_Constructs.pdf Graphic file (type pdf)
<use all_slides/Topic4B_SystemVerilog_Constructs.pdf, page 7>
Package pdftex.def Info: all_slides/Topic4B_SystemVerilog_Constructs.pdf , page
7 used on input line 14.
(pdftex.def)             Requested size: 364.40741pt x 204.97916pt.


File: all_slides/Topic4B_SystemVerilog_Constructs.pdf Graphic file (type pdf)
<use all_slides/Topic4B_SystemVerilog_Constructs.pdf, page 7>
Package pdftex.def Info: all_slides/Topic4B_SystemVerilog_Constructs.pdf , page
7 used on input line 14.
(pdftex.def)             Requested size: 364.40741pt x 204.97916pt.
[176

 <./all_slides/Topic4B_SystemVerilog_Constructs.pdf>]
<all_slides/Topic4B_SystemVerilog_Constructs.pdf, id=8306, page=8, 963.6pt x 54
2.025pt>
File: all_slides/Topic4B_SystemVerilog_Constructs.pdf Graphic file (type pdf)
<use all_slides/Topic4B_SystemVerilog_Constructs.pdf, page 8>
Package pdftex.def Info: all_slides/Topic4B_SystemVerilog_Constructs.pdf , page
8 used on input line 14.
(pdftex.def)             Requested size: 364.40741pt x 204.97916pt.
File: all_slides/Topic4B_SystemVerilog_Constructs.pdf Graphic file (type pdf)
<use all_slides/Topic4B_SystemVerilog_Constructs.pdf, page 8>
Package pdftex.def Info: all_slides/Topic4B_SystemVerilog_Constructs.pdf , page
8 used on input line 14.
(pdftex.def)             Requested size: 364.40741pt x 204.97916pt.


File: all_slides/Topic4B_SystemVerilog_Constructs.pdf Graphic file (type pdf)
<use all_slides/Topic4B_SystemVerilog_Constructs.pdf, page 8>
Package pdftex.def Info: all_slides/Topic4B_SystemVerilog_Constructs.pdf , page
8 used on input line 14.
(pdftex.def)             Requested size: 364.40741pt x 204.97916pt.
[177

 <./all_slides/Topic4B_SystemVerilog_Constructs.pdf>]
<all_slides/Topic4B_SystemVerilog_Constructs.pdf, id=8389, page=9, 963.6pt x 54
2.025pt>
File: all_slides/Topic4B_SystemVerilog_Constructs.pdf Graphic file (type pdf)
<use all_slides/Topic4B_SystemVerilog_Constructs.pdf, page 9>
Package pdftex.def Info: all_slides/Topic4B_SystemVerilog_Constructs.pdf , page
9 used on input line 14.
(pdftex.def)             Requested size: 364.40741pt x 204.97916pt.
File: all_slides/Topic4B_SystemVerilog_Constructs.pdf Graphic file (type pdf)
<use all_slides/Topic4B_SystemVerilog_Constructs.pdf, page 9>
Package pdftex.def Info: all_slides/Topic4B_SystemVerilog_Constructs.pdf , page
9 used on input line 14.
(pdftex.def)             Requested size: 364.40741pt x 204.97916pt.


File: all_slides/Topic4B_SystemVerilog_Constructs.pdf Graphic file (type pdf)
<use all_slides/Topic4B_SystemVerilog_Constructs.pdf, page 9>
Package pdftex.def Info: all_slides/Topic4B_SystemVerilog_Constructs.pdf , page
9 used on input line 14.
(pdftex.def)             Requested size: 364.40741pt x 204.97916pt.
[178

 <./all_slides/Topic4B_SystemVerilog_Constructs.pdf>]
<all_slides/Topic4B_SystemVerilog_Constructs.pdf, id=8467, page=10, 963.6pt x 5
42.025pt>
File: all_slides/Topic4B_SystemVerilog_Constructs.pdf Graphic file (type pdf)
<use all_slides/Topic4B_SystemVerilog_Constructs.pdf, page 10>
Package pdftex.def Info: all_slides/Topic4B_SystemVerilog_Constructs.pdf , page
10 used on input line 14.
(pdftex.def)             Requested size: 364.40741pt x 204.97916pt.
File: all_slides/Topic4B_SystemVerilog_Constructs.pdf Graphic file (type pdf)
<use all_slides/Topic4B_SystemVerilog_Constructs.pdf, page 10>
Package pdftex.def Info: all_slides/Topic4B_SystemVerilog_Constructs.pdf , page
10 used on input line 14.
(pdftex.def)             Requested size: 364.40741pt x 204.97916pt.


File: all_slides/Topic4B_SystemVerilog_Constructs.pdf Graphic file (type pdf)
<use all_slides/Topic4B_SystemVerilog_Constructs.pdf, page 10>
Package pdftex.def Info: all_slides/Topic4B_SystemVerilog_Constructs.pdf , page
10 used on input line 14.
(pdftex.def)             Requested size: 364.40741pt x 204.97916pt.
[179

 <./all_slides/Topic4B_SystemVerilog_Constructs.pdf>]
<all_slides/Topic4B_SystemVerilog_Constructs.pdf, id=8554, page=11, 963.6pt x 5
42.025pt>
File: all_slides/Topic4B_SystemVerilog_Constructs.pdf Graphic file (type pdf)
<use all_slides/Topic4B_SystemVerilog_Constructs.pdf, page 11>
Package pdftex.def Info: all_slides/Topic4B_SystemVerilog_Constructs.pdf , page
11 used on input line 14.
(pdftex.def)             Requested size: 364.40741pt x 204.97916pt.
File: all_slides/Topic4B_SystemVerilog_Constructs.pdf Graphic file (type pdf)
<use all_slides/Topic4B_SystemVerilog_Constructs.pdf, page 11>
Package pdftex.def Info: all_slides/Topic4B_SystemVerilog_Constructs.pdf , page
11 used on input line 14.
(pdftex.def)             Requested size: 364.40741pt x 204.97916pt.


File: all_slides/Topic4B_SystemVerilog_Constructs.pdf Graphic file (type pdf)
<use all_slides/Topic4B_SystemVerilog_Constructs.pdf, page 11>
Package pdftex.def Info: all_slides/Topic4B_SystemVerilog_Constructs.pdf , page
11 used on input line 14.
(pdftex.def)             Requested size: 364.40741pt x 204.97916pt.
[180

 <./all_slides/Topic4B_SystemVerilog_Constructs.pdf>]
<all_slides/Topic4B_SystemVerilog_Constructs.pdf, id=8586, page=12, 963.6pt x 5
42.025pt>
File: all_slides/Topic4B_SystemVerilog_Constructs.pdf Graphic file (type pdf)
<use all_slides/Topic4B_SystemVerilog_Constructs.pdf, page 12>
Package pdftex.def Info: all_slides/Topic4B_SystemVerilog_Constructs.pdf , page
12 used on input line 14.
(pdftex.def)             Requested size: 364.40741pt x 204.97916pt.
File: all_slides/Topic4B_SystemVerilog_Constructs.pdf Graphic file (type pdf)
<use all_slides/Topic4B_SystemVerilog_Constructs.pdf, page 12>
Package pdftex.def Info: all_slides/Topic4B_SystemVerilog_Constructs.pdf , page
12 used on input line 14.
(pdftex.def)             Requested size: 364.40741pt x 204.97916pt.


File: all_slides/Topic4B_SystemVerilog_Constructs.pdf Graphic file (type pdf)
<use all_slides/Topic4B_SystemVerilog_Constructs.pdf, page 12>
Package pdftex.def Info: all_slides/Topic4B_SystemVerilog_Constructs.pdf , page
12 used on input line 14.
(pdftex.def)             Requested size: 364.40741pt x 204.97916pt.
[181

 <./all_slides/Topic4B_SystemVerilog_Constructs.pdf>]
<all_slides/Topic5_RTL Methodology.pdf, id=8618, 963.6pt x 542.025pt>
File: all_slides/Topic5_RTL Methodology.pdf Graphic file (type pdf)
<use all_slides/Topic5_RTL Methodology.pdf>
Package pdftex.def Info: all_slides/Topic5_RTL Methodology.pdf  used on input l
ine 15.
(pdftex.def)             Requested size: 963.59766pt x 542.02367pt.
<all_slides/Topic5_RTL Methodology.pdf, id=8620, page=1, 963.6pt x 542.025pt>
File: all_slides/Topic5_RTL Methodology.pdf Graphic file (type pdf)
<use all_slides/Topic5_RTL Methodology.pdf, page 1>
Package pdftex.def Info: all_slides/Topic5_RTL Methodology.pdf , page1 used on 
input line 15.
(pdftex.def)             Requested size: 963.59766pt x 542.02367pt.
File: all_slides/Topic5_RTL Methodology.pdf Graphic file (type pdf)
<use all_slides/Topic5_RTL Methodology.pdf, page 1>
Package pdftex.def Info: all_slides/Topic5_RTL Methodology.pdf , page1 used on 
input line 15.
(pdftex.def)             Requested size: 364.40741pt x 204.97916pt.
File: all_slides/Topic5_RTL Methodology.pdf Graphic file (type pdf)
<use all_slides/Topic5_RTL Methodology.pdf, page 1>
Package pdftex.def Info: all_slides/Topic5_RTL Methodology.pdf , page1 used on 
input line 15.
(pdftex.def)             Requested size: 364.40741pt x 204.97916pt.
File: all_slides/Topic5_RTL Methodology.pdf Graphic file (type pdf)
<use all_slides/Topic5_RTL Methodology.pdf, page 1>
Package pdftex.def Info: all_slides/Topic5_RTL Methodology.pdf , page1 used on 
input line 15.
(pdftex.def)             Requested size: 364.40741pt x 204.97916pt.


File: all_slides/Topic5_RTL Methodology.pdf Graphic file (type pdf)
<use all_slides/Topic5_RTL Methodology.pdf, page 1>
Package pdftex.def Info: all_slides/Topic5_RTL Methodology.pdf , page1 used on 
input line 15.
(pdftex.def)             Requested size: 364.40741pt x 204.97916pt.
[182

 <./all_slides/Topic5_RTL Methodology.pdf>]
<all_slides/Topic5_RTL Methodology.pdf, id=8666, page=2, 963.6pt x 542.025pt>
File: all_slides/Topic5_RTL Methodology.pdf Graphic file (type pdf)
<use all_slides/Topic5_RTL Methodology.pdf, page 2>
Package pdftex.def Info: all_slides/Topic5_RTL Methodology.pdf , page2 used on 
input line 15.
(pdftex.def)             Requested size: 364.40741pt x 204.97916pt.
File: all_slides/Topic5_RTL Methodology.pdf Graphic file (type pdf)
<use all_slides/Topic5_RTL Methodology.pdf, page 2>
Package pdftex.def Info: all_slides/Topic5_RTL Methodology.pdf , page2 used on 
input line 15.
(pdftex.def)             Requested size: 364.40741pt x 204.97916pt.


File: all_slides/Topic5_RTL Methodology.pdf Graphic file (type pdf)
<use all_slides/Topic5_RTL Methodology.pdf, page 2>
Package pdftex.def Info: all_slides/Topic5_RTL Methodology.pdf , page2 used on 
input line 15.
(pdftex.def)             Requested size: 364.40741pt x 204.97916pt.
[183

 <./all_slides/Topic5_RTL Methodology.pdf>]
<all_slides/Topic5_RTL Methodology.pdf, id=8702, page=3, 963.6pt x 542.025pt>
File: all_slides/Topic5_RTL Methodology.pdf Graphic file (type pdf)
<use all_slides/Topic5_RTL Methodology.pdf, page 3>
Package pdftex.def Info: all_slides/Topic5_RTL Methodology.pdf , page3 used on 
input line 15.
(pdftex.def)             Requested size: 364.40741pt x 204.97916pt.
File: all_slides/Topic5_RTL Methodology.pdf Graphic file (type pdf)
<use all_slides/Topic5_RTL Methodology.pdf, page 3>
Package pdftex.def Info: all_slides/Topic5_RTL Methodology.pdf , page3 used on 
input line 15.
(pdftex.def)             Requested size: 364.40741pt x 204.97916pt.


File: all_slides/Topic5_RTL Methodology.pdf Graphic file (type pdf)
<use all_slides/Topic5_RTL Methodology.pdf, page 3>
Package pdftex.def Info: all_slides/Topic5_RTL Methodology.pdf , page3 used on 
input line 15.
(pdftex.def)             Requested size: 364.40741pt x 204.97916pt.
[184

 <./all_slides/Topic5_RTL Methodology.pdf>]
<all_slides/Topic5_RTL Methodology.pdf, id=8741, page=4, 963.6pt x 542.025pt>
File: all_slides/Topic5_RTL Methodology.pdf Graphic file (type pdf)
<use all_slides/Topic5_RTL Methodology.pdf, page 4>
Package pdftex.def Info: all_slides/Topic5_RTL Methodology.pdf , page4 used on 
input line 15.
(pdftex.def)             Requested size: 364.40741pt x 204.97916pt.
File: all_slides/Topic5_RTL Methodology.pdf Graphic file (type pdf)
<use all_slides/Topic5_RTL Methodology.pdf, page 4>
Package pdftex.def Info: all_slides/Topic5_RTL Methodology.pdf , page4 used on 
input line 15.
(pdftex.def)             Requested size: 364.40741pt x 204.97916pt.


File: all_slides/Topic5_RTL Methodology.pdf Graphic file (type pdf)
<use all_slides/Topic5_RTL Methodology.pdf, page 4>
Package pdftex.def Info: all_slides/Topic5_RTL Methodology.pdf , page4 used on 
input line 15.
(pdftex.def)             Requested size: 364.40741pt x 204.97916pt.
[185

 <./all_slides/Topic5_RTL Methodology.pdf>]
<all_slides/Topic5_RTL Methodology.pdf, id=8772, page=5, 963.6pt x 542.025pt>
File: all_slides/Topic5_RTL Methodology.pdf Graphic file (type pdf)
<use all_slides/Topic5_RTL Methodology.pdf, page 5>
Package pdftex.def Info: all_slides/Topic5_RTL Methodology.pdf , page5 used on 
input line 15.
(pdftex.def)             Requested size: 364.40741pt x 204.97916pt.
File: all_slides/Topic5_RTL Methodology.pdf Graphic file (type pdf)
<use all_slides/Topic5_RTL Methodology.pdf, page 5>
Package pdftex.def Info: all_slides/Topic5_RTL Methodology.pdf , page5 used on 
input line 15.
(pdftex.def)             Requested size: 364.40741pt x 204.97916pt.


File: all_slides/Topic5_RTL Methodology.pdf Graphic file (type pdf)
<use all_slides/Topic5_RTL Methodology.pdf, page 5>
Package pdftex.def Info: all_slides/Topic5_RTL Methodology.pdf , page5 used on 
input line 15.
(pdftex.def)             Requested size: 364.40741pt x 204.97916pt.
[186

 <./all_slides/Topic5_RTL Methodology.pdf>]
<all_slides/Topic5_RTL Methodology.pdf, id=8818, page=6, 963.6pt x 542.025pt>
File: all_slides/Topic5_RTL Methodology.pdf Graphic file (type pdf)
<use all_slides/Topic5_RTL Methodology.pdf, page 6>
Package pdftex.def Info: all_slides/Topic5_RTL Methodology.pdf , page6 used on 
input line 15.
(pdftex.def)             Requested size: 364.40741pt x 204.97916pt.
File: all_slides/Topic5_RTL Methodology.pdf Graphic file (type pdf)
<use all_slides/Topic5_RTL Methodology.pdf, page 6>
Package pdftex.def Info: all_slides/Topic5_RTL Methodology.pdf , page6 used on 
input line 15.
(pdftex.def)             Requested size: 364.40741pt x 204.97916pt.


File: all_slides/Topic5_RTL Methodology.pdf Graphic file (type pdf)
<use all_slides/Topic5_RTL Methodology.pdf, page 6>
Package pdftex.def Info: all_slides/Topic5_RTL Methodology.pdf , page6 used on 
input line 15.
(pdftex.def)             Requested size: 364.40741pt x 204.97916pt.
[187

 <./all_slides/Topic5_RTL Methodology.pdf>]
<all_slides/Topic5_RTL Methodology.pdf, id=8854, page=7, 963.6pt x 542.025pt>
File: all_slides/Topic5_RTL Methodology.pdf Graphic file (type pdf)
<use all_slides/Topic5_RTL Methodology.pdf, page 7>
Package pdftex.def Info: all_slides/Topic5_RTL Methodology.pdf , page7 used on 
input line 15.
(pdftex.def)             Requested size: 364.40741pt x 204.97916pt.
File: all_slides/Topic5_RTL Methodology.pdf Graphic file (type pdf)
<use all_slides/Topic5_RTL Methodology.pdf, page 7>
Package pdftex.def Info: all_slides/Topic5_RTL Methodology.pdf , page7 used on 
input line 15.
(pdftex.def)             Requested size: 364.40741pt x 204.97916pt.


File: all_slides/Topic5_RTL Methodology.pdf Graphic file (type pdf)
<use all_slides/Topic5_RTL Methodology.pdf, page 7>
Package pdftex.def Info: all_slides/Topic5_RTL Methodology.pdf , page7 used on 
input line 15.
(pdftex.def)             Requested size: 364.40741pt x 204.97916pt.
[188

 <./all_slides/Topic5_RTL Methodology.pdf>]
<all_slides/Topic5_RTL Methodology.pdf, id=8908, page=8, 963.6pt x 542.025pt>
File: all_slides/Topic5_RTL Methodology.pdf Graphic file (type pdf)
<use all_slides/Topic5_RTL Methodology.pdf, page 8>
Package pdftex.def Info: all_slides/Topic5_RTL Methodology.pdf , page8 used on 
input line 15.
(pdftex.def)             Requested size: 364.40741pt x 204.97916pt.
File: all_slides/Topic5_RTL Methodology.pdf Graphic file (type pdf)
<use all_slides/Topic5_RTL Methodology.pdf, page 8>
Package pdftex.def Info: all_slides/Topic5_RTL Methodology.pdf , page8 used on 
input line 15.
(pdftex.def)             Requested size: 364.40741pt x 204.97916pt.


File: all_slides/Topic5_RTL Methodology.pdf Graphic file (type pdf)
<use all_slides/Topic5_RTL Methodology.pdf, page 8>
Package pdftex.def Info: all_slides/Topic5_RTL Methodology.pdf , page8 used on 
input line 15.
(pdftex.def)             Requested size: 364.40741pt x 204.97916pt.
[189

 <./all_slides/Topic5_RTL Methodology.pdf>]
<all_slides/Topic5_RTL Methodology.pdf, id=8965, page=9, 963.6pt x 542.025pt>
File: all_slides/Topic5_RTL Methodology.pdf Graphic file (type pdf)
<use all_slides/Topic5_RTL Methodology.pdf, page 9>
Package pdftex.def Info: all_slides/Topic5_RTL Methodology.pdf , page9 used on 
input line 15.
(pdftex.def)             Requested size: 364.40741pt x 204.97916pt.
File: all_slides/Topic5_RTL Methodology.pdf Graphic file (type pdf)
<use all_slides/Topic5_RTL Methodology.pdf, page 9>
Package pdftex.def Info: all_slides/Topic5_RTL Methodology.pdf , page9 used on 
input line 15.
(pdftex.def)             Requested size: 364.40741pt x 204.97916pt.


File: all_slides/Topic5_RTL Methodology.pdf Graphic file (type pdf)
<use all_slides/Topic5_RTL Methodology.pdf, page 9>
Package pdftex.def Info: all_slides/Topic5_RTL Methodology.pdf , page9 used on 
input line 15.
(pdftex.def)             Requested size: 364.40741pt x 204.97916pt.
[190

 <./all_slides/Topic5_RTL Methodology.pdf>]
<all_slides/Topic5_RTL Methodology.pdf, id=9016, page=10, 963.6pt x 542.025pt>
File: all_slides/Topic5_RTL Methodology.pdf Graphic file (type pdf)
<use all_slides/Topic5_RTL Methodology.pdf, page 10>
Package pdftex.def Info: all_slides/Topic5_RTL Methodology.pdf , page10 used on
 input line 15.
(pdftex.def)             Requested size: 364.40741pt x 204.97916pt.
File: all_slides/Topic5_RTL Methodology.pdf Graphic file (type pdf)
<use all_slides/Topic5_RTL Methodology.pdf, page 10>
Package pdftex.def Info: all_slides/Topic5_RTL Methodology.pdf , page10 used on
 input line 15.
(pdftex.def)             Requested size: 364.40741pt x 204.97916pt.


File: all_slides/Topic5_RTL Methodology.pdf Graphic file (type pdf)
<use all_slides/Topic5_RTL Methodology.pdf, page 10>
Package pdftex.def Info: all_slides/Topic5_RTL Methodology.pdf , page10 used on
 input line 15.
(pdftex.def)             Requested size: 364.40741pt x 204.97916pt.
[191

 <./all_slides/Topic5_RTL Methodology.pdf>]
<all_slides/Topic5_RTL Methodology.pdf, id=9047, page=11, 963.6pt x 542.025pt>
File: all_slides/Topic5_RTL Methodology.pdf Graphic file (type pdf)
<use all_slides/Topic5_RTL Methodology.pdf, page 11>
Package pdftex.def Info: all_slides/Topic5_RTL Methodology.pdf , page11 used on
 input line 15.
(pdftex.def)             Requested size: 364.40741pt x 204.97916pt.
File: all_slides/Topic5_RTL Methodology.pdf Graphic file (type pdf)
<use all_slides/Topic5_RTL Methodology.pdf, page 11>
Package pdftex.def Info: all_slides/Topic5_RTL Methodology.pdf , page11 used on
 input line 15.
(pdftex.def)             Requested size: 364.40741pt x 204.97916pt.


File: all_slides/Topic5_RTL Methodology.pdf Graphic file (type pdf)
<use all_slides/Topic5_RTL Methodology.pdf, page 11>
Package pdftex.def Info: all_slides/Topic5_RTL Methodology.pdf , page11 used on
 input line 15.
(pdftex.def)             Requested size: 364.40741pt x 204.97916pt.
[192

 <./all_slides/Topic5_RTL Methodology.pdf>]
<all_slides/Topic5_RTL Methodology.pdf, id=9091, page=12, 963.6pt x 542.025pt>
File: all_slides/Topic5_RTL Methodology.pdf Graphic file (type pdf)
<use all_slides/Topic5_RTL Methodology.pdf, page 12>
Package pdftex.def Info: all_slides/Topic5_RTL Methodology.pdf , page12 used on
 input line 15.
(pdftex.def)             Requested size: 364.40741pt x 204.97916pt.
File: all_slides/Topic5_RTL Methodology.pdf Graphic file (type pdf)
<use all_slides/Topic5_RTL Methodology.pdf, page 12>
Package pdftex.def Info: all_slides/Topic5_RTL Methodology.pdf , page12 used on
 input line 15.
(pdftex.def)             Requested size: 364.40741pt x 204.97916pt.


File: all_slides/Topic5_RTL Methodology.pdf Graphic file (type pdf)
<use all_slides/Topic5_RTL Methodology.pdf, page 12>
Package pdftex.def Info: all_slides/Topic5_RTL Methodology.pdf , page12 used on
 input line 15.
(pdftex.def)             Requested size: 364.40741pt x 204.97916pt.
[193

 <./all_slides/Topic5_RTL Methodology.pdf>]
<all_slides/Topic5_RTL Methodology.pdf, id=9128, page=13, 963.6pt x 542.025pt>
File: all_slides/Topic5_RTL Methodology.pdf Graphic file (type pdf)
<use all_slides/Topic5_RTL Methodology.pdf, page 13>
Package pdftex.def Info: all_slides/Topic5_RTL Methodology.pdf , page13 used on
 input line 15.
(pdftex.def)             Requested size: 364.40741pt x 204.97916pt.
File: all_slides/Topic5_RTL Methodology.pdf Graphic file (type pdf)
<use all_slides/Topic5_RTL Methodology.pdf, page 13>
Package pdftex.def Info: all_slides/Topic5_RTL Methodology.pdf , page13 used on
 input line 15.
(pdftex.def)             Requested size: 364.40741pt x 204.97916pt.


File: all_slides/Topic5_RTL Methodology.pdf Graphic file (type pdf)
<use all_slides/Topic5_RTL Methodology.pdf, page 13>
Package pdftex.def Info: all_slides/Topic5_RTL Methodology.pdf , page13 used on
 input line 15.
(pdftex.def)             Requested size: 364.40741pt x 204.97916pt.
[194

 <./all_slides/Topic5_RTL Methodology.pdf>]
<all_slides/Topic5_RTL Methodology.pdf, id=9179, page=14, 963.6pt x 542.025pt>
File: all_slides/Topic5_RTL Methodology.pdf Graphic file (type pdf)
<use all_slides/Topic5_RTL Methodology.pdf, page 14>
Package pdftex.def Info: all_slides/Topic5_RTL Methodology.pdf , page14 used on
 input line 15.
(pdftex.def)             Requested size: 364.40741pt x 204.97916pt.
File: all_slides/Topic5_RTL Methodology.pdf Graphic file (type pdf)
<use all_slides/Topic5_RTL Methodology.pdf, page 14>
Package pdftex.def Info: all_slides/Topic5_RTL Methodology.pdf , page14 used on
 input line 15.
(pdftex.def)             Requested size: 364.40741pt x 204.97916pt.


File: all_slides/Topic5_RTL Methodology.pdf Graphic file (type pdf)
<use all_slides/Topic5_RTL Methodology.pdf, page 14>
Package pdftex.def Info: all_slides/Topic5_RTL Methodology.pdf , page14 used on
 input line 15.
(pdftex.def)             Requested size: 364.40741pt x 204.97916pt.
[195

 <./all_slides/Topic5_RTL Methodology.pdf>]
<all_slides/Topic5_RTL Methodology.pdf, id=9229, page=15, 963.6pt x 542.025pt>
File: all_slides/Topic5_RTL Methodology.pdf Graphic file (type pdf)
<use all_slides/Topic5_RTL Methodology.pdf, page 15>
Package pdftex.def Info: all_slides/Topic5_RTL Methodology.pdf , page15 used on
 input line 15.
(pdftex.def)             Requested size: 364.40741pt x 204.97916pt.
File: all_slides/Topic5_RTL Methodology.pdf Graphic file (type pdf)
<use all_slides/Topic5_RTL Methodology.pdf, page 15>
Package pdftex.def Info: all_slides/Topic5_RTL Methodology.pdf , page15 used on
 input line 15.
(pdftex.def)             Requested size: 364.40741pt x 204.97916pt.


File: all_slides/Topic5_RTL Methodology.pdf Graphic file (type pdf)
<use all_slides/Topic5_RTL Methodology.pdf, page 15>
Package pdftex.def Info: all_slides/Topic5_RTL Methodology.pdf , page15 used on
 input line 15.
(pdftex.def)             Requested size: 364.40741pt x 204.97916pt.
[196

 <./all_slides/Topic5_RTL Methodology.pdf>]
<all_slides/Topic5_RTL Methodology.pdf, id=9279, page=16, 963.6pt x 542.025pt>
File: all_slides/Topic5_RTL Methodology.pdf Graphic file (type pdf)
<use all_slides/Topic5_RTL Methodology.pdf, page 16>
Package pdftex.def Info: all_slides/Topic5_RTL Methodology.pdf , page16 used on
 input line 15.
(pdftex.def)             Requested size: 364.40741pt x 204.97916pt.
File: all_slides/Topic5_RTL Methodology.pdf Graphic file (type pdf)
<use all_slides/Topic5_RTL Methodology.pdf, page 16>
Package pdftex.def Info: all_slides/Topic5_RTL Methodology.pdf , page16 used on
 input line 15.
(pdftex.def)             Requested size: 364.40741pt x 204.97916pt.


File: all_slides/Topic5_RTL Methodology.pdf Graphic file (type pdf)
<use all_slides/Topic5_RTL Methodology.pdf, page 16>
Package pdftex.def Info: all_slides/Topic5_RTL Methodology.pdf , page16 used on
 input line 15.
(pdftex.def)             Requested size: 364.40741pt x 204.97916pt.
[197

 <./all_slides/Topic5_RTL Methodology.pdf>]
<all_slides/Topic5_RTL Methodology.pdf, id=9321, page=17, 963.6pt x 542.025pt>
File: all_slides/Topic5_RTL Methodology.pdf Graphic file (type pdf)
<use all_slides/Topic5_RTL Methodology.pdf, page 17>
Package pdftex.def Info: all_slides/Topic5_RTL Methodology.pdf , page17 used on
 input line 15.
(pdftex.def)             Requested size: 364.40741pt x 204.97916pt.
File: all_slides/Topic5_RTL Methodology.pdf Graphic file (type pdf)
<use all_slides/Topic5_RTL Methodology.pdf, page 17>
Package pdftex.def Info: all_slides/Topic5_RTL Methodology.pdf , page17 used on
 input line 15.
(pdftex.def)             Requested size: 364.40741pt x 204.97916pt.


File: all_slides/Topic5_RTL Methodology.pdf Graphic file (type pdf)
<use all_slides/Topic5_RTL Methodology.pdf, page 17>
Package pdftex.def Info: all_slides/Topic5_RTL Methodology.pdf , page17 used on
 input line 15.
(pdftex.def)             Requested size: 364.40741pt x 204.97916pt.
[198

 <./all_slides/Topic5_RTL Methodology.pdf>]
<all_slides/Topic5_RTL Methodology.pdf, id=9359, page=18, 963.6pt x 542.025pt>
File: all_slides/Topic5_RTL Methodology.pdf Graphic file (type pdf)
<use all_slides/Topic5_RTL Methodology.pdf, page 18>
Package pdftex.def Info: all_slides/Topic5_RTL Methodology.pdf , page18 used on
 input line 15.
(pdftex.def)             Requested size: 364.40741pt x 204.97916pt.
File: all_slides/Topic5_RTL Methodology.pdf Graphic file (type pdf)
<use all_slides/Topic5_RTL Methodology.pdf, page 18>
Package pdftex.def Info: all_slides/Topic5_RTL Methodology.pdf , page18 used on
 input line 15.
(pdftex.def)             Requested size: 364.40741pt x 204.97916pt.


File: all_slides/Topic5_RTL Methodology.pdf Graphic file (type pdf)
<use all_slides/Topic5_RTL Methodology.pdf, page 18>
Package pdftex.def Info: all_slides/Topic5_RTL Methodology.pdf , page18 used on
 input line 15.
(pdftex.def)             Requested size: 364.40741pt x 204.97916pt.
[199

 <./all_slides/Topic5_RTL Methodology.pdf>]
<all_slides/Topic5_RTL Methodology.pdf, id=9397, page=19, 963.6pt x 542.025pt>
File: all_slides/Topic5_RTL Methodology.pdf Graphic file (type pdf)
<use all_slides/Topic5_RTL Methodology.pdf, page 19>
Package pdftex.def Info: all_slides/Topic5_RTL Methodology.pdf , page19 used on
 input line 15.
(pdftex.def)             Requested size: 364.40741pt x 204.97916pt.
File: all_slides/Topic5_RTL Methodology.pdf Graphic file (type pdf)
<use all_slides/Topic5_RTL Methodology.pdf, page 19>
Package pdftex.def Info: all_slides/Topic5_RTL Methodology.pdf , page19 used on
 input line 15.
(pdftex.def)             Requested size: 364.40741pt x 204.97916pt.


File: all_slides/Topic5_RTL Methodology.pdf Graphic file (type pdf)
<use all_slides/Topic5_RTL Methodology.pdf, page 19>
Package pdftex.def Info: all_slides/Topic5_RTL Methodology.pdf , page19 used on
 input line 15.
(pdftex.def)             Requested size: 364.40741pt x 204.97916pt.
[200

 <./all_slides/Topic5_RTL Methodology.pdf>]
<all_slides/Topic5_RTL Methodology.pdf, id=9441, page=20, 963.6pt x 542.025pt>
File: all_slides/Topic5_RTL Methodology.pdf Graphic file (type pdf)
<use all_slides/Topic5_RTL Methodology.pdf, page 20>
Package pdftex.def Info: all_slides/Topic5_RTL Methodology.pdf , page20 used on
 input line 15.
(pdftex.def)             Requested size: 364.40741pt x 204.97916pt.
File: all_slides/Topic5_RTL Methodology.pdf Graphic file (type pdf)
<use all_slides/Topic5_RTL Methodology.pdf, page 20>
Package pdftex.def Info: all_slides/Topic5_RTL Methodology.pdf , page20 used on
 input line 15.
(pdftex.def)             Requested size: 364.40741pt x 204.97916pt.


File: all_slides/Topic5_RTL Methodology.pdf Graphic file (type pdf)
<use all_slides/Topic5_RTL Methodology.pdf, page 20>
Package pdftex.def Info: all_slides/Topic5_RTL Methodology.pdf , page20 used on
 input line 15.
(pdftex.def)             Requested size: 364.40741pt x 204.97916pt.
[201

 <./all_slides/Topic5_RTL Methodology.pdf>]
<all_slides/Topic5_RTL Methodology.pdf, id=9472, page=21, 963.6pt x 542.025pt>
File: all_slides/Topic5_RTL Methodology.pdf Graphic file (type pdf)
<use all_slides/Topic5_RTL Methodology.pdf, page 21>
Package pdftex.def Info: all_slides/Topic5_RTL Methodology.pdf , page21 used on
 input line 15.
(pdftex.def)             Requested size: 364.40741pt x 204.97916pt.
File: all_slides/Topic5_RTL Methodology.pdf Graphic file (type pdf)
<use all_slides/Topic5_RTL Methodology.pdf, page 21>
Package pdftex.def Info: all_slides/Topic5_RTL Methodology.pdf , page21 used on
 input line 15.
(pdftex.def)             Requested size: 364.40741pt x 204.97916pt.


File: all_slides/Topic5_RTL Methodology.pdf Graphic file (type pdf)
<use all_slides/Topic5_RTL Methodology.pdf, page 21>
Package pdftex.def Info: all_slides/Topic5_RTL Methodology.pdf , page21 used on
 input line 15.
(pdftex.def)             Requested size: 364.40741pt x 204.97916pt.
[202

 <./all_slides/Topic5_RTL Methodology.pdf>]
<all_slides/Topic5_RTL Methodology.pdf, id=9518, page=22, 963.6pt x 542.025pt>
File: all_slides/Topic5_RTL Methodology.pdf Graphic file (type pdf)
<use all_slides/Topic5_RTL Methodology.pdf, page 22>
Package pdftex.def Info: all_slides/Topic5_RTL Methodology.pdf , page22 used on
 input line 15.
(pdftex.def)             Requested size: 364.40741pt x 204.97916pt.
File: all_slides/Topic5_RTL Methodology.pdf Graphic file (type pdf)
<use all_slides/Topic5_RTL Methodology.pdf, page 22>
Package pdftex.def Info: all_slides/Topic5_RTL Methodology.pdf , page22 used on
 input line 15.
(pdftex.def)             Requested size: 364.40741pt x 204.97916pt.


File: all_slides/Topic5_RTL Methodology.pdf Graphic file (type pdf)
<use all_slides/Topic5_RTL Methodology.pdf, page 22>
Package pdftex.def Info: all_slides/Topic5_RTL Methodology.pdf , page22 used on
 input line 15.
(pdftex.def)             Requested size: 364.40741pt x 204.97916pt.
[203

 <./all_slides/Topic5_RTL Methodology.pdf>]
<all_slides/Topic5_RTL Methodology.pdf, id=9563, page=23, 963.6pt x 542.025pt>
File: all_slides/Topic5_RTL Methodology.pdf Graphic file (type pdf)
<use all_slides/Topic5_RTL Methodology.pdf, page 23>
Package pdftex.def Info: all_slides/Topic5_RTL Methodology.pdf , page23 used on
 input line 15.
(pdftex.def)             Requested size: 364.40741pt x 204.97916pt.
File: all_slides/Topic5_RTL Methodology.pdf Graphic file (type pdf)
<use all_slides/Topic5_RTL Methodology.pdf, page 23>
Package pdftex.def Info: all_slides/Topic5_RTL Methodology.pdf , page23 used on
 input line 15.
(pdftex.def)             Requested size: 364.40741pt x 204.97916pt.


File: all_slides/Topic5_RTL Methodology.pdf Graphic file (type pdf)
<use all_slides/Topic5_RTL Methodology.pdf, page 23>
Package pdftex.def Info: all_slides/Topic5_RTL Methodology.pdf , page23 used on
 input line 15.
(pdftex.def)             Requested size: 364.40741pt x 204.97916pt.
[204

 <./all_slides/Topic5_RTL Methodology.pdf>]
<all_slides/Topic5_RTL Methodology.pdf, id=9647, page=24, 963.6pt x 542.025pt>
File: all_slides/Topic5_RTL Methodology.pdf Graphic file (type pdf)
<use all_slides/Topic5_RTL Methodology.pdf, page 24>
Package pdftex.def Info: all_slides/Topic5_RTL Methodology.pdf , page24 used on
 input line 15.
(pdftex.def)             Requested size: 364.40741pt x 204.97916pt.
File: all_slides/Topic5_RTL Methodology.pdf Graphic file (type pdf)
<use all_slides/Topic5_RTL Methodology.pdf, page 24>
Package pdftex.def Info: all_slides/Topic5_RTL Methodology.pdf , page24 used on
 input line 15.
(pdftex.def)             Requested size: 364.40741pt x 204.97916pt.


File: all_slides/Topic5_RTL Methodology.pdf Graphic file (type pdf)
<use all_slides/Topic5_RTL Methodology.pdf, page 24>
Package pdftex.def Info: all_slides/Topic5_RTL Methodology.pdf , page24 used on
 input line 15.
(pdftex.def)             Requested size: 364.40741pt x 204.97916pt.
[205

 <./all_slides/Topic5_RTL Methodology.pdf>]
<all_slides/Topic5_RTL Methodology.pdf, id=9707, page=25, 963.6pt x 542.025pt>
File: all_slides/Topic5_RTL Methodology.pdf Graphic file (type pdf)
<use all_slides/Topic5_RTL Methodology.pdf, page 25>
Package pdftex.def Info: all_slides/Topic5_RTL Methodology.pdf , page25 used on
 input line 15.
(pdftex.def)             Requested size: 364.40741pt x 204.97916pt.
File: all_slides/Topic5_RTL Methodology.pdf Graphic file (type pdf)
<use all_slides/Topic5_RTL Methodology.pdf, page 25>
Package pdftex.def Info: all_slides/Topic5_RTL Methodology.pdf , page25 used on
 input line 15.
(pdftex.def)             Requested size: 364.40741pt x 204.97916pt.


File: all_slides/Topic5_RTL Methodology.pdf Graphic file (type pdf)
<use all_slides/Topic5_RTL Methodology.pdf, page 25>
Package pdftex.def Info: all_slides/Topic5_RTL Methodology.pdf , page25 used on
 input line 15.
(pdftex.def)             Requested size: 364.40741pt x 204.97916pt.
[206

 <./all_slides/Topic5_RTL Methodology.pdf>]
<all_slides/Topic5_RTL Methodology.pdf, id=9804, page=26, 963.6pt x 542.025pt>
File: all_slides/Topic5_RTL Methodology.pdf Graphic file (type pdf)
<use all_slides/Topic5_RTL Methodology.pdf, page 26>
Package pdftex.def Info: all_slides/Topic5_RTL Methodology.pdf , page26 used on
 input line 15.
(pdftex.def)             Requested size: 364.40741pt x 204.97916pt.
File: all_slides/Topic5_RTL Methodology.pdf Graphic file (type pdf)
<use all_slides/Topic5_RTL Methodology.pdf, page 26>
Package pdftex.def Info: all_slides/Topic5_RTL Methodology.pdf , page26 used on
 input line 15.
(pdftex.def)             Requested size: 364.40741pt x 204.97916pt.


File: all_slides/Topic5_RTL Methodology.pdf Graphic file (type pdf)
<use all_slides/Topic5_RTL Methodology.pdf, page 26>
Package pdftex.def Info: all_slides/Topic5_RTL Methodology.pdf , page26 used on
 input line 15.
(pdftex.def)             Requested size: 364.40741pt x 204.97916pt.
[207

 <./all_slides/Topic5_RTL Methodology.pdf>]
<all_slides/Topic5_RTL Methodology.pdf, id=9864, page=27, 963.6pt x 542.025pt>
File: all_slides/Topic5_RTL Methodology.pdf Graphic file (type pdf)
<use all_slides/Topic5_RTL Methodology.pdf, page 27>
Package pdftex.def Info: all_slides/Topic5_RTL Methodology.pdf , page27 used on
 input line 15.
(pdftex.def)             Requested size: 364.40741pt x 204.97916pt.
File: all_slides/Topic5_RTL Methodology.pdf Graphic file (type pdf)
<use all_slides/Topic5_RTL Methodology.pdf, page 27>
Package pdftex.def Info: all_slides/Topic5_RTL Methodology.pdf , page27 used on
 input line 15.
(pdftex.def)             Requested size: 364.40741pt x 204.97916pt.


File: all_slides/Topic5_RTL Methodology.pdf Graphic file (type pdf)
<use all_slides/Topic5_RTL Methodology.pdf, page 27>
Package pdftex.def Info: all_slides/Topic5_RTL Methodology.pdf , page27 used on
 input line 15.
(pdftex.def)             Requested size: 364.40741pt x 204.97916pt.
[208

 <./all_slides/Topic5_RTL Methodology.pdf>]
<all_slides/Topic5_RTL Methodology.pdf, id=9899, page=28, 963.6pt x 542.025pt>
File: all_slides/Topic5_RTL Methodology.pdf Graphic file (type pdf)
<use all_slides/Topic5_RTL Methodology.pdf, page 28>
Package pdftex.def Info: all_slides/Topic5_RTL Methodology.pdf , page28 used on
 input line 15.
(pdftex.def)             Requested size: 364.40741pt x 204.97916pt.
File: all_slides/Topic5_RTL Methodology.pdf Graphic file (type pdf)
<use all_slides/Topic5_RTL Methodology.pdf, page 28>
Package pdftex.def Info: all_slides/Topic5_RTL Methodology.pdf , page28 used on
 input line 15.
(pdftex.def)             Requested size: 364.40741pt x 204.97916pt.


File: all_slides/Topic5_RTL Methodology.pdf Graphic file (type pdf)
<use all_slides/Topic5_RTL Methodology.pdf, page 28>
Package pdftex.def Info: all_slides/Topic5_RTL Methodology.pdf , page28 used on
 input line 15.
(pdftex.def)             Requested size: 364.40741pt x 204.97916pt.
[209

 <./all_slides/Topic5_RTL Methodology.pdf>]
<all_slides/Topic5_RTL Methodology.pdf, id=9945, page=29, 963.6pt x 542.025pt>
File: all_slides/Topic5_RTL Methodology.pdf Graphic file (type pdf)
<use all_slides/Topic5_RTL Methodology.pdf, page 29>
Package pdftex.def Info: all_slides/Topic5_RTL Methodology.pdf , page29 used on
 input line 15.
(pdftex.def)             Requested size: 364.40741pt x 204.97916pt.
File: all_slides/Topic5_RTL Methodology.pdf Graphic file (type pdf)
<use all_slides/Topic5_RTL Methodology.pdf, page 29>
Package pdftex.def Info: all_slides/Topic5_RTL Methodology.pdf , page29 used on
 input line 15.
(pdftex.def)             Requested size: 364.40741pt x 204.97916pt.


File: all_slides/Topic5_RTL Methodology.pdf Graphic file (type pdf)
<use all_slides/Topic5_RTL Methodology.pdf, page 29>
Package pdftex.def Info: all_slides/Topic5_RTL Methodology.pdf , page29 used on
 input line 15.
(pdftex.def)             Requested size: 364.40741pt x 204.97916pt.
[210

 <./all_slides/Topic5_RTL Methodology.pdf>]
<all_slides/Topic5_RTL Methodology.pdf, id=9988, page=30, 963.6pt x 542.025pt>
File: all_slides/Topic5_RTL Methodology.pdf Graphic file (type pdf)
<use all_slides/Topic5_RTL Methodology.pdf, page 30>
Package pdftex.def Info: all_slides/Topic5_RTL Methodology.pdf , page30 used on
 input line 15.
(pdftex.def)             Requested size: 364.40741pt x 204.97916pt.
File: all_slides/Topic5_RTL Methodology.pdf Graphic file (type pdf)
<use all_slides/Topic5_RTL Methodology.pdf, page 30>
Package pdftex.def Info: all_slides/Topic5_RTL Methodology.pdf , page30 used on
 input line 15.
(pdftex.def)             Requested size: 364.40741pt x 204.97916pt.


File: all_slides/Topic5_RTL Methodology.pdf Graphic file (type pdf)
<use all_slides/Topic5_RTL Methodology.pdf, page 30>
Package pdftex.def Info: all_slides/Topic5_RTL Methodology.pdf , page30 used on
 input line 15.
(pdftex.def)             Requested size: 364.40741pt x 204.97916pt.
[211

 <./all_slides/Topic5_RTL Methodology.pdf>]
<all_slides/Topic5_RTL Methodology.pdf, id=10026, page=31, 963.6pt x 542.025pt>

File: all_slides/Topic5_RTL Methodology.pdf Graphic file (type pdf)
<use all_slides/Topic5_RTL Methodology.pdf, page 31>
Package pdftex.def Info: all_slides/Topic5_RTL Methodology.pdf , page31 used on
 input line 15.
(pdftex.def)             Requested size: 364.40741pt x 204.97916pt.
File: all_slides/Topic5_RTL Methodology.pdf Graphic file (type pdf)
<use all_slides/Topic5_RTL Methodology.pdf, page 31>
Package pdftex.def Info: all_slides/Topic5_RTL Methodology.pdf , page31 used on
 input line 15.
(pdftex.def)             Requested size: 364.40741pt x 204.97916pt.


File: all_slides/Topic5_RTL Methodology.pdf Graphic file (type pdf)
<use all_slides/Topic5_RTL Methodology.pdf, page 31>
Package pdftex.def Info: all_slides/Topic5_RTL Methodology.pdf , page31 used on
 input line 15.
(pdftex.def)             Requested size: 364.40741pt x 204.97916pt.
[212

 <./all_slides/Topic5_RTL Methodology.pdf>]
<all_slides/Topic5_RTL Methodology.pdf, id=10061, page=32, 963.6pt x 542.025pt>

File: all_slides/Topic5_RTL Methodology.pdf Graphic file (type pdf)
<use all_slides/Topic5_RTL Methodology.pdf, page 32>
Package pdftex.def Info: all_slides/Topic5_RTL Methodology.pdf , page32 used on
 input line 15.
(pdftex.def)             Requested size: 364.40741pt x 204.97916pt.
File: all_slides/Topic5_RTL Methodology.pdf Graphic file (type pdf)
<use all_slides/Topic5_RTL Methodology.pdf, page 32>
Package pdftex.def Info: all_slides/Topic5_RTL Methodology.pdf , page32 used on
 input line 15.
(pdftex.def)             Requested size: 364.40741pt x 204.97916pt.


File: all_slides/Topic5_RTL Methodology.pdf Graphic file (type pdf)
<use all_slides/Topic5_RTL Methodology.pdf, page 32>
Package pdftex.def Info: all_slides/Topic5_RTL Methodology.pdf , page32 used on
 input line 15.
(pdftex.def)             Requested size: 364.40741pt x 204.97916pt.
[213

 <./all_slides/Topic5_RTL Methodology.pdf>]
<all_slides/Topic5_RTL Methodology.pdf, id=10098, page=33, 963.6pt x 542.025pt>

File: all_slides/Topic5_RTL Methodology.pdf Graphic file (type pdf)
<use all_slides/Topic5_RTL Methodology.pdf, page 33>
Package pdftex.def Info: all_slides/Topic5_RTL Methodology.pdf , page33 used on
 input line 15.
(pdftex.def)             Requested size: 364.40741pt x 204.97916pt.
File: all_slides/Topic5_RTL Methodology.pdf Graphic file (type pdf)
<use all_slides/Topic5_RTL Methodology.pdf, page 33>
Package pdftex.def Info: all_slides/Topic5_RTL Methodology.pdf , page33 used on
 input line 15.
(pdftex.def)             Requested size: 364.40741pt x 204.97916pt.


File: all_slides/Topic5_RTL Methodology.pdf Graphic file (type pdf)
<use all_slides/Topic5_RTL Methodology.pdf, page 33>
Package pdftex.def Info: all_slides/Topic5_RTL Methodology.pdf , page33 used on
 input line 15.
(pdftex.def)             Requested size: 364.40741pt x 204.97916pt.
[214

 <./all_slides/Topic5_RTL Methodology.pdf>]
<all_slides/Topic5_RTL Methodology.pdf, id=10139, page=34, 963.6pt x 542.025pt>

File: all_slides/Topic5_RTL Methodology.pdf Graphic file (type pdf)
<use all_slides/Topic5_RTL Methodology.pdf, page 34>
Package pdftex.def Info: all_slides/Topic5_RTL Methodology.pdf , page34 used on
 input line 15.
(pdftex.def)             Requested size: 364.40741pt x 204.97916pt.
File: all_slides/Topic5_RTL Methodology.pdf Graphic file (type pdf)
<use all_slides/Topic5_RTL Methodology.pdf, page 34>
Package pdftex.def Info: all_slides/Topic5_RTL Methodology.pdf , page34 used on
 input line 15.
(pdftex.def)             Requested size: 364.40741pt x 204.97916pt.


File: all_slides/Topic5_RTL Methodology.pdf Graphic file (type pdf)
<use all_slides/Topic5_RTL Methodology.pdf, page 34>
Package pdftex.def Info: all_slides/Topic5_RTL Methodology.pdf , page34 used on
 input line 15.
(pdftex.def)             Requested size: 364.40741pt x 204.97916pt.
[215

 <./all_slides/Topic5_RTL Methodology.pdf>]
<all_slides/Topic5_RTL Methodology.pdf, id=10170, page=35, 963.6pt x 542.025pt>

File: all_slides/Topic5_RTL Methodology.pdf Graphic file (type pdf)
<use all_slides/Topic5_RTL Methodology.pdf, page 35>
Package pdftex.def Info: all_slides/Topic5_RTL Methodology.pdf , page35 used on
 input line 15.
(pdftex.def)             Requested size: 364.40741pt x 204.97916pt.
File: all_slides/Topic5_RTL Methodology.pdf Graphic file (type pdf)
<use all_slides/Topic5_RTL Methodology.pdf, page 35>
Package pdftex.def Info: all_slides/Topic5_RTL Methodology.pdf , page35 used on
 input line 15.
(pdftex.def)             Requested size: 364.40741pt x 204.97916pt.


File: all_slides/Topic5_RTL Methodology.pdf Graphic file (type pdf)
<use all_slides/Topic5_RTL Methodology.pdf, page 35>
Package pdftex.def Info: all_slides/Topic5_RTL Methodology.pdf , page35 used on
 input line 15.
(pdftex.def)             Requested size: 364.40741pt x 204.97916pt.
[216

 <./all_slides/Topic5_RTL Methodology.pdf>]
<all_slides/Topic5_RTL Methodology.pdf, id=10242, page=36, 963.6pt x 542.025pt>

File: all_slides/Topic5_RTL Methodology.pdf Graphic file (type pdf)
<use all_slides/Topic5_RTL Methodology.pdf, page 36>
Package pdftex.def Info: all_slides/Topic5_RTL Methodology.pdf , page36 used on
 input line 15.
(pdftex.def)             Requested size: 364.40741pt x 204.97916pt.
File: all_slides/Topic5_RTL Methodology.pdf Graphic file (type pdf)
<use all_slides/Topic5_RTL Methodology.pdf, page 36>
Package pdftex.def Info: all_slides/Topic5_RTL Methodology.pdf , page36 used on
 input line 15.
(pdftex.def)             Requested size: 364.40741pt x 204.97916pt.


File: all_slides/Topic5_RTL Methodology.pdf Graphic file (type pdf)
<use all_slides/Topic5_RTL Methodology.pdf, page 36>
Package pdftex.def Info: all_slides/Topic5_RTL Methodology.pdf , page36 used on
 input line 15.
(pdftex.def)             Requested size: 364.40741pt x 204.97916pt.
[217

 <./all_slides/Topic5_RTL Methodology.pdf>]
<all_slides/Topic5_RTL Methodology.pdf, id=10284, page=37, 963.6pt x 542.025pt>

File: all_slides/Topic5_RTL Methodology.pdf Graphic file (type pdf)
<use all_slides/Topic5_RTL Methodology.pdf, page 37>
Package pdftex.def Info: all_slides/Topic5_RTL Methodology.pdf , page37 used on
 input line 15.
(pdftex.def)             Requested size: 364.40741pt x 204.97916pt.
File: all_slides/Topic5_RTL Methodology.pdf Graphic file (type pdf)
<use all_slides/Topic5_RTL Methodology.pdf, page 37>
Package pdftex.def Info: all_slides/Topic5_RTL Methodology.pdf , page37 used on
 input line 15.
(pdftex.def)             Requested size: 364.40741pt x 204.97916pt.


File: all_slides/Topic5_RTL Methodology.pdf Graphic file (type pdf)
<use all_slides/Topic5_RTL Methodology.pdf, page 37>
Package pdftex.def Info: all_slides/Topic5_RTL Methodology.pdf , page37 used on
 input line 15.
(pdftex.def)             Requested size: 364.40741pt x 204.97916pt.
[218

 <./all_slides/Topic5_RTL Methodology.pdf>]
<all_slides/Topic5_RTL Methodology.pdf, id=10322, page=38, 963.6pt x 542.025pt>

File: all_slides/Topic5_RTL Methodology.pdf Graphic file (type pdf)
<use all_slides/Topic5_RTL Methodology.pdf, page 38>
Package pdftex.def Info: all_slides/Topic5_RTL Methodology.pdf , page38 used on
 input line 15.
(pdftex.def)             Requested size: 364.40741pt x 204.97916pt.
File: all_slides/Topic5_RTL Methodology.pdf Graphic file (type pdf)
<use all_slides/Topic5_RTL Methodology.pdf, page 38>
Package pdftex.def Info: all_slides/Topic5_RTL Methodology.pdf , page38 used on
 input line 15.
(pdftex.def)             Requested size: 364.40741pt x 204.97916pt.


File: all_slides/Topic5_RTL Methodology.pdf Graphic file (type pdf)
<use all_slides/Topic5_RTL Methodology.pdf, page 38>
Package pdftex.def Info: all_slides/Topic5_RTL Methodology.pdf , page38 used on
 input line 15.
(pdftex.def)             Requested size: 364.40741pt x 204.97916pt.
[219

 <./all_slides/Topic5_RTL Methodology.pdf>]
<all_slides/Topic5_RTL Methodology.pdf, id=10359, page=39, 963.6pt x 542.025pt>

File: all_slides/Topic5_RTL Methodology.pdf Graphic file (type pdf)
<use all_slides/Topic5_RTL Methodology.pdf, page 39>
Package pdftex.def Info: all_slides/Topic5_RTL Methodology.pdf , page39 used on
 input line 15.
(pdftex.def)             Requested size: 364.40741pt x 204.97916pt.
File: all_slides/Topic5_RTL Methodology.pdf Graphic file (type pdf)
<use all_slides/Topic5_RTL Methodology.pdf, page 39>
Package pdftex.def Info: all_slides/Topic5_RTL Methodology.pdf , page39 used on
 input line 15.
(pdftex.def)             Requested size: 364.40741pt x 204.97916pt.


File: all_slides/Topic5_RTL Methodology.pdf Graphic file (type pdf)
<use all_slides/Topic5_RTL Methodology.pdf, page 39>
Package pdftex.def Info: all_slides/Topic5_RTL Methodology.pdf , page39 used on
 input line 15.
(pdftex.def)             Requested size: 364.40741pt x 204.97916pt.
[220

 <./all_slides/Topic5_RTL Methodology.pdf>]
<all_slides/Topic5_RTL Methodology.pdf, id=10395, page=40, 963.6pt x 542.025pt>

File: all_slides/Topic5_RTL Methodology.pdf Graphic file (type pdf)
<use all_slides/Topic5_RTL Methodology.pdf, page 40>
Package pdftex.def Info: all_slides/Topic5_RTL Methodology.pdf , page40 used on
 input line 15.
(pdftex.def)             Requested size: 364.40741pt x 204.97916pt.
File: all_slides/Topic5_RTL Methodology.pdf Graphic file (type pdf)
<use all_slides/Topic5_RTL Methodology.pdf, page 40>
Package pdftex.def Info: all_slides/Topic5_RTL Methodology.pdf , page40 used on
 input line 15.
(pdftex.def)             Requested size: 364.40741pt x 204.97916pt.


File: all_slides/Topic5_RTL Methodology.pdf Graphic file (type pdf)
<use all_slides/Topic5_RTL Methodology.pdf, page 40>
Package pdftex.def Info: all_slides/Topic5_RTL Methodology.pdf , page40 used on
 input line 15.
(pdftex.def)             Requested size: 364.40741pt x 204.97916pt.
[221

 <./all_slides/Topic5_RTL Methodology.pdf>]
<all_slides/Topic5_RTL Methodology.pdf, id=10425, page=41, 963.6pt x 542.025pt>

File: all_slides/Topic5_RTL Methodology.pdf Graphic file (type pdf)
<use all_slides/Topic5_RTL Methodology.pdf, page 41>
Package pdftex.def Info: all_slides/Topic5_RTL Methodology.pdf , page41 used on
 input line 15.
(pdftex.def)             Requested size: 364.40741pt x 204.97916pt.
File: all_slides/Topic5_RTL Methodology.pdf Graphic file (type pdf)
<use all_slides/Topic5_RTL Methodology.pdf, page 41>
Package pdftex.def Info: all_slides/Topic5_RTL Methodology.pdf , page41 used on
 input line 15.
(pdftex.def)             Requested size: 364.40741pt x 204.97916pt.


File: all_slides/Topic5_RTL Methodology.pdf Graphic file (type pdf)
<use all_slides/Topic5_RTL Methodology.pdf, page 41>
Package pdftex.def Info: all_slides/Topic5_RTL Methodology.pdf , page41 used on
 input line 15.
(pdftex.def)             Requested size: 364.40741pt x 204.97916pt.
[222

 <./all_slides/Topic5_RTL Methodology.pdf>]
<all_slides/Topic5_RTL Methodology.pdf, id=10460, page=42, 963.6pt x 542.025pt>

File: all_slides/Topic5_RTL Methodology.pdf Graphic file (type pdf)
<use all_slides/Topic5_RTL Methodology.pdf, page 42>
Package pdftex.def Info: all_slides/Topic5_RTL Methodology.pdf , page42 used on
 input line 15.
(pdftex.def)             Requested size: 364.40741pt x 204.97916pt.
File: all_slides/Topic5_RTL Methodology.pdf Graphic file (type pdf)
<use all_slides/Topic5_RTL Methodology.pdf, page 42>
Package pdftex.def Info: all_slides/Topic5_RTL Methodology.pdf , page42 used on
 input line 15.
(pdftex.def)             Requested size: 364.40741pt x 204.97916pt.


File: all_slides/Topic5_RTL Methodology.pdf Graphic file (type pdf)
<use all_slides/Topic5_RTL Methodology.pdf, page 42>
Package pdftex.def Info: all_slides/Topic5_RTL Methodology.pdf , page42 used on
 input line 15.
(pdftex.def)             Requested size: 364.40741pt x 204.97916pt.
[223

 <./all_slides/Topic5_RTL Methodology.pdf>]
<all_slides/Topic5_RTL Methodology.pdf, id=10506, page=43, 963.6pt x 542.025pt>

File: all_slides/Topic5_RTL Methodology.pdf Graphic file (type pdf)
<use all_slides/Topic5_RTL Methodology.pdf, page 43>
Package pdftex.def Info: all_slides/Topic5_RTL Methodology.pdf , page43 used on
 input line 15.
(pdftex.def)             Requested size: 364.40741pt x 204.97916pt.
File: all_slides/Topic5_RTL Methodology.pdf Graphic file (type pdf)
<use all_slides/Topic5_RTL Methodology.pdf, page 43>
Package pdftex.def Info: all_slides/Topic5_RTL Methodology.pdf , page43 used on
 input line 15.
(pdftex.def)             Requested size: 364.40741pt x 204.97916pt.


File: all_slides/Topic5_RTL Methodology.pdf Graphic file (type pdf)
<use all_slides/Topic5_RTL Methodology.pdf, page 43>
Package pdftex.def Info: all_slides/Topic5_RTL Methodology.pdf , page43 used on
 input line 15.
(pdftex.def)             Requested size: 364.40741pt x 204.97916pt.
[224

 <./all_slides/Topic5_RTL Methodology.pdf>]
<all_slides/Topic5_RTL Methodology.pdf, id=10543, page=44, 963.6pt x 542.025pt>

File: all_slides/Topic5_RTL Methodology.pdf Graphic file (type pdf)
<use all_slides/Topic5_RTL Methodology.pdf, page 44>
Package pdftex.def Info: all_slides/Topic5_RTL Methodology.pdf , page44 used on
 input line 15.
(pdftex.def)             Requested size: 364.40741pt x 204.97916pt.
File: all_slides/Topic5_RTL Methodology.pdf Graphic file (type pdf)
<use all_slides/Topic5_RTL Methodology.pdf, page 44>
Package pdftex.def Info: all_slides/Topic5_RTL Methodology.pdf , page44 used on
 input line 15.
(pdftex.def)             Requested size: 364.40741pt x 204.97916pt.


File: all_slides/Topic5_RTL Methodology.pdf Graphic file (type pdf)
<use all_slides/Topic5_RTL Methodology.pdf, page 44>
Package pdftex.def Info: all_slides/Topic5_RTL Methodology.pdf , page44 used on
 input line 15.
(pdftex.def)             Requested size: 364.40741pt x 204.97916pt.
[225

 <./all_slides/Topic5_RTL Methodology.pdf>]
<all_slides/Topic5_RTL Methodology.pdf, id=10575, page=45, 963.6pt x 542.025pt>

File: all_slides/Topic5_RTL Methodology.pdf Graphic file (type pdf)
<use all_slides/Topic5_RTL Methodology.pdf, page 45>
Package pdftex.def Info: all_slides/Topic5_RTL Methodology.pdf , page45 used on
 input line 15.
(pdftex.def)             Requested size: 364.40741pt x 204.97916pt.
File: all_slides/Topic5_RTL Methodology.pdf Graphic file (type pdf)
<use all_slides/Topic5_RTL Methodology.pdf, page 45>
Package pdftex.def Info: all_slides/Topic5_RTL Methodology.pdf , page45 used on
 input line 15.
(pdftex.def)             Requested size: 364.40741pt x 204.97916pt.


File: all_slides/Topic5_RTL Methodology.pdf Graphic file (type pdf)
<use all_slides/Topic5_RTL Methodology.pdf, page 45>
Package pdftex.def Info: all_slides/Topic5_RTL Methodology.pdf , page45 used on
 input line 15.
(pdftex.def)             Requested size: 364.40741pt x 204.97916pt.
[226

 <./all_slides/Topic5_RTL Methodology.pdf>]
<all_slides/Topic5_RTL Methodology.pdf, id=10612, page=46, 963.6pt x 542.025pt>

File: all_slides/Topic5_RTL Methodology.pdf Graphic file (type pdf)
<use all_slides/Topic5_RTL Methodology.pdf, page 46>
Package pdftex.def Info: all_slides/Topic5_RTL Methodology.pdf , page46 used on
 input line 15.
(pdftex.def)             Requested size: 364.40741pt x 204.97916pt.
File: all_slides/Topic5_RTL Methodology.pdf Graphic file (type pdf)
<use all_slides/Topic5_RTL Methodology.pdf, page 46>
Package pdftex.def Info: all_slides/Topic5_RTL Methodology.pdf , page46 used on
 input line 15.
(pdftex.def)             Requested size: 364.40741pt x 204.97916pt.


File: all_slides/Topic5_RTL Methodology.pdf Graphic file (type pdf)
<use all_slides/Topic5_RTL Methodology.pdf, page 46>
Package pdftex.def Info: all_slides/Topic5_RTL Methodology.pdf , page46 used on
 input line 15.
(pdftex.def)             Requested size: 364.40741pt x 204.97916pt.
[227

 <./all_slides/Topic5_RTL Methodology.pdf>]
<all_slides/Topic5B_RTL Methodology_PUNEH.pdf, id=10644, 963.6pt x 542.025pt>
File: all_slides/Topic5B_RTL Methodology_PUNEH.pdf Graphic file (type pdf)
<use all_slides/Topic5B_RTL Methodology_PUNEH.pdf>
Package pdftex.def Info: all_slides/Topic5B_RTL Methodology_PUNEH.pdf  used on 
input line 16.
(pdftex.def)             Requested size: 963.59766pt x 542.02367pt.
<all_slides/Topic5B_RTL Methodology_PUNEH.pdf, id=10646, page=1, 963.6pt x 542.
025pt>
File: all_slides/Topic5B_RTL Methodology_PUNEH.pdf Graphic file (type pdf)
<use all_slides/Topic5B_RTL Methodology_PUNEH.pdf, page 1>
Package pdftex.def Info: all_slides/Topic5B_RTL Methodology_PUNEH.pdf , page1 u
sed on input line 16.
(pdftex.def)             Requested size: 963.59766pt x 542.02367pt.
File: all_slides/Topic5B_RTL Methodology_PUNEH.pdf Graphic file (type pdf)
<use all_slides/Topic5B_RTL Methodology_PUNEH.pdf, page 1>
Package pdftex.def Info: all_slides/Topic5B_RTL Methodology_PUNEH.pdf , page1 u
sed on input line 16.
(pdftex.def)             Requested size: 364.40741pt x 204.97916pt.


[228{/var/lib/texmf/fonts/map/pdftex/updmap/pdftex.map}]
File: all_slides/Topic5B_RTL Methodology_PUNEH.pdf Graphic file (type pdf)
<use all_slides/Topic5B_RTL Methodology_PUNEH.pdf, page 1>
Package pdftex.def Info: all_slides/Topic5B_RTL Methodology_PUNEH.pdf , page1 u
sed on input line 16.
(pdftex.def)             Requested size: 364.40741pt x 204.97916pt.
File: all_slides/Topic5B_RTL Methodology_PUNEH.pdf Graphic file (type pdf)
<use all_slides/Topic5B_RTL Methodology_PUNEH.pdf, page 1>
Package pdftex.def Info: all_slides/Topic5B_RTL Methodology_PUNEH.pdf , page1 u
sed on input line 16.
(pdftex.def)             Requested size: 364.40741pt x 204.97916pt.


File: all_slides/Topic5B_RTL Methodology_PUNEH.pdf Graphic file (type pdf)
<use all_slides/Topic5B_RTL Methodology_PUNEH.pdf, page 1>
Package pdftex.def Info: all_slides/Topic5B_RTL Methodology_PUNEH.pdf , page1 u
sed on input line 16.
(pdftex.def)             Requested size: 364.40741pt x 204.97916pt.
[229

 <./all_slides/Topic5B_RTL Methodology_PUNEH.pdf>]
<all_slides/Topic5B_RTL Methodology_PUNEH.pdf, id=10712, page=2, 963.6pt x 542.
025pt>
File: all_slides/Topic5B_RTL Methodology_PUNEH.pdf Graphic file (type pdf)
<use all_slides/Topic5B_RTL Methodology_PUNEH.pdf, page 2>
Package pdftex.def Info: all_slides/Topic5B_RTL Methodology_PUNEH.pdf , page2 u
sed on input line 16.
(pdftex.def)             Requested size: 364.40741pt x 204.97916pt.
File: all_slides/Topic5B_RTL Methodology_PUNEH.pdf Graphic file (type pdf)
<use all_slides/Topic5B_RTL Methodology_PUNEH.pdf, page 2>
Package pdftex.def Info: all_slides/Topic5B_RTL Methodology_PUNEH.pdf , page2 u
sed on input line 16.
(pdftex.def)             Requested size: 364.40741pt x 204.97916pt.


File: all_slides/Topic5B_RTL Methodology_PUNEH.pdf Graphic file (type pdf)
<use all_slides/Topic5B_RTL Methodology_PUNEH.pdf, page 2>
Package pdftex.def Info: all_slides/Topic5B_RTL Methodology_PUNEH.pdf , page2 u
sed on input line 16.
(pdftex.def)             Requested size: 364.40741pt x 204.97916pt.
[230

 <./all_slides/Topic5B_RTL Methodology_PUNEH.pdf>]
<all_slides/Topic5B_RTL Methodology_PUNEH.pdf, id=10745, page=3, 963.6pt x 542.
025pt>
File: all_slides/Topic5B_RTL Methodology_PUNEH.pdf Graphic file (type pdf)
<use all_slides/Topic5B_RTL Methodology_PUNEH.pdf, page 3>
Package pdftex.def Info: all_slides/Topic5B_RTL Methodology_PUNEH.pdf , page3 u
sed on input line 16.
(pdftex.def)             Requested size: 364.40741pt x 204.97916pt.
File: all_slides/Topic5B_RTL Methodology_PUNEH.pdf Graphic file (type pdf)
<use all_slides/Topic5B_RTL Methodology_PUNEH.pdf, page 3>
Package pdftex.def Info: all_slides/Topic5B_RTL Methodology_PUNEH.pdf , page3 u
sed on input line 16.
(pdftex.def)             Requested size: 364.40741pt x 204.97916pt.


File: all_slides/Topic5B_RTL Methodology_PUNEH.pdf Graphic file (type pdf)
<use all_slides/Topic5B_RTL Methodology_PUNEH.pdf, page 3>
Package pdftex.def Info: all_slides/Topic5B_RTL Methodology_PUNEH.pdf , page3 u
sed on input line 16.
(pdftex.def)             Requested size: 364.40741pt x 204.97916pt.
[231

 <./all_slides/Topic5B_RTL Methodology_PUNEH.pdf>]
<all_slides/Topic5B_RTL Methodology_PUNEH.pdf, id=10772, page=4, 963.6pt x 542.
025pt>
File: all_slides/Topic5B_RTL Methodology_PUNEH.pdf Graphic file (type pdf)
<use all_slides/Topic5B_RTL Methodology_PUNEH.pdf, page 4>
Package pdftex.def Info: all_slides/Topic5B_RTL Methodology_PUNEH.pdf , page4 u
sed on input line 16.
(pdftex.def)             Requested size: 364.40741pt x 204.97916pt.
File: all_slides/Topic5B_RTL Methodology_PUNEH.pdf Graphic file (type pdf)
<use all_slides/Topic5B_RTL Methodology_PUNEH.pdf, page 4>
Package pdftex.def Info: all_slides/Topic5B_RTL Methodology_PUNEH.pdf , page4 u
sed on input line 16.
(pdftex.def)             Requested size: 364.40741pt x 204.97916pt.


File: all_slides/Topic5B_RTL Methodology_PUNEH.pdf Graphic file (type pdf)
<use all_slides/Topic5B_RTL Methodology_PUNEH.pdf, page 4>
Package pdftex.def Info: all_slides/Topic5B_RTL Methodology_PUNEH.pdf , page4 u
sed on input line 16.
(pdftex.def)             Requested size: 364.40741pt x 204.97916pt.
[232

 <./all_slides/Topic5B_RTL Methodology_PUNEH.pdf>]
<all_slides/Topic5B_RTL Methodology_PUNEH.pdf, id=10826, page=5, 963.6pt x 542.
025pt>
File: all_slides/Topic5B_RTL Methodology_PUNEH.pdf Graphic file (type pdf)
<use all_slides/Topic5B_RTL Methodology_PUNEH.pdf, page 5>
Package pdftex.def Info: all_slides/Topic5B_RTL Methodology_PUNEH.pdf , page5 u
sed on input line 16.
(pdftex.def)             Requested size: 364.40741pt x 204.97916pt.
File: all_slides/Topic5B_RTL Methodology_PUNEH.pdf Graphic file (type pdf)
<use all_slides/Topic5B_RTL Methodology_PUNEH.pdf, page 5>
Package pdftex.def Info: all_slides/Topic5B_RTL Methodology_PUNEH.pdf , page5 u
sed on input line 16.
(pdftex.def)             Requested size: 364.40741pt x 204.97916pt.


File: all_slides/Topic5B_RTL Methodology_PUNEH.pdf Graphic file (type pdf)
<use all_slides/Topic5B_RTL Methodology_PUNEH.pdf, page 5>
Package pdftex.def Info: all_slides/Topic5B_RTL Methodology_PUNEH.pdf , page5 u
sed on input line 16.
(pdftex.def)             Requested size: 364.40741pt x 204.97916pt.
[233

 <./all_slides/Topic5B_RTL Methodology_PUNEH.pdf>]
<all_slides/Topic5B_RTL Methodology_PUNEH.pdf, id=10853, page=6, 963.6pt x 542.
025pt>
File: all_slides/Topic5B_RTL Methodology_PUNEH.pdf Graphic file (type pdf)
<use all_slides/Topic5B_RTL Methodology_PUNEH.pdf, page 6>
Package pdftex.def Info: all_slides/Topic5B_RTL Methodology_PUNEH.pdf , page6 u
sed on input line 16.
(pdftex.def)             Requested size: 364.40741pt x 204.97916pt.
File: all_slides/Topic5B_RTL Methodology_PUNEH.pdf Graphic file (type pdf)
<use all_slides/Topic5B_RTL Methodology_PUNEH.pdf, page 6>
Package pdftex.def Info: all_slides/Topic5B_RTL Methodology_PUNEH.pdf , page6 u
sed on input line 16.
(pdftex.def)             Requested size: 364.40741pt x 204.97916pt.


File: all_slides/Topic5B_RTL Methodology_PUNEH.pdf Graphic file (type pdf)
<use all_slides/Topic5B_RTL Methodology_PUNEH.pdf, page 6>
Package pdftex.def Info: all_slides/Topic5B_RTL Methodology_PUNEH.pdf , page6 u
sed on input line 16.
(pdftex.def)             Requested size: 364.40741pt x 204.97916pt.
[234

 <./all_slides/Topic5B_RTL Methodology_PUNEH.pdf>]
<all_slides/Topic5B_RTL Methodology_PUNEH.pdf, id=10889, page=7, 963.6pt x 542.
025pt>
File: all_slides/Topic5B_RTL Methodology_PUNEH.pdf Graphic file (type pdf)
<use all_slides/Topic5B_RTL Methodology_PUNEH.pdf, page 7>
Package pdftex.def Info: all_slides/Topic5B_RTL Methodology_PUNEH.pdf , page7 u
sed on input line 16.
(pdftex.def)             Requested size: 364.40741pt x 204.97916pt.
File: all_slides/Topic5B_RTL Methodology_PUNEH.pdf Graphic file (type pdf)
<use all_slides/Topic5B_RTL Methodology_PUNEH.pdf, page 7>
Package pdftex.def Info: all_slides/Topic5B_RTL Methodology_PUNEH.pdf , page7 u
sed on input line 16.
(pdftex.def)             Requested size: 364.40741pt x 204.97916pt.


File: all_slides/Topic5B_RTL Methodology_PUNEH.pdf Graphic file (type pdf)
<use all_slides/Topic5B_RTL Methodology_PUNEH.pdf, page 7>
Package pdftex.def Info: all_slides/Topic5B_RTL Methodology_PUNEH.pdf , page7 u
sed on input line 16.
(pdftex.def)             Requested size: 364.40741pt x 204.97916pt.
[235

 <./all_slides/Topic5B_RTL Methodology_PUNEH.pdf>]
<all_slides/Topic5B_RTL Methodology_PUNEH.pdf, id=10917, page=8, 963.6pt x 542.
025pt>
File: all_slides/Topic5B_RTL Methodology_PUNEH.pdf Graphic file (type pdf)
<use all_slides/Topic5B_RTL Methodology_PUNEH.pdf, page 8>
Package pdftex.def Info: all_slides/Topic5B_RTL Methodology_PUNEH.pdf , page8 u
sed on input line 16.
(pdftex.def)             Requested size: 364.40741pt x 204.97916pt.
File: all_slides/Topic5B_RTL Methodology_PUNEH.pdf Graphic file (type pdf)
<use all_slides/Topic5B_RTL Methodology_PUNEH.pdf, page 8>
Package pdftex.def Info: all_slides/Topic5B_RTL Methodology_PUNEH.pdf , page8 u
sed on input line 16.
(pdftex.def)             Requested size: 364.40741pt x 204.97916pt.


File: all_slides/Topic5B_RTL Methodology_PUNEH.pdf Graphic file (type pdf)
<use all_slides/Topic5B_RTL Methodology_PUNEH.pdf, page 8>
Package pdftex.def Info: all_slides/Topic5B_RTL Methodology_PUNEH.pdf , page8 u
sed on input line 16.
(pdftex.def)             Requested size: 364.40741pt x 204.97916pt.
[236

 <./all_slides/Topic5B_RTL Methodology_PUNEH.pdf>]
<all_slides/Topic5B_RTL Methodology_PUNEH.pdf, id=10948, page=9, 963.6pt x 542.
025pt>
File: all_slides/Topic5B_RTL Methodology_PUNEH.pdf Graphic file (type pdf)
<use all_slides/Topic5B_RTL Methodology_PUNEH.pdf, page 9>
Package pdftex.def Info: all_slides/Topic5B_RTL Methodology_PUNEH.pdf , page9 u
sed on input line 16.
(pdftex.def)             Requested size: 364.40741pt x 204.97916pt.
File: all_slides/Topic5B_RTL Methodology_PUNEH.pdf Graphic file (type pdf)
<use all_slides/Topic5B_RTL Methodology_PUNEH.pdf, page 9>
Package pdftex.def Info: all_slides/Topic5B_RTL Methodology_PUNEH.pdf , page9 u
sed on input line 16.
(pdftex.def)             Requested size: 364.40741pt x 204.97916pt.


File: all_slides/Topic5B_RTL Methodology_PUNEH.pdf Graphic file (type pdf)
<use all_slides/Topic5B_RTL Methodology_PUNEH.pdf, page 9>
Package pdftex.def Info: all_slides/Topic5B_RTL Methodology_PUNEH.pdf , page9 u
sed on input line 16.
(pdftex.def)             Requested size: 364.40741pt x 204.97916pt.
[237

 <./all_slides/Topic5B_RTL Methodology_PUNEH.pdf>]
<all_slides/Topic5B_RTL Methodology_PUNEH.pdf, id=10976, page=10, 963.6pt x 542
.025pt>
File: all_slides/Topic5B_RTL Methodology_PUNEH.pdf Graphic file (type pdf)
<use all_slides/Topic5B_RTL Methodology_PUNEH.pdf, page 10>
Package pdftex.def Info: all_slides/Topic5B_RTL Methodology_PUNEH.pdf , page10 
used on input line 16.
(pdftex.def)             Requested size: 364.40741pt x 204.97916pt.
File: all_slides/Topic5B_RTL Methodology_PUNEH.pdf Graphic file (type pdf)
<use all_slides/Topic5B_RTL Methodology_PUNEH.pdf, page 10>
Package pdftex.def Info: all_slides/Topic5B_RTL Methodology_PUNEH.pdf , page10 
used on input line 16.
(pdftex.def)             Requested size: 364.40741pt x 204.97916pt.


File: all_slides/Topic5B_RTL Methodology_PUNEH.pdf Graphic file (type pdf)
<use all_slides/Topic5B_RTL Methodology_PUNEH.pdf, page 10>
Package pdftex.def Info: all_slides/Topic5B_RTL Methodology_PUNEH.pdf , page10 
used on input line 16.
(pdftex.def)             Requested size: 364.40741pt x 204.97916pt.
[238

 <./all_slides/Topic5B_RTL Methodology_PUNEH.pdf>]
<all_slides/Topic5B_RTL Methodology_PUNEH.pdf, id=11003, page=11, 963.6pt x 542
.025pt>
File: all_slides/Topic5B_RTL Methodology_PUNEH.pdf Graphic file (type pdf)
<use all_slides/Topic5B_RTL Methodology_PUNEH.pdf, page 11>
Package pdftex.def Info: all_slides/Topic5B_RTL Methodology_PUNEH.pdf , page11 
used on input line 16.
(pdftex.def)             Requested size: 364.40741pt x 204.97916pt.
File: all_slides/Topic5B_RTL Methodology_PUNEH.pdf Graphic file (type pdf)
<use all_slides/Topic5B_RTL Methodology_PUNEH.pdf, page 11>
Package pdftex.def Info: all_slides/Topic5B_RTL Methodology_PUNEH.pdf , page11 
used on input line 16.
(pdftex.def)             Requested size: 364.40741pt x 204.97916pt.


File: all_slides/Topic5B_RTL Methodology_PUNEH.pdf Graphic file (type pdf)
<use all_slides/Topic5B_RTL Methodology_PUNEH.pdf, page 11>
Package pdftex.def Info: all_slides/Topic5B_RTL Methodology_PUNEH.pdf , page11 
used on input line 16.
(pdftex.def)             Requested size: 364.40741pt x 204.97916pt.
[239

 <./all_slides/Topic5B_RTL Methodology_PUNEH.pdf>]
<all_slides/Topic5B_RTL Methodology_PUNEH.pdf, id=11031, page=12, 963.6pt x 542
.025pt>
File: all_slides/Topic5B_RTL Methodology_PUNEH.pdf Graphic file (type pdf)
<use all_slides/Topic5B_RTL Methodology_PUNEH.pdf, page 12>
Package pdftex.def Info: all_slides/Topic5B_RTL Methodology_PUNEH.pdf , page12 
used on input line 16.
(pdftex.def)             Requested size: 364.40741pt x 204.97916pt.
File: all_slides/Topic5B_RTL Methodology_PUNEH.pdf Graphic file (type pdf)
<use all_slides/Topic5B_RTL Methodology_PUNEH.pdf, page 12>
Package pdftex.def Info: all_slides/Topic5B_RTL Methodology_PUNEH.pdf , page12 
used on input line 16.
(pdftex.def)             Requested size: 364.40741pt x 204.97916pt.


File: all_slides/Topic5B_RTL Methodology_PUNEH.pdf Graphic file (type pdf)
<use all_slides/Topic5B_RTL Methodology_PUNEH.pdf, page 12>
Package pdftex.def Info: all_slides/Topic5B_RTL Methodology_PUNEH.pdf , page12 
used on input line 16.
(pdftex.def)             Requested size: 364.40741pt x 204.97916pt.
[240

 <./all_slides/Topic5B_RTL Methodology_PUNEH.pdf>]
<all_slides/Topic5B_RTL Methodology_PUNEH.pdf, id=11058, page=13, 963.6pt x 542
.025pt>
File: all_slides/Topic5B_RTL Methodology_PUNEH.pdf Graphic file (type pdf)
<use all_slides/Topic5B_RTL Methodology_PUNEH.pdf, page 13>
Package pdftex.def Info: all_slides/Topic5B_RTL Methodology_PUNEH.pdf , page13 
used on input line 16.
(pdftex.def)             Requested size: 364.40741pt x 204.97916pt.
File: all_slides/Topic5B_RTL Methodology_PUNEH.pdf Graphic file (type pdf)
<use all_slides/Topic5B_RTL Methodology_PUNEH.pdf, page 13>
Package pdftex.def Info: all_slides/Topic5B_RTL Methodology_PUNEH.pdf , page13 
used on input line 16.
(pdftex.def)             Requested size: 364.40741pt x 204.97916pt.


File: all_slides/Topic5B_RTL Methodology_PUNEH.pdf Graphic file (type pdf)
<use all_slides/Topic5B_RTL Methodology_PUNEH.pdf, page 13>
Package pdftex.def Info: all_slides/Topic5B_RTL Methodology_PUNEH.pdf , page13 
used on input line 16.
(pdftex.def)             Requested size: 364.40741pt x 204.97916pt.
[241

 <./all_slides/Topic5B_RTL Methodology_PUNEH.pdf>]
<all_slides/Topic5B_RTL Methodology_PUNEH.pdf, id=11089, page=14, 963.6pt x 542
.025pt>
File: all_slides/Topic5B_RTL Methodology_PUNEH.pdf Graphic file (type pdf)
<use all_slides/Topic5B_RTL Methodology_PUNEH.pdf, page 14>
Package pdftex.def Info: all_slides/Topic5B_RTL Methodology_PUNEH.pdf , page14 
used on input line 16.
(pdftex.def)             Requested size: 364.40741pt x 204.97916pt.
File: all_slides/Topic5B_RTL Methodology_PUNEH.pdf Graphic file (type pdf)
<use all_slides/Topic5B_RTL Methodology_PUNEH.pdf, page 14>
Package pdftex.def Info: all_slides/Topic5B_RTL Methodology_PUNEH.pdf , page14 
used on input line 16.
(pdftex.def)             Requested size: 364.40741pt x 204.97916pt.


File: all_slides/Topic5B_RTL Methodology_PUNEH.pdf Graphic file (type pdf)
<use all_slides/Topic5B_RTL Methodology_PUNEH.pdf, page 14>
Package pdftex.def Info: all_slides/Topic5B_RTL Methodology_PUNEH.pdf , page14 
used on input line 16.
(pdftex.def)             Requested size: 364.40741pt x 204.97916pt.
[242

 <./all_slides/Topic5B_RTL Methodology_PUNEH.pdf>]
<all_slides/Topic5B_RTL Methodology_PUNEH.pdf, id=11163, page=15, 963.6pt x 542
.025pt>
File: all_slides/Topic5B_RTL Methodology_PUNEH.pdf Graphic file (type pdf)
<use all_slides/Topic5B_RTL Methodology_PUNEH.pdf, page 15>
Package pdftex.def Info: all_slides/Topic5B_RTL Methodology_PUNEH.pdf , page15 
used on input line 16.
(pdftex.def)             Requested size: 364.40741pt x 204.97916pt.
File: all_slides/Topic5B_RTL Methodology_PUNEH.pdf Graphic file (type pdf)
<use all_slides/Topic5B_RTL Methodology_PUNEH.pdf, page 15>
Package pdftex.def Info: all_slides/Topic5B_RTL Methodology_PUNEH.pdf , page15 
used on input line 16.
(pdftex.def)             Requested size: 364.40741pt x 204.97916pt.


File: all_slides/Topic5B_RTL Methodology_PUNEH.pdf Graphic file (type pdf)
<use all_slides/Topic5B_RTL Methodology_PUNEH.pdf, page 15>
Package pdftex.def Info: all_slides/Topic5B_RTL Methodology_PUNEH.pdf , page15 
used on input line 16.
(pdftex.def)             Requested size: 364.40741pt x 204.97916pt.
[243

 <./all_slides/Topic5B_RTL Methodology_PUNEH.pdf>]
<all_slides/Topic5B_RTL Methodology_PUNEH.pdf, id=11234, page=16, 963.6pt x 542
.025pt>
File: all_slides/Topic5B_RTL Methodology_PUNEH.pdf Graphic file (type pdf)
<use all_slides/Topic5B_RTL Methodology_PUNEH.pdf, page 16>
Package pdftex.def Info: all_slides/Topic5B_RTL Methodology_PUNEH.pdf , page16 
used on input line 16.
(pdftex.def)             Requested size: 364.40741pt x 204.97916pt.
File: all_slides/Topic5B_RTL Methodology_PUNEH.pdf Graphic file (type pdf)
<use all_slides/Topic5B_RTL Methodology_PUNEH.pdf, page 16>
Package pdftex.def Info: all_slides/Topic5B_RTL Methodology_PUNEH.pdf , page16 
used on input line 16.
(pdftex.def)             Requested size: 364.40741pt x 204.97916pt.


File: all_slides/Topic5B_RTL Methodology_PUNEH.pdf Graphic file (type pdf)
<use all_slides/Topic5B_RTL Methodology_PUNEH.pdf, page 16>
Package pdftex.def Info: all_slides/Topic5B_RTL Methodology_PUNEH.pdf , page16 
used on input line 16.
(pdftex.def)             Requested size: 364.40741pt x 204.97916pt.
[244

 <./all_slides/Topic5B_RTL Methodology_PUNEH.pdf>]
<all_slides/Topic5B_RTL Methodology_PUNEH.pdf, id=11313, page=17, 963.6pt x 542
.025pt>
File: all_slides/Topic5B_RTL Methodology_PUNEH.pdf Graphic file (type pdf)
<use all_slides/Topic5B_RTL Methodology_PUNEH.pdf, page 17>
Package pdftex.def Info: all_slides/Topic5B_RTL Methodology_PUNEH.pdf , page17 
used on input line 16.
(pdftex.def)             Requested size: 364.40741pt x 204.97916pt.
File: all_slides/Topic5B_RTL Methodology_PUNEH.pdf Graphic file (type pdf)
<use all_slides/Topic5B_RTL Methodology_PUNEH.pdf, page 17>
Package pdftex.def Info: all_slides/Topic5B_RTL Methodology_PUNEH.pdf , page17 
used on input line 16.
(pdftex.def)             Requested size: 364.40741pt x 204.97916pt.


File: all_slides/Topic5B_RTL Methodology_PUNEH.pdf Graphic file (type pdf)
<use all_slides/Topic5B_RTL Methodology_PUNEH.pdf, page 17>
Package pdftex.def Info: all_slides/Topic5B_RTL Methodology_PUNEH.pdf , page17 
used on input line 16.
(pdftex.def)             Requested size: 364.40741pt x 204.97916pt.
[245

 <./all_slides/Topic5B_RTL Methodology_PUNEH.pdf>]
<all_slides/Topic5B_RTL Methodology_PUNEH.pdf, id=11395, page=18, 963.6pt x 542
.025pt>
File: all_slides/Topic5B_RTL Methodology_PUNEH.pdf Graphic file (type pdf)
<use all_slides/Topic5B_RTL Methodology_PUNEH.pdf, page 18>
Package pdftex.def Info: all_slides/Topic5B_RTL Methodology_PUNEH.pdf , page18 
used on input line 16.
(pdftex.def)             Requested size: 364.40741pt x 204.97916pt.
File: all_slides/Topic5B_RTL Methodology_PUNEH.pdf Graphic file (type pdf)
<use all_slides/Topic5B_RTL Methodology_PUNEH.pdf, page 18>
Package pdftex.def Info: all_slides/Topic5B_RTL Methodology_PUNEH.pdf , page18 
used on input line 16.
(pdftex.def)             Requested size: 364.40741pt x 204.97916pt.


File: all_slides/Topic5B_RTL Methodology_PUNEH.pdf Graphic file (type pdf)
<use all_slides/Topic5B_RTL Methodology_PUNEH.pdf, page 18>
Package pdftex.def Info: all_slides/Topic5B_RTL Methodology_PUNEH.pdf , page18 
used on input line 16.
(pdftex.def)             Requested size: 364.40741pt x 204.97916pt.
[246

 <./all_slides/Topic5B_RTL Methodology_PUNEH.pdf>]
<all_slides/Topic5B_RTL Methodology_PUNEH.pdf, id=11467, page=19, 963.6pt x 542
.025pt>
File: all_slides/Topic5B_RTL Methodology_PUNEH.pdf Graphic file (type pdf)
<use all_slides/Topic5B_RTL Methodology_PUNEH.pdf, page 19>
Package pdftex.def Info: all_slides/Topic5B_RTL Methodology_PUNEH.pdf , page19 
used on input line 16.
(pdftex.def)             Requested size: 364.40741pt x 204.97916pt.
File: all_slides/Topic5B_RTL Methodology_PUNEH.pdf Graphic file (type pdf)
<use all_slides/Topic5B_RTL Methodology_PUNEH.pdf, page 19>
Package pdftex.def Info: all_slides/Topic5B_RTL Methodology_PUNEH.pdf , page19 
used on input line 16.
(pdftex.def)             Requested size: 364.40741pt x 204.97916pt.


File: all_slides/Topic5B_RTL Methodology_PUNEH.pdf Graphic file (type pdf)
<use all_slides/Topic5B_RTL Methodology_PUNEH.pdf, page 19>
Package pdftex.def Info: all_slides/Topic5B_RTL Methodology_PUNEH.pdf , page19 
used on input line 16.
(pdftex.def)             Requested size: 364.40741pt x 204.97916pt.
[247

 <./all_slides/Topic5B_RTL Methodology_PUNEH.pdf>]
<all_slides/Topic5B_RTL Methodology_PUNEH.pdf, id=11540, page=20, 963.6pt x 542
.025pt>
File: all_slides/Topic5B_RTL Methodology_PUNEH.pdf Graphic file (type pdf)
<use all_slides/Topic5B_RTL Methodology_PUNEH.pdf, page 20>
Package pdftex.def Info: all_slides/Topic5B_RTL Methodology_PUNEH.pdf , page20 
used on input line 16.
(pdftex.def)             Requested size: 364.40741pt x 204.97916pt.
File: all_slides/Topic5B_RTL Methodology_PUNEH.pdf Graphic file (type pdf)
<use all_slides/Topic5B_RTL Methodology_PUNEH.pdf, page 20>
Package pdftex.def Info: all_slides/Topic5B_RTL Methodology_PUNEH.pdf , page20 
used on input line 16.
(pdftex.def)             Requested size: 364.40741pt x 204.97916pt.


File: all_slides/Topic5B_RTL Methodology_PUNEH.pdf Graphic file (type pdf)
<use all_slides/Topic5B_RTL Methodology_PUNEH.pdf, page 20>
Package pdftex.def Info: all_slides/Topic5B_RTL Methodology_PUNEH.pdf , page20 
used on input line 16.
(pdftex.def)             Requested size: 364.40741pt x 204.97916pt.
[248

 <./all_slides/Topic5B_RTL Methodology_PUNEH.pdf>]
<all_slides/Topic5B_RTL Methodology_PUNEH.pdf, id=11613, page=21, 963.6pt x 542
.025pt>
File: all_slides/Topic5B_RTL Methodology_PUNEH.pdf Graphic file (type pdf)
<use all_slides/Topic5B_RTL Methodology_PUNEH.pdf, page 21>
Package pdftex.def Info: all_slides/Topic5B_RTL Methodology_PUNEH.pdf , page21 
used on input line 16.
(pdftex.def)             Requested size: 364.40741pt x 204.97916pt.
File: all_slides/Topic5B_RTL Methodology_PUNEH.pdf Graphic file (type pdf)
<use all_slides/Topic5B_RTL Methodology_PUNEH.pdf, page 21>
Package pdftex.def Info: all_slides/Topic5B_RTL Methodology_PUNEH.pdf , page21 
used on input line 16.
(pdftex.def)             Requested size: 364.40741pt x 204.97916pt.


File: all_slides/Topic5B_RTL Methodology_PUNEH.pdf Graphic file (type pdf)
<use all_slides/Topic5B_RTL Methodology_PUNEH.pdf, page 21>
Package pdftex.def Info: all_slides/Topic5B_RTL Methodology_PUNEH.pdf , page21 
used on input line 16.
(pdftex.def)             Requested size: 364.40741pt x 204.97916pt.
[249

 <./all_slides/Topic5B_RTL Methodology_PUNEH.pdf>]
<all_slides/Topic5B_RTL Methodology_PUNEH.pdf, id=11650, page=22, 963.6pt x 542
.025pt>
File: all_slides/Topic5B_RTL Methodology_PUNEH.pdf Graphic file (type pdf)
<use all_slides/Topic5B_RTL Methodology_PUNEH.pdf, page 22>
Package pdftex.def Info: all_slides/Topic5B_RTL Methodology_PUNEH.pdf , page22 
used on input line 16.
(pdftex.def)             Requested size: 364.40741pt x 204.97916pt.
File: all_slides/Topic5B_RTL Methodology_PUNEH.pdf Graphic file (type pdf)
<use all_slides/Topic5B_RTL Methodology_PUNEH.pdf, page 22>
Package pdftex.def Info: all_slides/Topic5B_RTL Methodology_PUNEH.pdf , page22 
used on input line 16.
(pdftex.def)             Requested size: 364.40741pt x 204.97916pt.


File: all_slides/Topic5B_RTL Methodology_PUNEH.pdf Graphic file (type pdf)
<use all_slides/Topic5B_RTL Methodology_PUNEH.pdf, page 22>
Package pdftex.def Info: all_slides/Topic5B_RTL Methodology_PUNEH.pdf , page22 
used on input line 16.
(pdftex.def)             Requested size: 364.40741pt x 204.97916pt.
[250

 <./all_slides/Topic5B_RTL Methodology_PUNEH.pdf>]
<all_slides/Topic5B_RTL Methodology_PUNEH.pdf, id=11687, page=23, 963.6pt x 542
.025pt>
File: all_slides/Topic5B_RTL Methodology_PUNEH.pdf Graphic file (type pdf)
<use all_slides/Topic5B_RTL Methodology_PUNEH.pdf, page 23>
Package pdftex.def Info: all_slides/Topic5B_RTL Methodology_PUNEH.pdf , page23 
used on input line 16.
(pdftex.def)             Requested size: 364.40741pt x 204.97916pt.
File: all_slides/Topic5B_RTL Methodology_PUNEH.pdf Graphic file (type pdf)
<use all_slides/Topic5B_RTL Methodology_PUNEH.pdf, page 23>
Package pdftex.def Info: all_slides/Topic5B_RTL Methodology_PUNEH.pdf , page23 
used on input line 16.
(pdftex.def)             Requested size: 364.40741pt x 204.97916pt.


File: all_slides/Topic5B_RTL Methodology_PUNEH.pdf Graphic file (type pdf)
<use all_slides/Topic5B_RTL Methodology_PUNEH.pdf, page 23>
Package pdftex.def Info: all_slides/Topic5B_RTL Methodology_PUNEH.pdf , page23 
used on input line 16.
(pdftex.def)             Requested size: 364.40741pt x 204.97916pt.
[251

 <./all_slides/Topic5B_RTL Methodology_PUNEH.pdf>]
<all_slides/Topic5B_RTL Methodology_PUNEH.pdf, id=11716, page=24, 963.6pt x 542
.025pt>
File: all_slides/Topic5B_RTL Methodology_PUNEH.pdf Graphic file (type pdf)
<use all_slides/Topic5B_RTL Methodology_PUNEH.pdf, page 24>
Package pdftex.def Info: all_slides/Topic5B_RTL Methodology_PUNEH.pdf , page24 
used on input line 16.
(pdftex.def)             Requested size: 364.40741pt x 204.97916pt.
File: all_slides/Topic5B_RTL Methodology_PUNEH.pdf Graphic file (type pdf)
<use all_slides/Topic5B_RTL Methodology_PUNEH.pdf, page 24>
Package pdftex.def Info: all_slides/Topic5B_RTL Methodology_PUNEH.pdf , page24 
used on input line 16.
(pdftex.def)             Requested size: 364.40741pt x 204.97916pt.


File: all_slides/Topic5B_RTL Methodology_PUNEH.pdf Graphic file (type pdf)
<use all_slides/Topic5B_RTL Methodology_PUNEH.pdf, page 24>
Package pdftex.def Info: all_slides/Topic5B_RTL Methodology_PUNEH.pdf , page24 
used on input line 16.
(pdftex.def)             Requested size: 364.40741pt x 204.97916pt.
[252

 <./all_slides/Topic5B_RTL Methodology_PUNEH.pdf>]
<all_slides/Topic5B_RTL Methodology_PUNEH.pdf, id=11749, page=25, 963.6pt x 542
.025pt>
File: all_slides/Topic5B_RTL Methodology_PUNEH.pdf Graphic file (type pdf)
<use all_slides/Topic5B_RTL Methodology_PUNEH.pdf, page 25>
Package pdftex.def Info: all_slides/Topic5B_RTL Methodology_PUNEH.pdf , page25 
used on input line 16.
(pdftex.def)             Requested size: 364.40741pt x 204.97916pt.
File: all_slides/Topic5B_RTL Methodology_PUNEH.pdf Graphic file (type pdf)
<use all_slides/Topic5B_RTL Methodology_PUNEH.pdf, page 25>
Package pdftex.def Info: all_slides/Topic5B_RTL Methodology_PUNEH.pdf , page25 
used on input line 16.
(pdftex.def)             Requested size: 364.40741pt x 204.97916pt.


File: all_slides/Topic5B_RTL Methodology_PUNEH.pdf Graphic file (type pdf)
<use all_slides/Topic5B_RTL Methodology_PUNEH.pdf, page 25>
Package pdftex.def Info: all_slides/Topic5B_RTL Methodology_PUNEH.pdf , page25 
used on input line 16.
(pdftex.def)             Requested size: 364.40741pt x 204.97916pt.
[253

 <./all_slides/Topic5B_RTL Methodology_PUNEH.pdf>]
<all_slides/Topic5B_RTL Methodology_PUNEH.pdf, id=11783, page=26, 963.6pt x 542
.025pt>
File: all_slides/Topic5B_RTL Methodology_PUNEH.pdf Graphic file (type pdf)
<use all_slides/Topic5B_RTL Methodology_PUNEH.pdf, page 26>
Package pdftex.def Info: all_slides/Topic5B_RTL Methodology_PUNEH.pdf , page26 
used on input line 16.
(pdftex.def)             Requested size: 364.40741pt x 204.97916pt.
File: all_slides/Topic5B_RTL Methodology_PUNEH.pdf Graphic file (type pdf)
<use all_slides/Topic5B_RTL Methodology_PUNEH.pdf, page 26>
Package pdftex.def Info: all_slides/Topic5B_RTL Methodology_PUNEH.pdf , page26 
used on input line 16.
(pdftex.def)             Requested size: 364.40741pt x 204.97916pt.


File: all_slides/Topic5B_RTL Methodology_PUNEH.pdf Graphic file (type pdf)
<use all_slides/Topic5B_RTL Methodology_PUNEH.pdf, page 26>
Package pdftex.def Info: all_slides/Topic5B_RTL Methodology_PUNEH.pdf , page26 
used on input line 16.
(pdftex.def)             Requested size: 364.40741pt x 204.97916pt.
[254

 <./all_slides/Topic5B_RTL Methodology_PUNEH.pdf>]
<all_slides/Topic5B_RTL Methodology_PUNEH.pdf, id=11810, page=27, 963.6pt x 542
.025pt>
File: all_slides/Topic5B_RTL Methodology_PUNEH.pdf Graphic file (type pdf)
<use all_slides/Topic5B_RTL Methodology_PUNEH.pdf, page 27>
Package pdftex.def Info: all_slides/Topic5B_RTL Methodology_PUNEH.pdf , page27 
used on input line 16.
(pdftex.def)             Requested size: 364.40741pt x 204.97916pt.
File: all_slides/Topic5B_RTL Methodology_PUNEH.pdf Graphic file (type pdf)
<use all_slides/Topic5B_RTL Methodology_PUNEH.pdf, page 27>
Package pdftex.def Info: all_slides/Topic5B_RTL Methodology_PUNEH.pdf , page27 
used on input line 16.
(pdftex.def)             Requested size: 364.40741pt x 204.97916pt.


File: all_slides/Topic5B_RTL Methodology_PUNEH.pdf Graphic file (type pdf)
<use all_slides/Topic5B_RTL Methodology_PUNEH.pdf, page 27>
Package pdftex.def Info: all_slides/Topic5B_RTL Methodology_PUNEH.pdf , page27 
used on input line 16.
(pdftex.def)             Requested size: 364.40741pt x 204.97916pt.
[255

 <./all_slides/Topic5B_RTL Methodology_PUNEH.pdf>]
<all_slides/Topic5B_RTL Methodology_PUNEH.pdf, id=11837, page=28, 963.6pt x 542
.025pt>
File: all_slides/Topic5B_RTL Methodology_PUNEH.pdf Graphic file (type pdf)
<use all_slides/Topic5B_RTL Methodology_PUNEH.pdf, page 28>
Package pdftex.def Info: all_slides/Topic5B_RTL Methodology_PUNEH.pdf , page28 
used on input line 16.
(pdftex.def)             Requested size: 364.40741pt x 204.97916pt.
File: all_slides/Topic5B_RTL Methodology_PUNEH.pdf Graphic file (type pdf)
<use all_slides/Topic5B_RTL Methodology_PUNEH.pdf, page 28>
Package pdftex.def Info: all_slides/Topic5B_RTL Methodology_PUNEH.pdf , page28 
used on input line 16.
(pdftex.def)             Requested size: 364.40741pt x 204.97916pt.


File: all_slides/Topic5B_RTL Methodology_PUNEH.pdf Graphic file (type pdf)
<use all_slides/Topic5B_RTL Methodology_PUNEH.pdf, page 28>
Package pdftex.def Info: all_slides/Topic5B_RTL Methodology_PUNEH.pdf , page28 
used on input line 16.
(pdftex.def)             Requested size: 364.40741pt x 204.97916pt.
[256

 <./all_slides/Topic5B_RTL Methodology_PUNEH.pdf>]
<all_slides/Topic5B_RTL Methodology_PUNEH.pdf, id=11865, page=29, 963.6pt x 542
.025pt>
File: all_slides/Topic5B_RTL Methodology_PUNEH.pdf Graphic file (type pdf)
<use all_slides/Topic5B_RTL Methodology_PUNEH.pdf, page 29>
Package pdftex.def Info: all_slides/Topic5B_RTL Methodology_PUNEH.pdf , page29 
used on input line 16.
(pdftex.def)             Requested size: 364.40741pt x 204.97916pt.
File: all_slides/Topic5B_RTL Methodology_PUNEH.pdf Graphic file (type pdf)
<use all_slides/Topic5B_RTL Methodology_PUNEH.pdf, page 29>
Package pdftex.def Info: all_slides/Topic5B_RTL Methodology_PUNEH.pdf , page29 
used on input line 16.
(pdftex.def)             Requested size: 364.40741pt x 204.97916pt.


File: all_slides/Topic5B_RTL Methodology_PUNEH.pdf Graphic file (type pdf)
<use all_slides/Topic5B_RTL Methodology_PUNEH.pdf, page 29>
Package pdftex.def Info: all_slides/Topic5B_RTL Methodology_PUNEH.pdf , page29 
used on input line 16.
(pdftex.def)             Requested size: 364.40741pt x 204.97916pt.
[257

 <./all_slides/Topic5B_RTL Methodology_PUNEH.pdf>]
<all_slides/Topic5B_RTL Methodology_PUNEH.pdf, id=11892, page=30, 963.6pt x 542
.025pt>
File: all_slides/Topic5B_RTL Methodology_PUNEH.pdf Graphic file (type pdf)
<use all_slides/Topic5B_RTL Methodology_PUNEH.pdf, page 30>
Package pdftex.def Info: all_slides/Topic5B_RTL Methodology_PUNEH.pdf , page30 
used on input line 16.
(pdftex.def)             Requested size: 364.40741pt x 204.97916pt.
File: all_slides/Topic5B_RTL Methodology_PUNEH.pdf Graphic file (type pdf)
<use all_slides/Topic5B_RTL Methodology_PUNEH.pdf, page 30>
Package pdftex.def Info: all_slides/Topic5B_RTL Methodology_PUNEH.pdf , page30 
used on input line 16.
(pdftex.def)             Requested size: 364.40741pt x 204.97916pt.


File: all_slides/Topic5B_RTL Methodology_PUNEH.pdf Graphic file (type pdf)
<use all_slides/Topic5B_RTL Methodology_PUNEH.pdf, page 30>
Package pdftex.def Info: all_slides/Topic5B_RTL Methodology_PUNEH.pdf , page30 
used on input line 16.
(pdftex.def)             Requested size: 364.40741pt x 204.97916pt.
[258

 <./all_slides/Topic5B_RTL Methodology_PUNEH.pdf>]
<all_slides/Topic5B_RTL Methodology_PUNEH.pdf, id=11919, page=31, 963.6pt x 542
.025pt>
File: all_slides/Topic5B_RTL Methodology_PUNEH.pdf Graphic file (type pdf)
<use all_slides/Topic5B_RTL Methodology_PUNEH.pdf, page 31>
Package pdftex.def Info: all_slides/Topic5B_RTL Methodology_PUNEH.pdf , page31 
used on input line 16.
(pdftex.def)             Requested size: 364.40741pt x 204.97916pt.
File: all_slides/Topic5B_RTL Methodology_PUNEH.pdf Graphic file (type pdf)
<use all_slides/Topic5B_RTL Methodology_PUNEH.pdf, page 31>
Package pdftex.def Info: all_slides/Topic5B_RTL Methodology_PUNEH.pdf , page31 
used on input line 16.
(pdftex.def)             Requested size: 364.40741pt x 204.97916pt.


File: all_slides/Topic5B_RTL Methodology_PUNEH.pdf Graphic file (type pdf)
<use all_slides/Topic5B_RTL Methodology_PUNEH.pdf, page 31>
Package pdftex.def Info: all_slides/Topic5B_RTL Methodology_PUNEH.pdf , page31 
used on input line 16.
(pdftex.def)             Requested size: 364.40741pt x 204.97916pt.
[259

 <./all_slides/Topic5B_RTL Methodology_PUNEH.pdf>]
<all_slides/Topic5B_RTL Methodology_PUNEH.pdf, id=11947, page=32, 963.6pt x 542
.025pt>
File: all_slides/Topic5B_RTL Methodology_PUNEH.pdf Graphic file (type pdf)
<use all_slides/Topic5B_RTL Methodology_PUNEH.pdf, page 32>
Package pdftex.def Info: all_slides/Topic5B_RTL Methodology_PUNEH.pdf , page32 
used on input line 16.
(pdftex.def)             Requested size: 364.40741pt x 204.97916pt.
File: all_slides/Topic5B_RTL Methodology_PUNEH.pdf Graphic file (type pdf)
<use all_slides/Topic5B_RTL Methodology_PUNEH.pdf, page 32>
Package pdftex.def Info: all_slides/Topic5B_RTL Methodology_PUNEH.pdf , page32 
used on input line 16.
(pdftex.def)             Requested size: 364.40741pt x 204.97916pt.


File: all_slides/Topic5B_RTL Methodology_PUNEH.pdf Graphic file (type pdf)
<use all_slides/Topic5B_RTL Methodology_PUNEH.pdf, page 32>
Package pdftex.def Info: all_slides/Topic5B_RTL Methodology_PUNEH.pdf , page32 
used on input line 16.
(pdftex.def)             Requested size: 364.40741pt x 204.97916pt.
[260

 <./all_slides/Topic5B_RTL Methodology_PUNEH.pdf>]
<all_slides/Topic5B_RTL Methodology_PUNEH.pdf, id=11975, page=33, 963.6pt x 542
.025pt>
File: all_slides/Topic5B_RTL Methodology_PUNEH.pdf Graphic file (type pdf)
<use all_slides/Topic5B_RTL Methodology_PUNEH.pdf, page 33>
Package pdftex.def Info: all_slides/Topic5B_RTL Methodology_PUNEH.pdf , page33 
used on input line 16.
(pdftex.def)             Requested size: 364.40741pt x 204.97916pt.
File: all_slides/Topic5B_RTL Methodology_PUNEH.pdf Graphic file (type pdf)
<use all_slides/Topic5B_RTL Methodology_PUNEH.pdf, page 33>
Package pdftex.def Info: all_slides/Topic5B_RTL Methodology_PUNEH.pdf , page33 
used on input line 16.
(pdftex.def)             Requested size: 364.40741pt x 204.97916pt.


File: all_slides/Topic5B_RTL Methodology_PUNEH.pdf Graphic file (type pdf)
<use all_slides/Topic5B_RTL Methodology_PUNEH.pdf, page 33>
Package pdftex.def Info: all_slides/Topic5B_RTL Methodology_PUNEH.pdf , page33 
used on input line 16.
(pdftex.def)             Requested size: 364.40741pt x 204.97916pt.
[261

 <./all_slides/Topic5B_RTL Methodology_PUNEH.pdf>]
<all_slides/Topic5B_RTL Methodology_PUNEH.pdf, id=12002, page=34, 963.6pt x 542
.025pt>
File: all_slides/Topic5B_RTL Methodology_PUNEH.pdf Graphic file (type pdf)
<use all_slides/Topic5B_RTL Methodology_PUNEH.pdf, page 34>
Package pdftex.def Info: all_slides/Topic5B_RTL Methodology_PUNEH.pdf , page34 
used on input line 16.
(pdftex.def)             Requested size: 364.40741pt x 204.97916pt.
File: all_slides/Topic5B_RTL Methodology_PUNEH.pdf Graphic file (type pdf)
<use all_slides/Topic5B_RTL Methodology_PUNEH.pdf, page 34>
Package pdftex.def Info: all_slides/Topic5B_RTL Methodology_PUNEH.pdf , page34 
used on input line 16.
(pdftex.def)             Requested size: 364.40741pt x 204.97916pt.


File: all_slides/Topic5B_RTL Methodology_PUNEH.pdf Graphic file (type pdf)
<use all_slides/Topic5B_RTL Methodology_PUNEH.pdf, page 34>
Package pdftex.def Info: all_slides/Topic5B_RTL Methodology_PUNEH.pdf , page34 
used on input line 16.
(pdftex.def)             Requested size: 364.40741pt x 204.97916pt.
[262

 <./all_slides/Topic5B_RTL Methodology_PUNEH.pdf>]
<all_slides/Topic5B_RTL Methodology_PUNEH.pdf, id=12029, page=35, 963.6pt x 542
.025pt>
File: all_slides/Topic5B_RTL Methodology_PUNEH.pdf Graphic file (type pdf)
<use all_slides/Topic5B_RTL Methodology_PUNEH.pdf, page 35>
Package pdftex.def Info: all_slides/Topic5B_RTL Methodology_PUNEH.pdf , page35 
used on input line 16.
(pdftex.def)             Requested size: 364.40741pt x 204.97916pt.
File: all_slides/Topic5B_RTL Methodology_PUNEH.pdf Graphic file (type pdf)
<use all_slides/Topic5B_RTL Methodology_PUNEH.pdf, page 35>
Package pdftex.def Info: all_slides/Topic5B_RTL Methodology_PUNEH.pdf , page35 
used on input line 16.
(pdftex.def)             Requested size: 364.40741pt x 204.97916pt.


File: all_slides/Topic5B_RTL Methodology_PUNEH.pdf Graphic file (type pdf)
<use all_slides/Topic5B_RTL Methodology_PUNEH.pdf, page 35>
Package pdftex.def Info: all_slides/Topic5B_RTL Methodology_PUNEH.pdf , page35 
used on input line 16.
(pdftex.def)             Requested size: 364.40741pt x 204.97916pt.
[263

 <./all_slides/Topic5B_RTL Methodology_PUNEH.pdf>]
<all_slides/Topic5B_RTL Methodology_PUNEH.pdf, id=12056, page=36, 963.6pt x 542
.025pt>
File: all_slides/Topic5B_RTL Methodology_PUNEH.pdf Graphic file (type pdf)
<use all_slides/Topic5B_RTL Methodology_PUNEH.pdf, page 36>
Package pdftex.def Info: all_slides/Topic5B_RTL Methodology_PUNEH.pdf , page36 
used on input line 16.
(pdftex.def)             Requested size: 364.40741pt x 204.97916pt.
File: all_slides/Topic5B_RTL Methodology_PUNEH.pdf Graphic file (type pdf)
<use all_slides/Topic5B_RTL Methodology_PUNEH.pdf, page 36>
Package pdftex.def Info: all_slides/Topic5B_RTL Methodology_PUNEH.pdf , page36 
used on input line 16.
(pdftex.def)             Requested size: 364.40741pt x 204.97916pt.


File: all_slides/Topic5B_RTL Methodology_PUNEH.pdf Graphic file (type pdf)
<use all_slides/Topic5B_RTL Methodology_PUNEH.pdf, page 36>
Package pdftex.def Info: all_slides/Topic5B_RTL Methodology_PUNEH.pdf , page36 
used on input line 16.
(pdftex.def)             Requested size: 364.40741pt x 204.97916pt.
[264

 <./all_slides/Topic5B_RTL Methodology_PUNEH.pdf>]
<all_slides/Topic5B_RTL Methodology_PUNEH.pdf, id=12086, page=37, 963.6pt x 542
.025pt>
File: all_slides/Topic5B_RTL Methodology_PUNEH.pdf Graphic file (type pdf)
<use all_slides/Topic5B_RTL Methodology_PUNEH.pdf, page 37>
Package pdftex.def Info: all_slides/Topic5B_RTL Methodology_PUNEH.pdf , page37 
used on input line 16.
(pdftex.def)             Requested size: 364.40741pt x 204.97916pt.
File: all_slides/Topic5B_RTL Methodology_PUNEH.pdf Graphic file (type pdf)
<use all_slides/Topic5B_RTL Methodology_PUNEH.pdf, page 37>
Package pdftex.def Info: all_slides/Topic5B_RTL Methodology_PUNEH.pdf , page37 
used on input line 16.
(pdftex.def)             Requested size: 364.40741pt x 204.97916pt.


File: all_slides/Topic5B_RTL Methodology_PUNEH.pdf Graphic file (type pdf)
<use all_slides/Topic5B_RTL Methodology_PUNEH.pdf, page 37>
Package pdftex.def Info: all_slides/Topic5B_RTL Methodology_PUNEH.pdf , page37 
used on input line 16.
(pdftex.def)             Requested size: 364.40741pt x 204.97916pt.
[265

 <./all_slides/Topic5B_RTL Methodology_PUNEH.pdf>]
<all_slides/Topic5B_RTL Methodology_PUNEH.pdf, id=12120, page=38, 963.6pt x 542
.025pt>
File: all_slides/Topic5B_RTL Methodology_PUNEH.pdf Graphic file (type pdf)
<use all_slides/Topic5B_RTL Methodology_PUNEH.pdf, page 38>
Package pdftex.def Info: all_slides/Topic5B_RTL Methodology_PUNEH.pdf , page38 
used on input line 16.
(pdftex.def)             Requested size: 364.40741pt x 204.97916pt.
File: all_slides/Topic5B_RTL Methodology_PUNEH.pdf Graphic file (type pdf)
<use all_slides/Topic5B_RTL Methodology_PUNEH.pdf, page 38>
Package pdftex.def Info: all_slides/Topic5B_RTL Methodology_PUNEH.pdf , page38 
used on input line 16.
(pdftex.def)             Requested size: 364.40741pt x 204.97916pt.


File: all_slides/Topic5B_RTL Methodology_PUNEH.pdf Graphic file (type pdf)
<use all_slides/Topic5B_RTL Methodology_PUNEH.pdf, page 38>
Package pdftex.def Info: all_slides/Topic5B_RTL Methodology_PUNEH.pdf , page38 
used on input line 16.
(pdftex.def)             Requested size: 364.40741pt x 204.97916pt.
[266

 <./all_slides/Topic5B_RTL Methodology_PUNEH.pdf>]
<all_slides/Topic5B_RTL Methodology_PUNEH.pdf, id=12151, page=39, 963.6pt x 542
.025pt>
File: all_slides/Topic5B_RTL Methodology_PUNEH.pdf Graphic file (type pdf)
<use all_slides/Topic5B_RTL Methodology_PUNEH.pdf, page 39>
Package pdftex.def Info: all_slides/Topic5B_RTL Methodology_PUNEH.pdf , page39 
used on input line 16.
(pdftex.def)             Requested size: 364.40741pt x 204.97916pt.
File: all_slides/Topic5B_RTL Methodology_PUNEH.pdf Graphic file (type pdf)
<use all_slides/Topic5B_RTL Methodology_PUNEH.pdf, page 39>
Package pdftex.def Info: all_slides/Topic5B_RTL Methodology_PUNEH.pdf , page39 
used on input line 16.
(pdftex.def)             Requested size: 364.40741pt x 204.97916pt.


File: all_slides/Topic5B_RTL Methodology_PUNEH.pdf Graphic file (type pdf)
<use all_slides/Topic5B_RTL Methodology_PUNEH.pdf, page 39>
Package pdftex.def Info: all_slides/Topic5B_RTL Methodology_PUNEH.pdf , page39 
used on input line 16.
(pdftex.def)             Requested size: 364.40741pt x 204.97916pt.
[267

 <./all_slides/Topic5B_RTL Methodology_PUNEH.pdf>]
<all_slides/Topic5B_RTL Methodology_PUNEH.pdf, id=12181, page=40, 963.6pt x 542
.025pt>
File: all_slides/Topic5B_RTL Methodology_PUNEH.pdf Graphic file (type pdf)
<use all_slides/Topic5B_RTL Methodology_PUNEH.pdf, page 40>
Package pdftex.def Info: all_slides/Topic5B_RTL Methodology_PUNEH.pdf , page40 
used on input line 16.
(pdftex.def)             Requested size: 364.40741pt x 204.97916pt.
File: all_slides/Topic5B_RTL Methodology_PUNEH.pdf Graphic file (type pdf)
<use all_slides/Topic5B_RTL Methodology_PUNEH.pdf, page 40>
Package pdftex.def Info: all_slides/Topic5B_RTL Methodology_PUNEH.pdf , page40 
used on input line 16.
(pdftex.def)             Requested size: 364.40741pt x 204.97916pt.


File: all_slides/Topic5B_RTL Methodology_PUNEH.pdf Graphic file (type pdf)
<use all_slides/Topic5B_RTL Methodology_PUNEH.pdf, page 40>
Package pdftex.def Info: all_slides/Topic5B_RTL Methodology_PUNEH.pdf , page40 
used on input line 16.
(pdftex.def)             Requested size: 364.40741pt x 204.97916pt.
[268

 <./all_slides/Topic5B_RTL Methodology_PUNEH.pdf>]
<all_slides/Topic5B_RTL Methodology_PUNEH.pdf, id=12211, page=41, 963.6pt x 542
.025pt>
File: all_slides/Topic5B_RTL Methodology_PUNEH.pdf Graphic file (type pdf)
<use all_slides/Topic5B_RTL Methodology_PUNEH.pdf, page 41>
Package pdftex.def Info: all_slides/Topic5B_RTL Methodology_PUNEH.pdf , page41 
used on input line 16.
(pdftex.def)             Requested size: 364.40741pt x 204.97916pt.
File: all_slides/Topic5B_RTL Methodology_PUNEH.pdf Graphic file (type pdf)
<use all_slides/Topic5B_RTL Methodology_PUNEH.pdf, page 41>
Package pdftex.def Info: all_slides/Topic5B_RTL Methodology_PUNEH.pdf , page41 
used on input line 16.
(pdftex.def)             Requested size: 364.40741pt x 204.97916pt.


File: all_slides/Topic5B_RTL Methodology_PUNEH.pdf Graphic file (type pdf)
<use all_slides/Topic5B_RTL Methodology_PUNEH.pdf, page 41>
Package pdftex.def Info: all_slides/Topic5B_RTL Methodology_PUNEH.pdf , page41 
used on input line 16.
(pdftex.def)             Requested size: 364.40741pt x 204.97916pt.
[269

 <./all_slides/Topic5B_RTL Methodology_PUNEH.pdf>]
<all_slides/Topic5B_RTL Methodology_PUNEH.pdf, id=12240, page=42, 963.6pt x 542
.025pt>
File: all_slides/Topic5B_RTL Methodology_PUNEH.pdf Graphic file (type pdf)
<use all_slides/Topic5B_RTL Methodology_PUNEH.pdf, page 42>
Package pdftex.def Info: all_slides/Topic5B_RTL Methodology_PUNEH.pdf , page42 
used on input line 16.
(pdftex.def)             Requested size: 364.40741pt x 204.97916pt.
File: all_slides/Topic5B_RTL Methodology_PUNEH.pdf Graphic file (type pdf)
<use all_slides/Topic5B_RTL Methodology_PUNEH.pdf, page 42>
Package pdftex.def Info: all_slides/Topic5B_RTL Methodology_PUNEH.pdf , page42 
used on input line 16.
(pdftex.def)             Requested size: 364.40741pt x 204.97916pt.


File: all_slides/Topic5B_RTL Methodology_PUNEH.pdf Graphic file (type pdf)
<use all_slides/Topic5B_RTL Methodology_PUNEH.pdf, page 42>
Package pdftex.def Info: all_slides/Topic5B_RTL Methodology_PUNEH.pdf , page42 
used on input line 16.
(pdftex.def)             Requested size: 364.40741pt x 204.97916pt.
[270

 <./all_slides/Topic5B_RTL Methodology_PUNEH.pdf>]
<all_slides/Topic5B_RTL Methodology_PUNEH.pdf, id=12269, page=43, 963.6pt x 542
.025pt>
File: all_slides/Topic5B_RTL Methodology_PUNEH.pdf Graphic file (type pdf)
<use all_slides/Topic5B_RTL Methodology_PUNEH.pdf, page 43>
Package pdftex.def Info: all_slides/Topic5B_RTL Methodology_PUNEH.pdf , page43 
used on input line 16.
(pdftex.def)             Requested size: 364.40741pt x 204.97916pt.
File: all_slides/Topic5B_RTL Methodology_PUNEH.pdf Graphic file (type pdf)
<use all_slides/Topic5B_RTL Methodology_PUNEH.pdf, page 43>
Package pdftex.def Info: all_slides/Topic5B_RTL Methodology_PUNEH.pdf , page43 
used on input line 16.
(pdftex.def)             Requested size: 364.40741pt x 204.97916pt.


File: all_slides/Topic5B_RTL Methodology_PUNEH.pdf Graphic file (type pdf)
<use all_slides/Topic5B_RTL Methodology_PUNEH.pdf, page 43>
Package pdftex.def Info: all_slides/Topic5B_RTL Methodology_PUNEH.pdf , page43 
used on input line 16.
(pdftex.def)             Requested size: 364.40741pt x 204.97916pt.
[271

 <./all_slides/Topic5B_RTL Methodology_PUNEH.pdf>]
<all_slides/Topic5B_RTL Methodology_PUNEH.pdf, id=12299, page=44, 963.6pt x 542
.025pt>
File: all_slides/Topic5B_RTL Methodology_PUNEH.pdf Graphic file (type pdf)
<use all_slides/Topic5B_RTL Methodology_PUNEH.pdf, page 44>
Package pdftex.def Info: all_slides/Topic5B_RTL Methodology_PUNEH.pdf , page44 
used on input line 16.
(pdftex.def)             Requested size: 364.40741pt x 204.97916pt.
File: all_slides/Topic5B_RTL Methodology_PUNEH.pdf Graphic file (type pdf)
<use all_slides/Topic5B_RTL Methodology_PUNEH.pdf, page 44>
Package pdftex.def Info: all_slides/Topic5B_RTL Methodology_PUNEH.pdf , page44 
used on input line 16.
(pdftex.def)             Requested size: 364.40741pt x 204.97916pt.


File: all_slides/Topic5B_RTL Methodology_PUNEH.pdf Graphic file (type pdf)
<use all_slides/Topic5B_RTL Methodology_PUNEH.pdf, page 44>
Package pdftex.def Info: all_slides/Topic5B_RTL Methodology_PUNEH.pdf , page44 
used on input line 16.
(pdftex.def)             Requested size: 364.40741pt x 204.97916pt.
[272

 <./all_slides/Topic5B_RTL Methodology_PUNEH.pdf>]
<all_slides/Topic5B_RTL Methodology_PUNEH.pdf, id=12329, page=45, 963.6pt x 542
.025pt>
File: all_slides/Topic5B_RTL Methodology_PUNEH.pdf Graphic file (type pdf)
<use all_slides/Topic5B_RTL Methodology_PUNEH.pdf, page 45>
Package pdftex.def Info: all_slides/Topic5B_RTL Methodology_PUNEH.pdf , page45 
used on input line 16.
(pdftex.def)             Requested size: 364.40741pt x 204.97916pt.
File: all_slides/Topic5B_RTL Methodology_PUNEH.pdf Graphic file (type pdf)
<use all_slides/Topic5B_RTL Methodology_PUNEH.pdf, page 45>
Package pdftex.def Info: all_slides/Topic5B_RTL Methodology_PUNEH.pdf , page45 
used on input line 16.
(pdftex.def)             Requested size: 364.40741pt x 204.97916pt.


File: all_slides/Topic5B_RTL Methodology_PUNEH.pdf Graphic file (type pdf)
<use all_slides/Topic5B_RTL Methodology_PUNEH.pdf, page 45>
Package pdftex.def Info: all_slides/Topic5B_RTL Methodology_PUNEH.pdf , page45 
used on input line 16.
(pdftex.def)             Requested size: 364.40741pt x 204.97916pt.
[273

 <./all_slides/Topic5B_RTL Methodology_PUNEH.pdf>]
<all_slides/Topic5B_RTL Methodology_PUNEH.pdf, id=12359, page=46, 963.6pt x 542
.025pt>
File: all_slides/Topic5B_RTL Methodology_PUNEH.pdf Graphic file (type pdf)
<use all_slides/Topic5B_RTL Methodology_PUNEH.pdf, page 46>
Package pdftex.def Info: all_slides/Topic5B_RTL Methodology_PUNEH.pdf , page46 
used on input line 16.
(pdftex.def)             Requested size: 364.40741pt x 204.97916pt.
File: all_slides/Topic5B_RTL Methodology_PUNEH.pdf Graphic file (type pdf)
<use all_slides/Topic5B_RTL Methodology_PUNEH.pdf, page 46>
Package pdftex.def Info: all_slides/Topic5B_RTL Methodology_PUNEH.pdf , page46 
used on input line 16.
(pdftex.def)             Requested size: 364.40741pt x 204.97916pt.


File: all_slides/Topic5B_RTL Methodology_PUNEH.pdf Graphic file (type pdf)
<use all_slides/Topic5B_RTL Methodology_PUNEH.pdf, page 46>
Package pdftex.def Info: all_slides/Topic5B_RTL Methodology_PUNEH.pdf , page46 
used on input line 16.
(pdftex.def)             Requested size: 364.40741pt x 204.97916pt.
[274

 <./all_slides/Topic5B_RTL Methodology_PUNEH.pdf>]
<all_slides/Topic5B_RTL Methodology_PUNEH.pdf, id=12388, page=47, 963.6pt x 542
.025pt>
File: all_slides/Topic5B_RTL Methodology_PUNEH.pdf Graphic file (type pdf)
<use all_slides/Topic5B_RTL Methodology_PUNEH.pdf, page 47>
Package pdftex.def Info: all_slides/Topic5B_RTL Methodology_PUNEH.pdf , page47 
used on input line 16.
(pdftex.def)             Requested size: 364.40741pt x 204.97916pt.
File: all_slides/Topic5B_RTL Methodology_PUNEH.pdf Graphic file (type pdf)
<use all_slides/Topic5B_RTL Methodology_PUNEH.pdf, page 47>
Package pdftex.def Info: all_slides/Topic5B_RTL Methodology_PUNEH.pdf , page47 
used on input line 16.
(pdftex.def)             Requested size: 364.40741pt x 204.97916pt.


File: all_slides/Topic5B_RTL Methodology_PUNEH.pdf Graphic file (type pdf)
<use all_slides/Topic5B_RTL Methodology_PUNEH.pdf, page 47>
Package pdftex.def Info: all_slides/Topic5B_RTL Methodology_PUNEH.pdf , page47 
used on input line 16.
(pdftex.def)             Requested size: 364.40741pt x 204.97916pt.
[275

 <./all_slides/Topic5B_RTL Methodology_PUNEH.pdf>]
<all_slides/Topic5B_RTL Methodology_PUNEH.pdf, id=12417, page=48, 963.6pt x 542
.025pt>
File: all_slides/Topic5B_RTL Methodology_PUNEH.pdf Graphic file (type pdf)
<use all_slides/Topic5B_RTL Methodology_PUNEH.pdf, page 48>
Package pdftex.def Info: all_slides/Topic5B_RTL Methodology_PUNEH.pdf , page48 
used on input line 16.
(pdftex.def)             Requested size: 364.40741pt x 204.97916pt.
File: all_slides/Topic5B_RTL Methodology_PUNEH.pdf Graphic file (type pdf)
<use all_slides/Topic5B_RTL Methodology_PUNEH.pdf, page 48>
Package pdftex.def Info: all_slides/Topic5B_RTL Methodology_PUNEH.pdf , page48 
used on input line 16.
(pdftex.def)             Requested size: 364.40741pt x 204.97916pt.


File: all_slides/Topic5B_RTL Methodology_PUNEH.pdf Graphic file (type pdf)
<use all_slides/Topic5B_RTL Methodology_PUNEH.pdf, page 48>
Package pdftex.def Info: all_slides/Topic5B_RTL Methodology_PUNEH.pdf , page48 
used on input line 16.
(pdftex.def)             Requested size: 364.40741pt x 204.97916pt.
[276

 <./all_slides/Topic5B_RTL Methodology_PUNEH.pdf>]
<all_slides/Topic5B_RTL Methodology_PUNEH.pdf, id=12446, page=49, 963.6pt x 542
.025pt>
File: all_slides/Topic5B_RTL Methodology_PUNEH.pdf Graphic file (type pdf)
<use all_slides/Topic5B_RTL Methodology_PUNEH.pdf, page 49>
Package pdftex.def Info: all_slides/Topic5B_RTL Methodology_PUNEH.pdf , page49 
used on input line 16.
(pdftex.def)             Requested size: 364.40741pt x 204.97916pt.
File: all_slides/Topic5B_RTL Methodology_PUNEH.pdf Graphic file (type pdf)
<use all_slides/Topic5B_RTL Methodology_PUNEH.pdf, page 49>
Package pdftex.def Info: all_slides/Topic5B_RTL Methodology_PUNEH.pdf , page49 
used on input line 16.
(pdftex.def)             Requested size: 364.40741pt x 204.97916pt.


File: all_slides/Topic5B_RTL Methodology_PUNEH.pdf Graphic file (type pdf)
<use all_slides/Topic5B_RTL Methodology_PUNEH.pdf, page 49>
Package pdftex.def Info: all_slides/Topic5B_RTL Methodology_PUNEH.pdf , page49 
used on input line 16.
(pdftex.def)             Requested size: 364.40741pt x 204.97916pt.
[277

 <./all_slides/Topic5B_RTL Methodology_PUNEH.pdf>]
<all_slides/Topic5B_RTL Methodology_PUNEH.pdf, id=12476, page=50, 963.6pt x 542
.025pt>
File: all_slides/Topic5B_RTL Methodology_PUNEH.pdf Graphic file (type pdf)
<use all_slides/Topic5B_RTL Methodology_PUNEH.pdf, page 50>
Package pdftex.def Info: all_slides/Topic5B_RTL Methodology_PUNEH.pdf , page50 
used on input line 16.
(pdftex.def)             Requested size: 364.40741pt x 204.97916pt.
File: all_slides/Topic5B_RTL Methodology_PUNEH.pdf Graphic file (type pdf)
<use all_slides/Topic5B_RTL Methodology_PUNEH.pdf, page 50>
Package pdftex.def Info: all_slides/Topic5B_RTL Methodology_PUNEH.pdf , page50 
used on input line 16.
(pdftex.def)             Requested size: 364.40741pt x 204.97916pt.


File: all_slides/Topic5B_RTL Methodology_PUNEH.pdf Graphic file (type pdf)
<use all_slides/Topic5B_RTL Methodology_PUNEH.pdf, page 50>
Package pdftex.def Info: all_slides/Topic5B_RTL Methodology_PUNEH.pdf , page50 
used on input line 16.
(pdftex.def)             Requested size: 364.40741pt x 204.97916pt.
[278

 <./all_slides/Topic5B_RTL Methodology_PUNEH.pdf>]
<all_slides/Topic5B_RTL Methodology_PUNEH.pdf, id=12504, page=51, 963.6pt x 542
.025pt>
File: all_slides/Topic5B_RTL Methodology_PUNEH.pdf Graphic file (type pdf)
<use all_slides/Topic5B_RTL Methodology_PUNEH.pdf, page 51>
Package pdftex.def Info: all_slides/Topic5B_RTL Methodology_PUNEH.pdf , page51 
used on input line 16.
(pdftex.def)             Requested size: 364.40741pt x 204.97916pt.
File: all_slides/Topic5B_RTL Methodology_PUNEH.pdf Graphic file (type pdf)
<use all_slides/Topic5B_RTL Methodology_PUNEH.pdf, page 51>
Package pdftex.def Info: all_slides/Topic5B_RTL Methodology_PUNEH.pdf , page51 
used on input line 16.
(pdftex.def)             Requested size: 364.40741pt x 204.97916pt.


File: all_slides/Topic5B_RTL Methodology_PUNEH.pdf Graphic file (type pdf)
<use all_slides/Topic5B_RTL Methodology_PUNEH.pdf, page 51>
Package pdftex.def Info: all_slides/Topic5B_RTL Methodology_PUNEH.pdf , page51 
used on input line 16.
(pdftex.def)             Requested size: 364.40741pt x 204.97916pt.
[279

 <./all_slides/Topic5B_RTL Methodology_PUNEH.pdf>]
<all_slides/Topic5B_RTL Methodology_PUNEH.pdf, id=12532, page=52, 963.6pt x 542
.025pt>
File: all_slides/Topic5B_RTL Methodology_PUNEH.pdf Graphic file (type pdf)
<use all_slides/Topic5B_RTL Methodology_PUNEH.pdf, page 52>
Package pdftex.def Info: all_slides/Topic5B_RTL Methodology_PUNEH.pdf , page52 
used on input line 16.
(pdftex.def)             Requested size: 364.40741pt x 204.97916pt.
File: all_slides/Topic5B_RTL Methodology_PUNEH.pdf Graphic file (type pdf)
<use all_slides/Topic5B_RTL Methodology_PUNEH.pdf, page 52>
Package pdftex.def Info: all_slides/Topic5B_RTL Methodology_PUNEH.pdf , page52 
used on input line 16.
(pdftex.def)             Requested size: 364.40741pt x 204.97916pt.


File: all_slides/Topic5B_RTL Methodology_PUNEH.pdf Graphic file (type pdf)
<use all_slides/Topic5B_RTL Methodology_PUNEH.pdf, page 52>
Package pdftex.def Info: all_slides/Topic5B_RTL Methodology_PUNEH.pdf , page52 
used on input line 16.
(pdftex.def)             Requested size: 364.40741pt x 204.97916pt.
[280

 <./all_slides/Topic5B_RTL Methodology_PUNEH.pdf>]
<all_slides/Topic5B_RTL Methodology_PUNEH.pdf, id=12561, page=53, 963.6pt x 542
.025pt>
File: all_slides/Topic5B_RTL Methodology_PUNEH.pdf Graphic file (type pdf)
<use all_slides/Topic5B_RTL Methodology_PUNEH.pdf, page 53>
Package pdftex.def Info: all_slides/Topic5B_RTL Methodology_PUNEH.pdf , page53 
used on input line 16.
(pdftex.def)             Requested size: 364.40741pt x 204.97916pt.
File: all_slides/Topic5B_RTL Methodology_PUNEH.pdf Graphic file (type pdf)
<use all_slides/Topic5B_RTL Methodology_PUNEH.pdf, page 53>
Package pdftex.def Info: all_slides/Topic5B_RTL Methodology_PUNEH.pdf , page53 
used on input line 16.
(pdftex.def)             Requested size: 364.40741pt x 204.97916pt.


File: all_slides/Topic5B_RTL Methodology_PUNEH.pdf Graphic file (type pdf)
<use all_slides/Topic5B_RTL Methodology_PUNEH.pdf, page 53>
Package pdftex.def Info: all_slides/Topic5B_RTL Methodology_PUNEH.pdf , page53 
used on input line 16.
(pdftex.def)             Requested size: 364.40741pt x 204.97916pt.
[281

 <./all_slides/Topic5B_RTL Methodology_PUNEH.pdf>]
<all_slides/Topic5B_RTL Methodology_PUNEH.pdf, id=12589, page=54, 963.6pt x 542
.025pt>
File: all_slides/Topic5B_RTL Methodology_PUNEH.pdf Graphic file (type pdf)
<use all_slides/Topic5B_RTL Methodology_PUNEH.pdf, page 54>
Package pdftex.def Info: all_slides/Topic5B_RTL Methodology_PUNEH.pdf , page54 
used on input line 16.
(pdftex.def)             Requested size: 364.40741pt x 204.97916pt.
File: all_slides/Topic5B_RTL Methodology_PUNEH.pdf Graphic file (type pdf)
<use all_slides/Topic5B_RTL Methodology_PUNEH.pdf, page 54>
Package pdftex.def Info: all_slides/Topic5B_RTL Methodology_PUNEH.pdf , page54 
used on input line 16.
(pdftex.def)             Requested size: 364.40741pt x 204.97916pt.


File: all_slides/Topic5B_RTL Methodology_PUNEH.pdf Graphic file (type pdf)
<use all_slides/Topic5B_RTL Methodology_PUNEH.pdf, page 54>
Package pdftex.def Info: all_slides/Topic5B_RTL Methodology_PUNEH.pdf , page54 
used on input line 16.
(pdftex.def)             Requested size: 364.40741pt x 204.97916pt.
[282

 <./all_slides/Topic5B_RTL Methodology_PUNEH.pdf>]
<all_slides/Topic5B_RTL Methodology_PUNEH.pdf, id=12617, page=55, 963.6pt x 542
.025pt>
File: all_slides/Topic5B_RTL Methodology_PUNEH.pdf Graphic file (type pdf)
<use all_slides/Topic5B_RTL Methodology_PUNEH.pdf, page 55>
Package pdftex.def Info: all_slides/Topic5B_RTL Methodology_PUNEH.pdf , page55 
used on input line 16.
(pdftex.def)             Requested size: 364.40741pt x 204.97916pt.
File: all_slides/Topic5B_RTL Methodology_PUNEH.pdf Graphic file (type pdf)
<use all_slides/Topic5B_RTL Methodology_PUNEH.pdf, page 55>
Package pdftex.def Info: all_slides/Topic5B_RTL Methodology_PUNEH.pdf , page55 
used on input line 16.
(pdftex.def)             Requested size: 364.40741pt x 204.97916pt.


File: all_slides/Topic5B_RTL Methodology_PUNEH.pdf Graphic file (type pdf)
<use all_slides/Topic5B_RTL Methodology_PUNEH.pdf, page 55>
Package pdftex.def Info: all_slides/Topic5B_RTL Methodology_PUNEH.pdf , page55 
used on input line 16.
(pdftex.def)             Requested size: 364.40741pt x 204.97916pt.
[283

 <./all_slides/Topic5B_RTL Methodology_PUNEH.pdf>]
<all_slides/Topic5B_RTL Methodology_PUNEH.pdf, id=12646, page=56, 963.6pt x 542
.025pt>
File: all_slides/Topic5B_RTL Methodology_PUNEH.pdf Graphic file (type pdf)
<use all_slides/Topic5B_RTL Methodology_PUNEH.pdf, page 56>
Package pdftex.def Info: all_slides/Topic5B_RTL Methodology_PUNEH.pdf , page56 
used on input line 16.
(pdftex.def)             Requested size: 364.40741pt x 204.97916pt.
File: all_slides/Topic5B_RTL Methodology_PUNEH.pdf Graphic file (type pdf)
<use all_slides/Topic5B_RTL Methodology_PUNEH.pdf, page 56>
Package pdftex.def Info: all_slides/Topic5B_RTL Methodology_PUNEH.pdf , page56 
used on input line 16.
(pdftex.def)             Requested size: 364.40741pt x 204.97916pt.


File: all_slides/Topic5B_RTL Methodology_PUNEH.pdf Graphic file (type pdf)
<use all_slides/Topic5B_RTL Methodology_PUNEH.pdf, page 56>
Package pdftex.def Info: all_slides/Topic5B_RTL Methodology_PUNEH.pdf , page56 
used on input line 16.
(pdftex.def)             Requested size: 364.40741pt x 204.97916pt.
[284

 <./all_slides/Topic5B_RTL Methodology_PUNEH.pdf>]
<all_slides/Topic5B_RTL Methodology_PUNEH.pdf, id=12675, page=57, 963.6pt x 542
.025pt>
File: all_slides/Topic5B_RTL Methodology_PUNEH.pdf Graphic file (type pdf)
<use all_slides/Topic5B_RTL Methodology_PUNEH.pdf, page 57>
Package pdftex.def Info: all_slides/Topic5B_RTL Methodology_PUNEH.pdf , page57 
used on input line 16.
(pdftex.def)             Requested size: 364.40741pt x 204.97916pt.
File: all_slides/Topic5B_RTL Methodology_PUNEH.pdf Graphic file (type pdf)
<use all_slides/Topic5B_RTL Methodology_PUNEH.pdf, page 57>
Package pdftex.def Info: all_slides/Topic5B_RTL Methodology_PUNEH.pdf , page57 
used on input line 16.
(pdftex.def)             Requested size: 364.40741pt x 204.97916pt.


File: all_slides/Topic5B_RTL Methodology_PUNEH.pdf Graphic file (type pdf)
<use all_slides/Topic5B_RTL Methodology_PUNEH.pdf, page 57>
Package pdftex.def Info: all_slides/Topic5B_RTL Methodology_PUNEH.pdf , page57 
used on input line 16.
(pdftex.def)             Requested size: 364.40741pt x 204.97916pt.
[285

 <./all_slides/Topic5B_RTL Methodology_PUNEH.pdf>]
<all_slides/Topic5B_RTL Methodology_PUNEH.pdf, id=12704, page=58, 963.6pt x 542
.025pt>
File: all_slides/Topic5B_RTL Methodology_PUNEH.pdf Graphic file (type pdf)
<use all_slides/Topic5B_RTL Methodology_PUNEH.pdf, page 58>
Package pdftex.def Info: all_slides/Topic5B_RTL Methodology_PUNEH.pdf , page58 
used on input line 16.
(pdftex.def)             Requested size: 364.40741pt x 204.97916pt.
File: all_slides/Topic5B_RTL Methodology_PUNEH.pdf Graphic file (type pdf)
<use all_slides/Topic5B_RTL Methodology_PUNEH.pdf, page 58>
Package pdftex.def Info: all_slides/Topic5B_RTL Methodology_PUNEH.pdf , page58 
used on input line 16.
(pdftex.def)             Requested size: 364.40741pt x 204.97916pt.


File: all_slides/Topic5B_RTL Methodology_PUNEH.pdf Graphic file (type pdf)
<use all_slides/Topic5B_RTL Methodology_PUNEH.pdf, page 58>
Package pdftex.def Info: all_slides/Topic5B_RTL Methodology_PUNEH.pdf , page58 
used on input line 16.
(pdftex.def)             Requested size: 364.40741pt x 204.97916pt.
[286

 <./all_slides/Topic5B_RTL Methodology_PUNEH.pdf>]
<all_slides/Topic5B_RTL Methodology_PUNEH.pdf, id=12745, page=59, 963.6pt x 542
.025pt>
File: all_slides/Topic5B_RTL Methodology_PUNEH.pdf Graphic file (type pdf)
<use all_slides/Topic5B_RTL Methodology_PUNEH.pdf, page 59>
Package pdftex.def Info: all_slides/Topic5B_RTL Methodology_PUNEH.pdf , page59 
used on input line 16.
(pdftex.def)             Requested size: 364.40741pt x 204.97916pt.
File: all_slides/Topic5B_RTL Methodology_PUNEH.pdf Graphic file (type pdf)
<use all_slides/Topic5B_RTL Methodology_PUNEH.pdf, page 59>
Package pdftex.def Info: all_slides/Topic5B_RTL Methodology_PUNEH.pdf , page59 
used on input line 16.
(pdftex.def)             Requested size: 364.40741pt x 204.97916pt.


File: all_slides/Topic5B_RTL Methodology_PUNEH.pdf Graphic file (type pdf)
<use all_slides/Topic5B_RTL Methodology_PUNEH.pdf, page 59>
Package pdftex.def Info: all_slides/Topic5B_RTL Methodology_PUNEH.pdf , page59 
used on input line 16.
(pdftex.def)             Requested size: 364.40741pt x 204.97916pt.
[287

 <./all_slides/Topic5B_RTL Methodology_PUNEH.pdf>]
<all_slides/Topic6_RTL Communication.pdf, id=12774, 963.6pt x 542.025pt>
File: all_slides/Topic6_RTL Communication.pdf Graphic file (type pdf)
<use all_slides/Topic6_RTL Communication.pdf>
Package pdftex.def Info: all_slides/Topic6_RTL Communication.pdf  used on input
 line 17.
(pdftex.def)             Requested size: 963.59766pt x 542.02367pt.
<all_slides/Topic6_RTL Communication.pdf, id=12776, page=1, 963.6pt x 542.025pt
>
File: all_slides/Topic6_RTL Communication.pdf Graphic file (type pdf)
<use all_slides/Topic6_RTL Communication.pdf, page 1>
Package pdftex.def Info: all_slides/Topic6_RTL Communication.pdf , page1 used o
n input line 17.
(pdftex.def)             Requested size: 963.59766pt x 542.02367pt.
File: all_slides/Topic6_RTL Communication.pdf Graphic file (type pdf)
<use all_slides/Topic6_RTL Communication.pdf, page 1>
Package pdftex.def Info: all_slides/Topic6_RTL Communication.pdf , page1 used o
n input line 17.
(pdftex.def)             Requested size: 364.40741pt x 204.97916pt.


[288]
File: all_slides/Topic6_RTL Communication.pdf Graphic file (type pdf)
<use all_slides/Topic6_RTL Communication.pdf, page 1>
Package pdftex.def Info: all_slides/Topic6_RTL Communication.pdf , page1 used o
n input line 17.
(pdftex.def)             Requested size: 364.40741pt x 204.97916pt.
File: all_slides/Topic6_RTL Communication.pdf Graphic file (type pdf)
<use all_slides/Topic6_RTL Communication.pdf, page 1>
Package pdftex.def Info: all_slides/Topic6_RTL Communication.pdf , page1 used o
n input line 17.
(pdftex.def)             Requested size: 364.40741pt x 204.97916pt.


File: all_slides/Topic6_RTL Communication.pdf Graphic file (type pdf)
<use all_slides/Topic6_RTL Communication.pdf, page 1>
Package pdftex.def Info: all_slides/Topic6_RTL Communication.pdf , page1 used o
n input line 17.
(pdftex.def)             Requested size: 364.40741pt x 204.97916pt.
[289

 <./all_slides/Topic6_RTL Communication.pdf>]
<all_slides/Topic6_RTL Communication.pdf, id=12851, page=2, 963.6pt x 542.025pt
>
File: all_slides/Topic6_RTL Communication.pdf Graphic file (type pdf)
<use all_slides/Topic6_RTL Communication.pdf, page 2>
Package pdftex.def Info: all_slides/Topic6_RTL Communication.pdf , page2 used o
n input line 17.
(pdftex.def)             Requested size: 364.40741pt x 204.97916pt.
File: all_slides/Topic6_RTL Communication.pdf Graphic file (type pdf)
<use all_slides/Topic6_RTL Communication.pdf, page 2>
Package pdftex.def Info: all_slides/Topic6_RTL Communication.pdf , page2 used o
n input line 17.
(pdftex.def)             Requested size: 364.40741pt x 204.97916pt.


File: all_slides/Topic6_RTL Communication.pdf Graphic file (type pdf)
<use all_slides/Topic6_RTL Communication.pdf, page 2>
Package pdftex.def Info: all_slides/Topic6_RTL Communication.pdf , page2 used o
n input line 17.
(pdftex.def)             Requested size: 364.40741pt x 204.97916pt.
[290

 <./all_slides/Topic6_RTL Communication.pdf>]
<all_slides/Topic6_RTL Communication.pdf, id=12893, page=3, 963.6pt x 542.025pt
>
File: all_slides/Topic6_RTL Communication.pdf Graphic file (type pdf)
<use all_slides/Topic6_RTL Communication.pdf, page 3>
Package pdftex.def Info: all_slides/Topic6_RTL Communication.pdf , page3 used o
n input line 17.
(pdftex.def)             Requested size: 364.40741pt x 204.97916pt.
File: all_slides/Topic6_RTL Communication.pdf Graphic file (type pdf)
<use all_slides/Topic6_RTL Communication.pdf, page 3>
Package pdftex.def Info: all_slides/Topic6_RTL Communication.pdf , page3 used o
n input line 17.
(pdftex.def)             Requested size: 364.40741pt x 204.97916pt.


File: all_slides/Topic6_RTL Communication.pdf Graphic file (type pdf)
<use all_slides/Topic6_RTL Communication.pdf, page 3>
Package pdftex.def Info: all_slides/Topic6_RTL Communication.pdf , page3 used o
n input line 17.
(pdftex.def)             Requested size: 364.40741pt x 204.97916pt.
[291

 <./all_slides/Topic6_RTL Communication.pdf>]
<all_slides/Topic6_RTL Communication.pdf, id=12925, page=4, 963.6pt x 542.025pt
>
File: all_slides/Topic6_RTL Communication.pdf Graphic file (type pdf)
<use all_slides/Topic6_RTL Communication.pdf, page 4>
Package pdftex.def Info: all_slides/Topic6_RTL Communication.pdf , page4 used o
n input line 17.
(pdftex.def)             Requested size: 364.40741pt x 204.97916pt.
File: all_slides/Topic6_RTL Communication.pdf Graphic file (type pdf)
<use all_slides/Topic6_RTL Communication.pdf, page 4>
Package pdftex.def Info: all_slides/Topic6_RTL Communication.pdf , page4 used o
n input line 17.
(pdftex.def)             Requested size: 364.40741pt x 204.97916pt.


File: all_slides/Topic6_RTL Communication.pdf Graphic file (type pdf)
<use all_slides/Topic6_RTL Communication.pdf, page 4>
Package pdftex.def Info: all_slides/Topic6_RTL Communication.pdf , page4 used o
n input line 17.
(pdftex.def)             Requested size: 364.40741pt x 204.97916pt.
[292

 <./all_slides/Topic6_RTL Communication.pdf>]
<all_slides/Topic6_RTL Communication.pdf, id=12996, page=5, 963.6pt x 542.025pt
>
File: all_slides/Topic6_RTL Communication.pdf Graphic file (type pdf)
<use all_slides/Topic6_RTL Communication.pdf, page 5>
Package pdftex.def Info: all_slides/Topic6_RTL Communication.pdf , page5 used o
n input line 17.
(pdftex.def)             Requested size: 364.40741pt x 204.97916pt.
File: all_slides/Topic6_RTL Communication.pdf Graphic file (type pdf)
<use all_slides/Topic6_RTL Communication.pdf, page 5>
Package pdftex.def Info: all_slides/Topic6_RTL Communication.pdf , page5 used o
n input line 17.
(pdftex.def)             Requested size: 364.40741pt x 204.97916pt.


File: all_slides/Topic6_RTL Communication.pdf Graphic file (type pdf)
<use all_slides/Topic6_RTL Communication.pdf, page 5>
Package pdftex.def Info: all_slides/Topic6_RTL Communication.pdf , page5 used o
n input line 17.
(pdftex.def)             Requested size: 364.40741pt x 204.97916pt.
[293

 <./all_slides/Topic6_RTL Communication.pdf>]
<all_slides/Topic6_RTL Communication.pdf, id=13050, page=6, 963.6pt x 542.025pt
>
File: all_slides/Topic6_RTL Communication.pdf Graphic file (type pdf)
<use all_slides/Topic6_RTL Communication.pdf, page 6>
Package pdftex.def Info: all_slides/Topic6_RTL Communication.pdf , page6 used o
n input line 17.
(pdftex.def)             Requested size: 364.40741pt x 204.97916pt.
File: all_slides/Topic6_RTL Communication.pdf Graphic file (type pdf)
<use all_slides/Topic6_RTL Communication.pdf, page 6>
Package pdftex.def Info: all_slides/Topic6_RTL Communication.pdf , page6 used o
n input line 17.
(pdftex.def)             Requested size: 364.40741pt x 204.97916pt.


File: all_slides/Topic6_RTL Communication.pdf Graphic file (type pdf)
<use all_slides/Topic6_RTL Communication.pdf, page 6>
Package pdftex.def Info: all_slides/Topic6_RTL Communication.pdf , page6 used o
n input line 17.
(pdftex.def)             Requested size: 364.40741pt x 204.97916pt.
[294

 <./all_slides/Topic6_RTL Communication.pdf>]
<all_slides/Topic6_RTL Communication.pdf, id=13110, page=7, 963.6pt x 542.025pt
>
File: all_slides/Topic6_RTL Communication.pdf Graphic file (type pdf)
<use all_slides/Topic6_RTL Communication.pdf, page 7>
Package pdftex.def Info: all_slides/Topic6_RTL Communication.pdf , page7 used o
n input line 17.
(pdftex.def)             Requested size: 364.40741pt x 204.97916pt.
File: all_slides/Topic6_RTL Communication.pdf Graphic file (type pdf)
<use all_slides/Topic6_RTL Communication.pdf, page 7>
Package pdftex.def Info: all_slides/Topic6_RTL Communication.pdf , page7 used o
n input line 17.
(pdftex.def)             Requested size: 364.40741pt x 204.97916pt.


File: all_slides/Topic6_RTL Communication.pdf Graphic file (type pdf)
<use all_slides/Topic6_RTL Communication.pdf, page 7>
Package pdftex.def Info: all_slides/Topic6_RTL Communication.pdf , page7 used o
n input line 17.
(pdftex.def)             Requested size: 364.40741pt x 204.97916pt.
[295

 <./all_slides/Topic6_RTL Communication.pdf>]
<all_slides/Topic6_RTL Communication.pdf, id=13155, page=8, 963.6pt x 542.025pt
>
File: all_slides/Topic6_RTL Communication.pdf Graphic file (type pdf)
<use all_slides/Topic6_RTL Communication.pdf, page 8>
Package pdftex.def Info: all_slides/Topic6_RTL Communication.pdf , page8 used o
n input line 17.
(pdftex.def)             Requested size: 364.40741pt x 204.97916pt.
File: all_slides/Topic6_RTL Communication.pdf Graphic file (type pdf)
<use all_slides/Topic6_RTL Communication.pdf, page 8>
Package pdftex.def Info: all_slides/Topic6_RTL Communication.pdf , page8 used o
n input line 17.
(pdftex.def)             Requested size: 364.40741pt x 204.97916pt.


File: all_slides/Topic6_RTL Communication.pdf Graphic file (type pdf)
<use all_slides/Topic6_RTL Communication.pdf, page 8>
Package pdftex.def Info: all_slides/Topic6_RTL Communication.pdf , page8 used o
n input line 17.
(pdftex.def)             Requested size: 364.40741pt x 204.97916pt.
[296

 <./all_slides/Topic6_RTL Communication.pdf>]
<all_slides/Topic6_RTL Communication.pdf, id=13207, page=9, 963.6pt x 542.025pt
>
File: all_slides/Topic6_RTL Communication.pdf Graphic file (type pdf)
<use all_slides/Topic6_RTL Communication.pdf, page 9>
Package pdftex.def Info: all_slides/Topic6_RTL Communication.pdf , page9 used o
n input line 17.
(pdftex.def)             Requested size: 364.40741pt x 204.97916pt.
File: all_slides/Topic6_RTL Communication.pdf Graphic file (type pdf)
<use all_slides/Topic6_RTL Communication.pdf, page 9>
Package pdftex.def Info: all_slides/Topic6_RTL Communication.pdf , page9 used o
n input line 17.
(pdftex.def)             Requested size: 364.40741pt x 204.97916pt.


File: all_slides/Topic6_RTL Communication.pdf Graphic file (type pdf)
<use all_slides/Topic6_RTL Communication.pdf, page 9>
Package pdftex.def Info: all_slides/Topic6_RTL Communication.pdf , page9 used o
n input line 17.
(pdftex.def)             Requested size: 364.40741pt x 204.97916pt.
[297

 <./all_slides/Topic6_RTL Communication.pdf>]
<all_slides/Topic6_RTL Communication.pdf, id=13238, page=10, 963.6pt x 542.025p
t>
File: all_slides/Topic6_RTL Communication.pdf Graphic file (type pdf)
<use all_slides/Topic6_RTL Communication.pdf, page 10>
Package pdftex.def Info: all_slides/Topic6_RTL Communication.pdf , page10 used 
on input line 17.
(pdftex.def)             Requested size: 364.40741pt x 204.97916pt.
File: all_slides/Topic6_RTL Communication.pdf Graphic file (type pdf)
<use all_slides/Topic6_RTL Communication.pdf, page 10>
Package pdftex.def Info: all_slides/Topic6_RTL Communication.pdf , page10 used 
on input line 17.
(pdftex.def)             Requested size: 364.40741pt x 204.97916pt.


File: all_slides/Topic6_RTL Communication.pdf Graphic file (type pdf)
<use all_slides/Topic6_RTL Communication.pdf, page 10>
Package pdftex.def Info: all_slides/Topic6_RTL Communication.pdf , page10 used 
on input line 17.
(pdftex.def)             Requested size: 364.40741pt x 204.97916pt.
[298

 <./all_slides/Topic6_RTL Communication.pdf>]
<all_slides/Topic6_RTL Communication.pdf, id=13302, page=11, 963.6pt x 542.025p
t>
File: all_slides/Topic6_RTL Communication.pdf Graphic file (type pdf)
<use all_slides/Topic6_RTL Communication.pdf, page 11>
Package pdftex.def Info: all_slides/Topic6_RTL Communication.pdf , page11 used 
on input line 17.
(pdftex.def)             Requested size: 364.40741pt x 204.97916pt.
File: all_slides/Topic6_RTL Communication.pdf Graphic file (type pdf)
<use all_slides/Topic6_RTL Communication.pdf, page 11>
Package pdftex.def Info: all_slides/Topic6_RTL Communication.pdf , page11 used 
on input line 17.
(pdftex.def)             Requested size: 364.40741pt x 204.97916pt.


File: all_slides/Topic6_RTL Communication.pdf Graphic file (type pdf)
<use all_slides/Topic6_RTL Communication.pdf, page 11>
Package pdftex.def Info: all_slides/Topic6_RTL Communication.pdf , page11 used 
on input line 17.
(pdftex.def)             Requested size: 364.40741pt x 204.97916pt.
[299

 <./all_slides/Topic6_RTL Communication.pdf>]
<all_slides/Topic6_RTL Communication.pdf, id=13378, page=12, 963.6pt x 542.025p
t>
File: all_slides/Topic6_RTL Communication.pdf Graphic file (type pdf)
<use all_slides/Topic6_RTL Communication.pdf, page 12>
Package pdftex.def Info: all_slides/Topic6_RTL Communication.pdf , page12 used 
on input line 17.
(pdftex.def)             Requested size: 364.40741pt x 204.97916pt.
File: all_slides/Topic6_RTL Communication.pdf Graphic file (type pdf)
<use all_slides/Topic6_RTL Communication.pdf, page 12>
Package pdftex.def Info: all_slides/Topic6_RTL Communication.pdf , page12 used 
on input line 17.
(pdftex.def)             Requested size: 364.40741pt x 204.97916pt.


File: all_slides/Topic6_RTL Communication.pdf Graphic file (type pdf)
<use all_slides/Topic6_RTL Communication.pdf, page 12>
Package pdftex.def Info: all_slides/Topic6_RTL Communication.pdf , page12 used 
on input line 17.
(pdftex.def)             Requested size: 364.40741pt x 204.97916pt.
[300

 <./all_slides/Topic6_RTL Communication.pdf>]
<all_slides/Topic6_RTL Communication.pdf, id=13435, page=13, 963.6pt x 542.025p
t>
File: all_slides/Topic6_RTL Communication.pdf Graphic file (type pdf)
<use all_slides/Topic6_RTL Communication.pdf, page 13>
Package pdftex.def Info: all_slides/Topic6_RTL Communication.pdf , page13 used 
on input line 17.
(pdftex.def)             Requested size: 364.40741pt x 204.97916pt.
File: all_slides/Topic6_RTL Communication.pdf Graphic file (type pdf)
<use all_slides/Topic6_RTL Communication.pdf, page 13>
Package pdftex.def Info: all_slides/Topic6_RTL Communication.pdf , page13 used 
on input line 17.
(pdftex.def)             Requested size: 364.40741pt x 204.97916pt.


File: all_slides/Topic6_RTL Communication.pdf Graphic file (type pdf)
<use all_slides/Topic6_RTL Communication.pdf, page 13>
Package pdftex.def Info: all_slides/Topic6_RTL Communication.pdf , page13 used 
on input line 17.
(pdftex.def)             Requested size: 364.40741pt x 204.97916pt.
[301

 <./all_slides/Topic6_RTL Communication.pdf>]
<all_slides/Topic6_RTL Communication.pdf, id=13468, page=14, 963.6pt x 542.025p
t>
File: all_slides/Topic6_RTL Communication.pdf Graphic file (type pdf)
<use all_slides/Topic6_RTL Communication.pdf, page 14>
Package pdftex.def Info: all_slides/Topic6_RTL Communication.pdf , page14 used 
on input line 17.
(pdftex.def)             Requested size: 364.40741pt x 204.97916pt.
File: all_slides/Topic6_RTL Communication.pdf Graphic file (type pdf)
<use all_slides/Topic6_RTL Communication.pdf, page 14>
Package pdftex.def Info: all_slides/Topic6_RTL Communication.pdf , page14 used 
on input line 17.
(pdftex.def)             Requested size: 364.40741pt x 204.97916pt.


File: all_slides/Topic6_RTL Communication.pdf Graphic file (type pdf)
<use all_slides/Topic6_RTL Communication.pdf, page 14>
Package pdftex.def Info: all_slides/Topic6_RTL Communication.pdf , page14 used 
on input line 17.
(pdftex.def)             Requested size: 364.40741pt x 204.97916pt.
[302

 <./all_slides/Topic6_RTL Communication.pdf>]
<all_slides/Topic6_RTL Communication.pdf, id=13513, page=15, 963.6pt x 542.025p
t>
File: all_slides/Topic6_RTL Communication.pdf Graphic file (type pdf)
<use all_slides/Topic6_RTL Communication.pdf, page 15>
Package pdftex.def Info: all_slides/Topic6_RTL Communication.pdf , page15 used 
on input line 17.
(pdftex.def)             Requested size: 364.40741pt x 204.97916pt.
File: all_slides/Topic6_RTL Communication.pdf Graphic file (type pdf)
<use all_slides/Topic6_RTL Communication.pdf, page 15>
Package pdftex.def Info: all_slides/Topic6_RTL Communication.pdf , page15 used 
on input line 17.
(pdftex.def)             Requested size: 364.40741pt x 204.97916pt.


File: all_slides/Topic6_RTL Communication.pdf Graphic file (type pdf)
<use all_slides/Topic6_RTL Communication.pdf, page 15>
Package pdftex.def Info: all_slides/Topic6_RTL Communication.pdf , page15 used 
on input line 17.
(pdftex.def)             Requested size: 364.40741pt x 204.97916pt.
[303

 <./all_slides/Topic6_RTL Communication.pdf>]
<all_slides/Topic6_RTL Communication.pdf, id=13586, page=16, 963.6pt x 542.025p
t>
File: all_slides/Topic6_RTL Communication.pdf Graphic file (type pdf)
<use all_slides/Topic6_RTL Communication.pdf, page 16>
Package pdftex.def Info: all_slides/Topic6_RTL Communication.pdf , page16 used 
on input line 17.
(pdftex.def)             Requested size: 364.40741pt x 204.97916pt.
File: all_slides/Topic6_RTL Communication.pdf Graphic file (type pdf)
<use all_slides/Topic6_RTL Communication.pdf, page 16>
Package pdftex.def Info: all_slides/Topic6_RTL Communication.pdf , page16 used 
on input line 17.
(pdftex.def)             Requested size: 364.40741pt x 204.97916pt.


File: all_slides/Topic6_RTL Communication.pdf Graphic file (type pdf)
<use all_slides/Topic6_RTL Communication.pdf, page 16>
Package pdftex.def Info: all_slides/Topic6_RTL Communication.pdf , page16 used 
on input line 17.
(pdftex.def)             Requested size: 364.40741pt x 204.97916pt.
[304

 <./all_slides/Topic6_RTL Communication.pdf>]
<all_slides/Topic6_RTL Communication.pdf, id=13618, page=17, 963.6pt x 542.025p
t>
File: all_slides/Topic6_RTL Communication.pdf Graphic file (type pdf)
<use all_slides/Topic6_RTL Communication.pdf, page 17>
Package pdftex.def Info: all_slides/Topic6_RTL Communication.pdf , page17 used 
on input line 17.
(pdftex.def)             Requested size: 364.40741pt x 204.97916pt.
File: all_slides/Topic6_RTL Communication.pdf Graphic file (type pdf)
<use all_slides/Topic6_RTL Communication.pdf, page 17>
Package pdftex.def Info: all_slides/Topic6_RTL Communication.pdf , page17 used 
on input line 17.
(pdftex.def)             Requested size: 364.40741pt x 204.97916pt.


File: all_slides/Topic6_RTL Communication.pdf Graphic file (type pdf)
<use all_slides/Topic6_RTL Communication.pdf, page 17>
Package pdftex.def Info: all_slides/Topic6_RTL Communication.pdf , page17 used 
on input line 17.
(pdftex.def)             Requested size: 364.40741pt x 204.97916pt.
[305

 <./all_slides/Topic6_RTL Communication.pdf>]
<all_slides/Topic6_RTL Communication.pdf, id=13657, page=18, 963.6pt x 542.025p
t>
File: all_slides/Topic6_RTL Communication.pdf Graphic file (type pdf)
<use all_slides/Topic6_RTL Communication.pdf, page 18>
Package pdftex.def Info: all_slides/Topic6_RTL Communication.pdf , page18 used 
on input line 17.
(pdftex.def)             Requested size: 364.40741pt x 204.97916pt.
File: all_slides/Topic6_RTL Communication.pdf Graphic file (type pdf)
<use all_slides/Topic6_RTL Communication.pdf, page 18>
Package pdftex.def Info: all_slides/Topic6_RTL Communication.pdf , page18 used 
on input line 17.
(pdftex.def)             Requested size: 364.40741pt x 204.97916pt.


File: all_slides/Topic6_RTL Communication.pdf Graphic file (type pdf)
<use all_slides/Topic6_RTL Communication.pdf, page 18>
Package pdftex.def Info: all_slides/Topic6_RTL Communication.pdf , page18 used 
on input line 17.
(pdftex.def)             Requested size: 364.40741pt x 204.97916pt.
[306

 <./all_slides/Topic6_RTL Communication.pdf>]
<all_slides/Topic6_RTL Communication.pdf, id=13700, page=19, 963.6pt x 542.025p
t>
File: all_slides/Topic6_RTL Communication.pdf Graphic file (type pdf)
<use all_slides/Topic6_RTL Communication.pdf, page 19>
Package pdftex.def Info: all_slides/Topic6_RTL Communication.pdf , page19 used 
on input line 17.
(pdftex.def)             Requested size: 364.40741pt x 204.97916pt.
File: all_slides/Topic6_RTL Communication.pdf Graphic file (type pdf)
<use all_slides/Topic6_RTL Communication.pdf, page 19>
Package pdftex.def Info: all_slides/Topic6_RTL Communication.pdf , page19 used 
on input line 17.
(pdftex.def)             Requested size: 364.40741pt x 204.97916pt.


File: all_slides/Topic6_RTL Communication.pdf Graphic file (type pdf)
<use all_slides/Topic6_RTL Communication.pdf, page 19>
Package pdftex.def Info: all_slides/Topic6_RTL Communication.pdf , page19 used 
on input line 17.
(pdftex.def)             Requested size: 364.40741pt x 204.97916pt.
[307

 <./all_slides/Topic6_RTL Communication.pdf>]
<all_slides/Topic6_RTL Communication.pdf, id=13745, page=20, 963.6pt x 542.025p
t>
File: all_slides/Topic6_RTL Communication.pdf Graphic file (type pdf)
<use all_slides/Topic6_RTL Communication.pdf, page 20>
Package pdftex.def Info: all_slides/Topic6_RTL Communication.pdf , page20 used 
on input line 17.
(pdftex.def)             Requested size: 364.40741pt x 204.97916pt.
File: all_slides/Topic6_RTL Communication.pdf Graphic file (type pdf)
<use all_slides/Topic6_RTL Communication.pdf, page 20>
Package pdftex.def Info: all_slides/Topic6_RTL Communication.pdf , page20 used 
on input line 17.
(pdftex.def)             Requested size: 364.40741pt x 204.97916pt.


File: all_slides/Topic6_RTL Communication.pdf Graphic file (type pdf)
<use all_slides/Topic6_RTL Communication.pdf, page 20>
Package pdftex.def Info: all_slides/Topic6_RTL Communication.pdf , page20 used 
on input line 17.
(pdftex.def)             Requested size: 364.40741pt x 204.97916pt.
[308

 <./all_slides/Topic6_RTL Communication.pdf>]
<all_slides/Topic6_RTL Communication.pdf, id=13777, page=21, 963.6pt x 542.025p
t>
File: all_slides/Topic6_RTL Communication.pdf Graphic file (type pdf)
<use all_slides/Topic6_RTL Communication.pdf, page 21>
Package pdftex.def Info: all_slides/Topic6_RTL Communication.pdf , page21 used 
on input line 17.
(pdftex.def)             Requested size: 364.40741pt x 204.97916pt.
File: all_slides/Topic6_RTL Communication.pdf Graphic file (type pdf)
<use all_slides/Topic6_RTL Communication.pdf, page 21>
Package pdftex.def Info: all_slides/Topic6_RTL Communication.pdf , page21 used 
on input line 17.
(pdftex.def)             Requested size: 364.40741pt x 204.97916pt.


File: all_slides/Topic6_RTL Communication.pdf Graphic file (type pdf)
<use all_slides/Topic6_RTL Communication.pdf, page 21>
Package pdftex.def Info: all_slides/Topic6_RTL Communication.pdf , page21 used 
on input line 17.
(pdftex.def)             Requested size: 364.40741pt x 204.97916pt.
[309

 <./all_slides/Topic6_RTL Communication.pdf>]
<all_slides/Topic6_RTL Communication.pdf, id=13830, page=22, 963.6pt x 542.025p
t>
File: all_slides/Topic6_RTL Communication.pdf Graphic file (type pdf)
<use all_slides/Topic6_RTL Communication.pdf, page 22>
Package pdftex.def Info: all_slides/Topic6_RTL Communication.pdf , page22 used 
on input line 17.
(pdftex.def)             Requested size: 364.40741pt x 204.97916pt.
File: all_slides/Topic6_RTL Communication.pdf Graphic file (type pdf)
<use all_slides/Topic6_RTL Communication.pdf, page 22>
Package pdftex.def Info: all_slides/Topic6_RTL Communication.pdf , page22 used 
on input line 17.
(pdftex.def)             Requested size: 364.40741pt x 204.97916pt.


File: all_slides/Topic6_RTL Communication.pdf Graphic file (type pdf)
<use all_slides/Topic6_RTL Communication.pdf, page 22>
Package pdftex.def Info: all_slides/Topic6_RTL Communication.pdf , page22 used 
on input line 17.
(pdftex.def)             Requested size: 364.40741pt x 204.97916pt.
[310

 <./all_slides/Topic6_RTL Communication.pdf>]
<all_slides/Topic6_RTL Communication.pdf, id=13873, page=23, 963.6pt x 542.025p
t>
File: all_slides/Topic6_RTL Communication.pdf Graphic file (type pdf)
<use all_slides/Topic6_RTL Communication.pdf, page 23>
Package pdftex.def Info: all_slides/Topic6_RTL Communication.pdf , page23 used 
on input line 17.
(pdftex.def)             Requested size: 364.40741pt x 204.97916pt.
File: all_slides/Topic6_RTL Communication.pdf Graphic file (type pdf)
<use all_slides/Topic6_RTL Communication.pdf, page 23>
Package pdftex.def Info: all_slides/Topic6_RTL Communication.pdf , page23 used 
on input line 17.
(pdftex.def)             Requested size: 364.40741pt x 204.97916pt.


File: all_slides/Topic6_RTL Communication.pdf Graphic file (type pdf)
<use all_slides/Topic6_RTL Communication.pdf, page 23>
Package pdftex.def Info: all_slides/Topic6_RTL Communication.pdf , page23 used 
on input line 17.
(pdftex.def)             Requested size: 364.40741pt x 204.97916pt.
[311

 <./all_slides/Topic6_RTL Communication.pdf>]
<all_slides/Topic6_RTL Communication.pdf, id=13922, page=24, 963.6pt x 542.025p
t>
File: all_slides/Topic6_RTL Communication.pdf Graphic file (type pdf)
<use all_slides/Topic6_RTL Communication.pdf, page 24>
Package pdftex.def Info: all_slides/Topic6_RTL Communication.pdf , page24 used 
on input line 17.
(pdftex.def)             Requested size: 364.40741pt x 204.97916pt.
File: all_slides/Topic6_RTL Communication.pdf Graphic file (type pdf)
<use all_slides/Topic6_RTL Communication.pdf, page 24>
Package pdftex.def Info: all_slides/Topic6_RTL Communication.pdf , page24 used 
on input line 17.
(pdftex.def)             Requested size: 364.40741pt x 204.97916pt.


File: all_slides/Topic6_RTL Communication.pdf Graphic file (type pdf)
<use all_slides/Topic6_RTL Communication.pdf, page 24>
Package pdftex.def Info: all_slides/Topic6_RTL Communication.pdf , page24 used 
on input line 17.
(pdftex.def)             Requested size: 364.40741pt x 204.97916pt.
[312

 <./all_slides/Topic6_RTL Communication.pdf>]
<all_slides/Topic6_RTL Communication.pdf, id=13974, page=25, 963.6pt x 542.025p
t>
File: all_slides/Topic6_RTL Communication.pdf Graphic file (type pdf)
<use all_slides/Topic6_RTL Communication.pdf, page 25>
Package pdftex.def Info: all_slides/Topic6_RTL Communication.pdf , page25 used 
on input line 17.
(pdftex.def)             Requested size: 364.40741pt x 204.97916pt.
File: all_slides/Topic6_RTL Communication.pdf Graphic file (type pdf)
<use all_slides/Topic6_RTL Communication.pdf, page 25>
Package pdftex.def Info: all_slides/Topic6_RTL Communication.pdf , page25 used 
on input line 17.
(pdftex.def)             Requested size: 364.40741pt x 204.97916pt.


File: all_slides/Topic6_RTL Communication.pdf Graphic file (type pdf)
<use all_slides/Topic6_RTL Communication.pdf, page 25>
Package pdftex.def Info: all_slides/Topic6_RTL Communication.pdf , page25 used 
on input line 17.
(pdftex.def)             Requested size: 364.40741pt x 204.97916pt.
[313

 <./all_slides/Topic6_RTL Communication.pdf>]
<all_slides/Topic6_RTL Communication.pdf, id=14007, page=26, 963.6pt x 542.025p
t>
File: all_slides/Topic6_RTL Communication.pdf Graphic file (type pdf)
<use all_slides/Topic6_RTL Communication.pdf, page 26>
Package pdftex.def Info: all_slides/Topic6_RTL Communication.pdf , page26 used 
on input line 17.
(pdftex.def)             Requested size: 364.40741pt x 204.97916pt.
File: all_slides/Topic6_RTL Communication.pdf Graphic file (type pdf)
<use all_slides/Topic6_RTL Communication.pdf, page 26>
Package pdftex.def Info: all_slides/Topic6_RTL Communication.pdf , page26 used 
on input line 17.
(pdftex.def)             Requested size: 364.40741pt x 204.97916pt.


File: all_slides/Topic6_RTL Communication.pdf Graphic file (type pdf)
<use all_slides/Topic6_RTL Communication.pdf, page 26>
Package pdftex.def Info: all_slides/Topic6_RTL Communication.pdf , page26 used 
on input line 17.
(pdftex.def)             Requested size: 364.40741pt x 204.97916pt.
[314

 <./all_slides/Topic6_RTL Communication.pdf>]
<all_slides/Topic7_Verification.pdf, id=14036, 963.6pt x 542.025pt>
File: all_slides/Topic7_Verification.pdf Graphic file (type pdf)
<use all_slides/Topic7_Verification.pdf>
Package pdftex.def Info: all_slides/Topic7_Verification.pdf  used on input line
 18.
(pdftex.def)             Requested size: 963.59766pt x 542.02367pt.
<all_slides/Topic7_Verification.pdf, id=14038, page=1, 963.6pt x 542.025pt>
File: all_slides/Topic7_Verification.pdf Graphic file (type pdf)
<use all_slides/Topic7_Verification.pdf, page 1>
Package pdftex.def Info: all_slides/Topic7_Verification.pdf , page1 used on inp
ut line 18.
(pdftex.def)             Requested size: 963.59766pt x 542.02367pt.
File: all_slides/Topic7_Verification.pdf Graphic file (type pdf)
<use all_slides/Topic7_Verification.pdf, page 1>
Package pdftex.def Info: all_slides/Topic7_Verification.pdf , page1 used on inp
ut line 18.
(pdftex.def)             Requested size: 364.40741pt x 204.97916pt.


[315]
File: all_slides/Topic7_Verification.pdf Graphic file (type pdf)
<use all_slides/Topic7_Verification.pdf, page 1>
Package pdftex.def Info: all_slides/Topic7_Verification.pdf , page1 used on inp
ut line 18.
(pdftex.def)             Requested size: 364.40741pt x 204.97916pt.
File: all_slides/Topic7_Verification.pdf Graphic file (type pdf)
<use all_slides/Topic7_Verification.pdf, page 1>
Package pdftex.def Info: all_slides/Topic7_Verification.pdf , page1 used on inp
ut line 18.
(pdftex.def)             Requested size: 364.40741pt x 204.97916pt.


File: all_slides/Topic7_Verification.pdf Graphic file (type pdf)
<use all_slides/Topic7_Verification.pdf, page 1>
Package pdftex.def Info: all_slides/Topic7_Verification.pdf , page1 used on inp
ut line 18.
(pdftex.def)             Requested size: 364.40741pt x 204.97916pt.
[316

 <./all_slides/Topic7_Verification.pdf>]
<all_slides/Topic7_Verification.pdf, id=14108, page=2, 963.6pt x 542.025pt>
File: all_slides/Topic7_Verification.pdf Graphic file (type pdf)
<use all_slides/Topic7_Verification.pdf, page 2>
Package pdftex.def Info: all_slides/Topic7_Verification.pdf , page2 used on inp
ut line 18.
(pdftex.def)             Requested size: 364.40741pt x 204.97916pt.
File: all_slides/Topic7_Verification.pdf Graphic file (type pdf)
<use all_slides/Topic7_Verification.pdf, page 2>
Package pdftex.def Info: all_slides/Topic7_Verification.pdf , page2 used on inp
ut line 18.
(pdftex.def)             Requested size: 364.40741pt x 204.97916pt.


File: all_slides/Topic7_Verification.pdf Graphic file (type pdf)
<use all_slides/Topic7_Verification.pdf, page 2>
Package pdftex.def Info: all_slides/Topic7_Verification.pdf , page2 used on inp
ut line 18.
(pdftex.def)             Requested size: 364.40741pt x 204.97916pt.
[317

 <./all_slides/Topic7_Verification.pdf>]
<all_slides/Topic7_Verification.pdf, id=14155, page=3, 963.6pt x 542.025pt>
File: all_slides/Topic7_Verification.pdf Graphic file (type pdf)
<use all_slides/Topic7_Verification.pdf, page 3>
Package pdftex.def Info: all_slides/Topic7_Verification.pdf , page3 used on inp
ut line 18.
(pdftex.def)             Requested size: 364.40741pt x 204.97916pt.
File: all_slides/Topic7_Verification.pdf Graphic file (type pdf)
<use all_slides/Topic7_Verification.pdf, page 3>
Package pdftex.def Info: all_slides/Topic7_Verification.pdf , page3 used on inp
ut line 18.
(pdftex.def)             Requested size: 364.40741pt x 204.97916pt.


File: all_slides/Topic7_Verification.pdf Graphic file (type pdf)
<use all_slides/Topic7_Verification.pdf, page 3>
Package pdftex.def Info: all_slides/Topic7_Verification.pdf , page3 used on inp
ut line 18.
(pdftex.def)             Requested size: 364.40741pt x 204.97916pt.
[318

 <./all_slides/Topic7_Verification.pdf>]
<all_slides/Topic7_Verification.pdf, id=14190, page=4, 963.6pt x 542.025pt>
File: all_slides/Topic7_Verification.pdf Graphic file (type pdf)
<use all_slides/Topic7_Verification.pdf, page 4>
Package pdftex.def Info: all_slides/Topic7_Verification.pdf , page4 used on inp
ut line 18.
(pdftex.def)             Requested size: 364.40741pt x 204.97916pt.
File: all_slides/Topic7_Verification.pdf Graphic file (type pdf)
<use all_slides/Topic7_Verification.pdf, page 4>
Package pdftex.def Info: all_slides/Topic7_Verification.pdf , page4 used on inp
ut line 18.
(pdftex.def)             Requested size: 364.40741pt x 204.97916pt.


File: all_slides/Topic7_Verification.pdf Graphic file (type pdf)
<use all_slides/Topic7_Verification.pdf, page 4>
Package pdftex.def Info: all_slides/Topic7_Verification.pdf , page4 used on inp
ut line 18.
(pdftex.def)             Requested size: 364.40741pt x 204.97916pt.
[319

 <./all_slides/Topic7_Verification.pdf>]
<all_slides/Topic7_Verification.pdf, id=14228, page=5, 963.6pt x 542.025pt>
File: all_slides/Topic7_Verification.pdf Graphic file (type pdf)
<use all_slides/Topic7_Verification.pdf, page 5>
Package pdftex.def Info: all_slides/Topic7_Verification.pdf , page5 used on inp
ut line 18.
(pdftex.def)             Requested size: 364.40741pt x 204.97916pt.
File: all_slides/Topic7_Verification.pdf Graphic file (type pdf)
<use all_slides/Topic7_Verification.pdf, page 5>
Package pdftex.def Info: all_slides/Topic7_Verification.pdf , page5 used on inp
ut line 18.
(pdftex.def)             Requested size: 364.40741pt x 204.97916pt.


File: all_slides/Topic7_Verification.pdf Graphic file (type pdf)
<use all_slides/Topic7_Verification.pdf, page 5>
Package pdftex.def Info: all_slides/Topic7_Verification.pdf , page5 used on inp
ut line 18.
(pdftex.def)             Requested size: 364.40741pt x 204.97916pt.
[320

 <./all_slides/Topic7_Verification.pdf>]
<all_slides/Topic7_Verification.pdf, id=14266, page=6, 963.6pt x 542.025pt>
File: all_slides/Topic7_Verification.pdf Graphic file (type pdf)
<use all_slides/Topic7_Verification.pdf, page 6>
Package pdftex.def Info: all_slides/Topic7_Verification.pdf , page6 used on inp
ut line 18.
(pdftex.def)             Requested size: 364.40741pt x 204.97916pt.
File: all_slides/Topic7_Verification.pdf Graphic file (type pdf)
<use all_slides/Topic7_Verification.pdf, page 6>
Package pdftex.def Info: all_slides/Topic7_Verification.pdf , page6 used on inp
ut line 18.
(pdftex.def)             Requested size: 364.40741pt x 204.97916pt.


File: all_slides/Topic7_Verification.pdf Graphic file (type pdf)
<use all_slides/Topic7_Verification.pdf, page 6>
Package pdftex.def Info: all_slides/Topic7_Verification.pdf , page6 used on inp
ut line 18.
(pdftex.def)             Requested size: 364.40741pt x 204.97916pt.
[321

 <./all_slides/Topic7_Verification.pdf>]
<all_slides/Topic7_Verification.pdf, id=14304, page=7, 963.6pt x 542.025pt>
File: all_slides/Topic7_Verification.pdf Graphic file (type pdf)
<use all_slides/Topic7_Verification.pdf, page 7>
Package pdftex.def Info: all_slides/Topic7_Verification.pdf , page7 used on inp
ut line 18.
(pdftex.def)             Requested size: 364.40741pt x 204.97916pt.
File: all_slides/Topic7_Verification.pdf Graphic file (type pdf)
<use all_slides/Topic7_Verification.pdf, page 7>
Package pdftex.def Info: all_slides/Topic7_Verification.pdf , page7 used on inp
ut line 18.
(pdftex.def)             Requested size: 364.40741pt x 204.97916pt.


File: all_slides/Topic7_Verification.pdf Graphic file (type pdf)
<use all_slides/Topic7_Verification.pdf, page 7>
Package pdftex.def Info: all_slides/Topic7_Verification.pdf , page7 used on inp
ut line 18.
(pdftex.def)             Requested size: 364.40741pt x 204.97916pt.
[322

 <./all_slides/Topic7_Verification.pdf>]
<all_slides/Topic7_Verification.pdf, id=14340, page=8, 963.6pt x 542.025pt>
File: all_slides/Topic7_Verification.pdf Graphic file (type pdf)
<use all_slides/Topic7_Verification.pdf, page 8>
Package pdftex.def Info: all_slides/Topic7_Verification.pdf , page8 used on inp
ut line 18.
(pdftex.def)             Requested size: 364.40741pt x 204.97916pt.
File: all_slides/Topic7_Verification.pdf Graphic file (type pdf)
<use all_slides/Topic7_Verification.pdf, page 8>
Package pdftex.def Info: all_slides/Topic7_Verification.pdf , page8 used on inp
ut line 18.
(pdftex.def)             Requested size: 364.40741pt x 204.97916pt.


File: all_slides/Topic7_Verification.pdf Graphic file (type pdf)
<use all_slides/Topic7_Verification.pdf, page 8>
Package pdftex.def Info: all_slides/Topic7_Verification.pdf , page8 used on inp
ut line 18.
(pdftex.def)             Requested size: 364.40741pt x 204.97916pt.
[323

 <./all_slides/Topic7_Verification.pdf>]
<all_slides/Topic7_Verification.pdf, id=14384, page=9, 963.6pt x 542.025pt>
File: all_slides/Topic7_Verification.pdf Graphic file (type pdf)
<use all_slides/Topic7_Verification.pdf, page 9>
Package pdftex.def Info: all_slides/Topic7_Verification.pdf , page9 used on inp
ut line 18.
(pdftex.def)             Requested size: 364.40741pt x 204.97916pt.
File: all_slides/Topic7_Verification.pdf Graphic file (type pdf)
<use all_slides/Topic7_Verification.pdf, page 9>
Package pdftex.def Info: all_slides/Topic7_Verification.pdf , page9 used on inp
ut line 18.
(pdftex.def)             Requested size: 364.40741pt x 204.97916pt.


File: all_slides/Topic7_Verification.pdf Graphic file (type pdf)
<use all_slides/Topic7_Verification.pdf, page 9>
Package pdftex.def Info: all_slides/Topic7_Verification.pdf , page9 used on inp
ut line 18.
(pdftex.def)             Requested size: 364.40741pt x 204.97916pt.
[324

 <./all_slides/Topic7_Verification.pdf>]
<all_slides/Topic7_Verification.pdf, id=14429, page=10, 963.6pt x 542.025pt>
File: all_slides/Topic7_Verification.pdf Graphic file (type pdf)
<use all_slides/Topic7_Verification.pdf, page 10>
Package pdftex.def Info: all_slides/Topic7_Verification.pdf , page10 used on in
put line 18.
(pdftex.def)             Requested size: 364.40741pt x 204.97916pt.
File: all_slides/Topic7_Verification.pdf Graphic file (type pdf)
<use all_slides/Topic7_Verification.pdf, page 10>
Package pdftex.def Info: all_slides/Topic7_Verification.pdf , page10 used on in
put line 18.
(pdftex.def)             Requested size: 364.40741pt x 204.97916pt.


File: all_slides/Topic7_Verification.pdf Graphic file (type pdf)
<use all_slides/Topic7_Verification.pdf, page 10>
Package pdftex.def Info: all_slides/Topic7_Verification.pdf , page10 used on in
put line 18.
(pdftex.def)             Requested size: 364.40741pt x 204.97916pt.
[325

 <./all_slides/Topic7_Verification.pdf>]
<all_slides/Topic7_Verification.pdf, id=14462, page=11, 963.6pt x 542.025pt>
File: all_slides/Topic7_Verification.pdf Graphic file (type pdf)
<use all_slides/Topic7_Verification.pdf, page 11>
Package pdftex.def Info: all_slides/Topic7_Verification.pdf , page11 used on in
put line 18.
(pdftex.def)             Requested size: 364.40741pt x 204.97916pt.
File: all_slides/Topic7_Verification.pdf Graphic file (type pdf)
<use all_slides/Topic7_Verification.pdf, page 11>
Package pdftex.def Info: all_slides/Topic7_Verification.pdf , page11 used on in
put line 18.
(pdftex.def)             Requested size: 364.40741pt x 204.97916pt.


File: all_slides/Topic7_Verification.pdf Graphic file (type pdf)
<use all_slides/Topic7_Verification.pdf, page 11>
Package pdftex.def Info: all_slides/Topic7_Verification.pdf , page11 used on in
put line 18.
(pdftex.def)             Requested size: 364.40741pt x 204.97916pt.
[326

 <./all_slides/Topic7_Verification.pdf>]
<all_slides/Topic7_Verification.pdf, id=14508, page=12, 963.6pt x 542.025pt>
File: all_slides/Topic7_Verification.pdf Graphic file (type pdf)
<use all_slides/Topic7_Verification.pdf, page 12>
Package pdftex.def Info: all_slides/Topic7_Verification.pdf , page12 used on in
put line 18.
(pdftex.def)             Requested size: 364.40741pt x 204.97916pt.
File: all_slides/Topic7_Verification.pdf Graphic file (type pdf)
<use all_slides/Topic7_Verification.pdf, page 12>
Package pdftex.def Info: all_slides/Topic7_Verification.pdf , page12 used on in
put line 18.
(pdftex.def)             Requested size: 364.40741pt x 204.97916pt.


File: all_slides/Topic7_Verification.pdf Graphic file (type pdf)
<use all_slides/Topic7_Verification.pdf, page 12>
Package pdftex.def Info: all_slides/Topic7_Verification.pdf , page12 used on in
put line 18.
(pdftex.def)             Requested size: 364.40741pt x 204.97916pt.
[327

 <./all_slides/Topic7_Verification.pdf>]
<all_slides/Topic7_Verification.pdf, id=14566, page=13, 963.6pt x 542.025pt>
File: all_slides/Topic7_Verification.pdf Graphic file (type pdf)
<use all_slides/Topic7_Verification.pdf, page 13>
Package pdftex.def Info: all_slides/Topic7_Verification.pdf , page13 used on in
put line 18.
(pdftex.def)             Requested size: 364.40741pt x 204.97916pt.
File: all_slides/Topic7_Verification.pdf Graphic file (type pdf)
<use all_slides/Topic7_Verification.pdf, page 13>
Package pdftex.def Info: all_slides/Topic7_Verification.pdf , page13 used on in
put line 18.
(pdftex.def)             Requested size: 364.40741pt x 204.97916pt.


File: all_slides/Topic7_Verification.pdf Graphic file (type pdf)
<use all_slides/Topic7_Verification.pdf, page 13>
Package pdftex.def Info: all_slides/Topic7_Verification.pdf , page13 used on in
put line 18.
(pdftex.def)             Requested size: 364.40741pt x 204.97916pt.
[328

 <./all_slides/Topic7_Verification.pdf>]
<all_slides/Topic7_Verification.pdf, id=14603, page=14, 963.6pt x 542.025pt>
File: all_slides/Topic7_Verification.pdf Graphic file (type pdf)
<use all_slides/Topic7_Verification.pdf, page 14>
Package pdftex.def Info: all_slides/Topic7_Verification.pdf , page14 used on in
put line 18.
(pdftex.def)             Requested size: 364.40741pt x 204.97916pt.
File: all_slides/Topic7_Verification.pdf Graphic file (type pdf)
<use all_slides/Topic7_Verification.pdf, page 14>
Package pdftex.def Info: all_slides/Topic7_Verification.pdf , page14 used on in
put line 18.
(pdftex.def)             Requested size: 364.40741pt x 204.97916pt.


File: all_slides/Topic7_Verification.pdf Graphic file (type pdf)
<use all_slides/Topic7_Verification.pdf, page 14>
Package pdftex.def Info: all_slides/Topic7_Verification.pdf , page14 used on in
put line 18.
(pdftex.def)             Requested size: 364.40741pt x 204.97916pt.
[329

 <./all_slides/Topic7_Verification.pdf>]
<all_slides/Topic7_Verification.pdf, id=14638, page=15, 963.6pt x 542.025pt>
File: all_slides/Topic7_Verification.pdf Graphic file (type pdf)
<use all_slides/Topic7_Verification.pdf, page 15>
Package pdftex.def Info: all_slides/Topic7_Verification.pdf , page15 used on in
put line 18.
(pdftex.def)             Requested size: 364.40741pt x 204.97916pt.
File: all_slides/Topic7_Verification.pdf Graphic file (type pdf)
<use all_slides/Topic7_Verification.pdf, page 15>
Package pdftex.def Info: all_slides/Topic7_Verification.pdf , page15 used on in
put line 18.
(pdftex.def)             Requested size: 364.40741pt x 204.97916pt.


File: all_slides/Topic7_Verification.pdf Graphic file (type pdf)
<use all_slides/Topic7_Verification.pdf, page 15>
Package pdftex.def Info: all_slides/Topic7_Verification.pdf , page15 used on in
put line 18.
(pdftex.def)             Requested size: 364.40741pt x 204.97916pt.
[330

 <./all_slides/Topic7_Verification.pdf>]
<all_slides/Topic7_Verification.pdf, id=14674, page=16, 963.6pt x 542.025pt>
File: all_slides/Topic7_Verification.pdf Graphic file (type pdf)
<use all_slides/Topic7_Verification.pdf, page 16>
Package pdftex.def Info: all_slides/Topic7_Verification.pdf , page16 used on in
put line 18.
(pdftex.def)             Requested size: 364.40741pt x 204.97916pt.
File: all_slides/Topic7_Verification.pdf Graphic file (type pdf)
<use all_slides/Topic7_Verification.pdf, page 16>
Package pdftex.def Info: all_slides/Topic7_Verification.pdf , page16 used on in
put line 18.
(pdftex.def)             Requested size: 364.40741pt x 204.97916pt.


File: all_slides/Topic7_Verification.pdf Graphic file (type pdf)
<use all_slides/Topic7_Verification.pdf, page 16>
Package pdftex.def Info: all_slides/Topic7_Verification.pdf , page16 used on in
put line 18.
(pdftex.def)             Requested size: 364.40741pt x 204.97916pt.
[331

 <./all_slides/Topic7_Verification.pdf>]
<all_slides/Topic7_Verification.pdf, id=14708, page=17, 963.6pt x 542.025pt>
File: all_slides/Topic7_Verification.pdf Graphic file (type pdf)
<use all_slides/Topic7_Verification.pdf, page 17>
Package pdftex.def Info: all_slides/Topic7_Verification.pdf , page17 used on in
put line 18.
(pdftex.def)             Requested size: 364.40741pt x 204.97916pt.
File: all_slides/Topic7_Verification.pdf Graphic file (type pdf)
<use all_slides/Topic7_Verification.pdf, page 17>
Package pdftex.def Info: all_slides/Topic7_Verification.pdf , page17 used on in
put line 18.
(pdftex.def)             Requested size: 364.40741pt x 204.97916pt.


File: all_slides/Topic7_Verification.pdf Graphic file (type pdf)
<use all_slides/Topic7_Verification.pdf, page 17>
Package pdftex.def Info: all_slides/Topic7_Verification.pdf , page17 used on in
put line 18.
(pdftex.def)             Requested size: 364.40741pt x 204.97916pt.
[332

 <./all_slides/Topic7_Verification.pdf>]
<all_slides/Topic7_Verification.pdf, id=14740, page=18, 963.6pt x 542.025pt>
File: all_slides/Topic7_Verification.pdf Graphic file (type pdf)
<use all_slides/Topic7_Verification.pdf, page 18>
Package pdftex.def Info: all_slides/Topic7_Verification.pdf , page18 used on in
put line 18.
(pdftex.def)             Requested size: 364.40741pt x 204.97916pt.
File: all_slides/Topic7_Verification.pdf Graphic file (type pdf)
<use all_slides/Topic7_Verification.pdf, page 18>
Package pdftex.def Info: all_slides/Topic7_Verification.pdf , page18 used on in
put line 18.
(pdftex.def)             Requested size: 364.40741pt x 204.97916pt.


File: all_slides/Topic7_Verification.pdf Graphic file (type pdf)
<use all_slides/Topic7_Verification.pdf, page 18>
Package pdftex.def Info: all_slides/Topic7_Verification.pdf , page18 used on in
put line 18.
(pdftex.def)             Requested size: 364.40741pt x 204.97916pt.
[333

 <./all_slides/Topic7_Verification.pdf>]
<all_slides/Topic7_Verification.pdf, id=14775, page=19, 963.6pt x 542.025pt>
File: all_slides/Topic7_Verification.pdf Graphic file (type pdf)
<use all_slides/Topic7_Verification.pdf, page 19>
Package pdftex.def Info: all_slides/Topic7_Verification.pdf , page19 used on in
put line 18.
(pdftex.def)             Requested size: 364.40741pt x 204.97916pt.
File: all_slides/Topic7_Verification.pdf Graphic file (type pdf)
<use all_slides/Topic7_Verification.pdf, page 19>
Package pdftex.def Info: all_slides/Topic7_Verification.pdf , page19 used on in
put line 18.
(pdftex.def)             Requested size: 364.40741pt x 204.97916pt.


File: all_slides/Topic7_Verification.pdf Graphic file (type pdf)
<use all_slides/Topic7_Verification.pdf, page 19>
Package pdftex.def Info: all_slides/Topic7_Verification.pdf , page19 used on in
put line 18.
(pdftex.def)             Requested size: 364.40741pt x 204.97916pt.
[334

 <./all_slides/Topic7_Verification.pdf>]
<all_slides/Topic7_Verification.pdf, id=14821, page=20, 963.6pt x 542.025pt>
File: all_slides/Topic7_Verification.pdf Graphic file (type pdf)
<use all_slides/Topic7_Verification.pdf, page 20>
Package pdftex.def Info: all_slides/Topic7_Verification.pdf , page20 used on in
put line 18.
(pdftex.def)             Requested size: 364.40741pt x 204.97916pt.
File: all_slides/Topic7_Verification.pdf Graphic file (type pdf)
<use all_slides/Topic7_Verification.pdf, page 20>
Package pdftex.def Info: all_slides/Topic7_Verification.pdf , page20 used on in
put line 18.
(pdftex.def)             Requested size: 364.40741pt x 204.97916pt.


File: all_slides/Topic7_Verification.pdf Graphic file (type pdf)
<use all_slides/Topic7_Verification.pdf, page 20>
Package pdftex.def Info: all_slides/Topic7_Verification.pdf , page20 used on in
put line 18.
(pdftex.def)             Requested size: 364.40741pt x 204.97916pt.
[335

 <./all_slides/Topic7_Verification.pdf>]
<all_slides/Topic7_Verification.pdf, id=14879, page=21, 963.6pt x 542.025pt>
File: all_slides/Topic7_Verification.pdf Graphic file (type pdf)
<use all_slides/Topic7_Verification.pdf, page 21>
Package pdftex.def Info: all_slides/Topic7_Verification.pdf , page21 used on in
put line 18.
(pdftex.def)             Requested size: 364.40741pt x 204.97916pt.
File: all_slides/Topic7_Verification.pdf Graphic file (type pdf)
<use all_slides/Topic7_Verification.pdf, page 21>
Package pdftex.def Info: all_slides/Topic7_Verification.pdf , page21 used on in
put line 18.
(pdftex.def)             Requested size: 364.40741pt x 204.97916pt.


File: all_slides/Topic7_Verification.pdf Graphic file (type pdf)
<use all_slides/Topic7_Verification.pdf, page 21>
Package pdftex.def Info: all_slides/Topic7_Verification.pdf , page21 used on in
put line 18.
(pdftex.def)             Requested size: 364.40741pt x 204.97916pt.
[336

 <./all_slides/Topic7_Verification.pdf>]
<all_slides/Topic7_Verification.pdf, id=14918, page=22, 963.6pt x 542.025pt>
File: all_slides/Topic7_Verification.pdf Graphic file (type pdf)
<use all_slides/Topic7_Verification.pdf, page 22>
Package pdftex.def Info: all_slides/Topic7_Verification.pdf , page22 used on in
put line 18.
(pdftex.def)             Requested size: 364.40741pt x 204.97916pt.
File: all_slides/Topic7_Verification.pdf Graphic file (type pdf)
<use all_slides/Topic7_Verification.pdf, page 22>
Package pdftex.def Info: all_slides/Topic7_Verification.pdf , page22 used on in
put line 18.
(pdftex.def)             Requested size: 364.40741pt x 204.97916pt.


File: all_slides/Topic7_Verification.pdf Graphic file (type pdf)
<use all_slides/Topic7_Verification.pdf, page 22>
Package pdftex.def Info: all_slides/Topic7_Verification.pdf , page22 used on in
put line 18.
(pdftex.def)             Requested size: 364.40741pt x 204.97916pt.
[337

 <./all_slides/Topic7_Verification.pdf>]
<all_slides/Topic7_Verification.pdf, id=14978, page=23, 963.6pt x 542.025pt>
File: all_slides/Topic7_Verification.pdf Graphic file (type pdf)
<use all_slides/Topic7_Verification.pdf, page 23>
Package pdftex.def Info: all_slides/Topic7_Verification.pdf , page23 used on in
put line 18.
(pdftex.def)             Requested size: 364.40741pt x 204.97916pt.
File: all_slides/Topic7_Verification.pdf Graphic file (type pdf)
<use all_slides/Topic7_Verification.pdf, page 23>
Package pdftex.def Info: all_slides/Topic7_Verification.pdf , page23 used on in
put line 18.
(pdftex.def)             Requested size: 364.40741pt x 204.97916pt.


File: all_slides/Topic7_Verification.pdf Graphic file (type pdf)
<use all_slides/Topic7_Verification.pdf, page 23>
Package pdftex.def Info: all_slides/Topic7_Verification.pdf , page23 used on in
put line 18.
(pdftex.def)             Requested size: 364.40741pt x 204.97916pt.
[338

 <./all_slides/Topic7_Verification.pdf>]
<all_slides/Topic7_Verification.pdf, id=15016, page=24, 963.6pt x 542.025pt>
File: all_slides/Topic7_Verification.pdf Graphic file (type pdf)
<use all_slides/Topic7_Verification.pdf, page 24>
Package pdftex.def Info: all_slides/Topic7_Verification.pdf , page24 used on in
put line 18.
(pdftex.def)             Requested size: 364.40741pt x 204.97916pt.
File: all_slides/Topic7_Verification.pdf Graphic file (type pdf)
<use all_slides/Topic7_Verification.pdf, page 24>
Package pdftex.def Info: all_slides/Topic7_Verification.pdf , page24 used on in
put line 18.
(pdftex.def)             Requested size: 364.40741pt x 204.97916pt.


File: all_slides/Topic7_Verification.pdf Graphic file (type pdf)
<use all_slides/Topic7_Verification.pdf, page 24>
Package pdftex.def Info: all_slides/Topic7_Verification.pdf , page24 used on in
put line 18.
(pdftex.def)             Requested size: 364.40741pt x 204.97916pt.
[339

 <./all_slides/Topic7_Verification.pdf>]
<all_slides/Topic7_Verification.pdf, id=15056, page=25, 963.6pt x 542.025pt>
File: all_slides/Topic7_Verification.pdf Graphic file (type pdf)
<use all_slides/Topic7_Verification.pdf, page 25>
Package pdftex.def Info: all_slides/Topic7_Verification.pdf , page25 used on in
put line 18.
(pdftex.def)             Requested size: 364.40741pt x 204.97916pt.
File: all_slides/Topic7_Verification.pdf Graphic file (type pdf)
<use all_slides/Topic7_Verification.pdf, page 25>
Package pdftex.def Info: all_slides/Topic7_Verification.pdf , page25 used on in
put line 18.
(pdftex.def)             Requested size: 364.40741pt x 204.97916pt.


File: all_slides/Topic7_Verification.pdf Graphic file (type pdf)
<use all_slides/Topic7_Verification.pdf, page 25>
Package pdftex.def Info: all_slides/Topic7_Verification.pdf , page25 used on in
put line 18.
(pdftex.def)             Requested size: 364.40741pt x 204.97916pt.
[340

 <./all_slides/Topic7_Verification.pdf>]
<all_slides/Topic7_Verification.pdf, id=15095, page=26, 963.6pt x 542.025pt>
File: all_slides/Topic7_Verification.pdf Graphic file (type pdf)
<use all_slides/Topic7_Verification.pdf, page 26>
Package pdftex.def Info: all_slides/Topic7_Verification.pdf , page26 used on in
put line 18.
(pdftex.def)             Requested size: 364.40741pt x 204.97916pt.
File: all_slides/Topic7_Verification.pdf Graphic file (type pdf)
<use all_slides/Topic7_Verification.pdf, page 26>
Package pdftex.def Info: all_slides/Topic7_Verification.pdf , page26 used on in
put line 18.
(pdftex.def)             Requested size: 364.40741pt x 204.97916pt.


File: all_slides/Topic7_Verification.pdf Graphic file (type pdf)
<use all_slides/Topic7_Verification.pdf, page 26>
Package pdftex.def Info: all_slides/Topic7_Verification.pdf , page26 used on in
put line 18.
(pdftex.def)             Requested size: 364.40741pt x 204.97916pt.
[341

 <./all_slides/Topic7_Verification.pdf>]
<all_slides/Topic7_Verification.pdf, id=15161, page=27, 963.6pt x 542.025pt>
File: all_slides/Topic7_Verification.pdf Graphic file (type pdf)
<use all_slides/Topic7_Verification.pdf, page 27>
Package pdftex.def Info: all_slides/Topic7_Verification.pdf , page27 used on in
put line 18.
(pdftex.def)             Requested size: 364.40741pt x 204.97916pt.
File: all_slides/Topic7_Verification.pdf Graphic file (type pdf)
<use all_slides/Topic7_Verification.pdf, page 27>
Package pdftex.def Info: all_slides/Topic7_Verification.pdf , page27 used on in
put line 18.
(pdftex.def)             Requested size: 364.40741pt x 204.97916pt.


File: all_slides/Topic7_Verification.pdf Graphic file (type pdf)
<use all_slides/Topic7_Verification.pdf, page 27>
Package pdftex.def Info: all_slides/Topic7_Verification.pdf , page27 used on in
put line 18.
(pdftex.def)             Requested size: 364.40741pt x 204.97916pt.
[342

 <./all_slides/Topic7_Verification.pdf>]
<all_slides/Topic7_Verification.pdf, id=15190, page=28, 963.6pt x 542.025pt>
File: all_slides/Topic7_Verification.pdf Graphic file (type pdf)
<use all_slides/Topic7_Verification.pdf, page 28>
Package pdftex.def Info: all_slides/Topic7_Verification.pdf , page28 used on in
put line 18.
(pdftex.def)             Requested size: 364.40741pt x 204.97916pt.
File: all_slides/Topic7_Verification.pdf Graphic file (type pdf)
<use all_slides/Topic7_Verification.pdf, page 28>
Package pdftex.def Info: all_slides/Topic7_Verification.pdf , page28 used on in
put line 18.
(pdftex.def)             Requested size: 364.40741pt x 204.97916pt.


File: all_slides/Topic7_Verification.pdf Graphic file (type pdf)
<use all_slides/Topic7_Verification.pdf, page 28>
Package pdftex.def Info: all_slides/Topic7_Verification.pdf , page28 used on in
put line 18.
(pdftex.def)             Requested size: 364.40741pt x 204.97916pt.
[343

 <./all_slides/Topic7_Verification.pdf>]
<all_slides/Topic7_Verification.pdf, id=15223, page=29, 963.6pt x 542.025pt>
File: all_slides/Topic7_Verification.pdf Graphic file (type pdf)
<use all_slides/Topic7_Verification.pdf, page 29>
Package pdftex.def Info: all_slides/Topic7_Verification.pdf , page29 used on in
put line 18.
(pdftex.def)             Requested size: 364.40741pt x 204.97916pt.
File: all_slides/Topic7_Verification.pdf Graphic file (type pdf)
<use all_slides/Topic7_Verification.pdf, page 29>
Package pdftex.def Info: all_slides/Topic7_Verification.pdf , page29 used on in
put line 18.
(pdftex.def)             Requested size: 364.40741pt x 204.97916pt.


File: all_slides/Topic7_Verification.pdf Graphic file (type pdf)
<use all_slides/Topic7_Verification.pdf, page 29>
Package pdftex.def Info: all_slides/Topic7_Verification.pdf , page29 used on in
put line 18.
(pdftex.def)             Requested size: 364.40741pt x 204.97916pt.
[344

 <./all_slides/Topic7_Verification.pdf>]
<all_slides/Topic7_Verification.pdf, id=15304, page=30, 963.6pt x 542.025pt>
File: all_slides/Topic7_Verification.pdf Graphic file (type pdf)
<use all_slides/Topic7_Verification.pdf, page 30>
Package pdftex.def Info: all_slides/Topic7_Verification.pdf , page30 used on in
put line 18.
(pdftex.def)             Requested size: 364.40741pt x 204.97916pt.
File: all_slides/Topic7_Verification.pdf Graphic file (type pdf)
<use all_slides/Topic7_Verification.pdf, page 30>
Package pdftex.def Info: all_slides/Topic7_Verification.pdf , page30 used on in
put line 18.
(pdftex.def)             Requested size: 364.40741pt x 204.97916pt.


File: all_slides/Topic7_Verification.pdf Graphic file (type pdf)
<use all_slides/Topic7_Verification.pdf, page 30>
Package pdftex.def Info: all_slides/Topic7_Verification.pdf , page30 used on in
put line 18.
(pdftex.def)             Requested size: 364.40741pt x 204.97916pt.
[345

 <./all_slides/Topic7_Verification.pdf>]
<all_slides/Topic7_Verification.pdf, id=15395, page=31, 963.6pt x 542.025pt>
File: all_slides/Topic7_Verification.pdf Graphic file (type pdf)
<use all_slides/Topic7_Verification.pdf, page 31>
Package pdftex.def Info: all_slides/Topic7_Verification.pdf , page31 used on in
put line 18.
(pdftex.def)             Requested size: 364.40741pt x 204.97916pt.
File: all_slides/Topic7_Verification.pdf Graphic file (type pdf)
<use all_slides/Topic7_Verification.pdf, page 31>
Package pdftex.def Info: all_slides/Topic7_Verification.pdf , page31 used on in
put line 18.
(pdftex.def)             Requested size: 364.40741pt x 204.97916pt.


File: all_slides/Topic7_Verification.pdf Graphic file (type pdf)
<use all_slides/Topic7_Verification.pdf, page 31>
Package pdftex.def Info: all_slides/Topic7_Verification.pdf , page31 used on in
put line 18.
(pdftex.def)             Requested size: 364.40741pt x 204.97916pt.
[346

 <./all_slides/Topic7_Verification.pdf>]
<all_slides/Topic7_Verification.pdf, id=15444, page=32, 963.6pt x 542.025pt>
File: all_slides/Topic7_Verification.pdf Graphic file (type pdf)
<use all_slides/Topic7_Verification.pdf, page 32>
Package pdftex.def Info: all_slides/Topic7_Verification.pdf , page32 used on in
put line 18.
(pdftex.def)             Requested size: 364.40741pt x 204.97916pt.
File: all_slides/Topic7_Verification.pdf Graphic file (type pdf)
<use all_slides/Topic7_Verification.pdf, page 32>
Package pdftex.def Info: all_slides/Topic7_Verification.pdf , page32 used on in
put line 18.
(pdftex.def)             Requested size: 364.40741pt x 204.97916pt.


File: all_slides/Topic7_Verification.pdf Graphic file (type pdf)
<use all_slides/Topic7_Verification.pdf, page 32>
Package pdftex.def Info: all_slides/Topic7_Verification.pdf , page32 used on in
put line 18.
(pdftex.def)             Requested size: 364.40741pt x 204.97916pt.
[347

 <./all_slides/Topic7_Verification.pdf>]
<all_slides/Topic7_Verification.pdf, id=15513, page=33, 963.6pt x 542.025pt>
File: all_slides/Topic7_Verification.pdf Graphic file (type pdf)
<use all_slides/Topic7_Verification.pdf, page 33>
Package pdftex.def Info: all_slides/Topic7_Verification.pdf , page33 used on in
put line 18.
(pdftex.def)             Requested size: 364.40741pt x 204.97916pt.
File: all_slides/Topic7_Verification.pdf Graphic file (type pdf)
<use all_slides/Topic7_Verification.pdf, page 33>
Package pdftex.def Info: all_slides/Topic7_Verification.pdf , page33 used on in
put line 18.
(pdftex.def)             Requested size: 364.40741pt x 204.97916pt.


File: all_slides/Topic7_Verification.pdf Graphic file (type pdf)
<use all_slides/Topic7_Verification.pdf, page 33>
Package pdftex.def Info: all_slides/Topic7_Verification.pdf , page33 used on in
put line 18.
(pdftex.def)             Requested size: 364.40741pt x 204.97916pt.
[348

 <./all_slides/Topic7_Verification.pdf>]
<all_slides/Topic7_Verification.pdf, id=15542, page=34, 963.6pt x 542.025pt>
File: all_slides/Topic7_Verification.pdf Graphic file (type pdf)
<use all_slides/Topic7_Verification.pdf, page 34>
Package pdftex.def Info: all_slides/Topic7_Verification.pdf , page34 used on in
put line 18.
(pdftex.def)             Requested size: 364.40741pt x 204.97916pt.
File: all_slides/Topic7_Verification.pdf Graphic file (type pdf)
<use all_slides/Topic7_Verification.pdf, page 34>
Package pdftex.def Info: all_slides/Topic7_Verification.pdf , page34 used on in
put line 18.
(pdftex.def)             Requested size: 364.40741pt x 204.97916pt.


File: all_slides/Topic7_Verification.pdf Graphic file (type pdf)
<use all_slides/Topic7_Verification.pdf, page 34>
Package pdftex.def Info: all_slides/Topic7_Verification.pdf , page34 used on in
put line 18.
(pdftex.def)             Requested size: 364.40741pt x 204.97916pt.
[349

 <./all_slides/Topic7_Verification.pdf>]
<all_slides/Topic7_Verification.pdf, id=15587, page=35, 963.6pt x 542.025pt>
File: all_slides/Topic7_Verification.pdf Graphic file (type pdf)
<use all_slides/Topic7_Verification.pdf, page 35>
Package pdftex.def Info: all_slides/Topic7_Verification.pdf , page35 used on in
put line 18.
(pdftex.def)             Requested size: 364.40741pt x 204.97916pt.
File: all_slides/Topic7_Verification.pdf Graphic file (type pdf)
<use all_slides/Topic7_Verification.pdf, page 35>
Package pdftex.def Info: all_slides/Topic7_Verification.pdf , page35 used on in
put line 18.
(pdftex.def)             Requested size: 364.40741pt x 204.97916pt.


File: all_slides/Topic7_Verification.pdf Graphic file (type pdf)
<use all_slides/Topic7_Verification.pdf, page 35>
Package pdftex.def Info: all_slides/Topic7_Verification.pdf , page35 used on in
put line 18.
(pdftex.def)             Requested size: 364.40741pt x 204.97916pt.
[350

 <./all_slides/Topic7_Verification.pdf>]
<all_slides/Topic7_Verification.pdf, id=15659, page=36, 963.6pt x 542.025pt>
File: all_slides/Topic7_Verification.pdf Graphic file (type pdf)
<use all_slides/Topic7_Verification.pdf, page 36>
Package pdftex.def Info: all_slides/Topic7_Verification.pdf , page36 used on in
put line 18.
(pdftex.def)             Requested size: 364.40741pt x 204.97916pt.
File: all_slides/Topic7_Verification.pdf Graphic file (type pdf)
<use all_slides/Topic7_Verification.pdf, page 36>
Package pdftex.def Info: all_slides/Topic7_Verification.pdf , page36 used on in
put line 18.
(pdftex.def)             Requested size: 364.40741pt x 204.97916pt.


File: all_slides/Topic7_Verification.pdf Graphic file (type pdf)
<use all_slides/Topic7_Verification.pdf, page 36>
Package pdftex.def Info: all_slides/Topic7_Verification.pdf , page36 used on in
put line 18.
(pdftex.def)             Requested size: 364.40741pt x 204.97916pt.
[351

 <./all_slides/Topic7_Verification.pdf>]
<all_slides/Topic7_Verification.pdf, id=15703, page=37, 963.6pt x 542.025pt>
File: all_slides/Topic7_Verification.pdf Graphic file (type pdf)
<use all_slides/Topic7_Verification.pdf, page 37>
Package pdftex.def Info: all_slides/Topic7_Verification.pdf , page37 used on in
put line 18.
(pdftex.def)             Requested size: 364.40741pt x 204.97916pt.
File: all_slides/Topic7_Verification.pdf Graphic file (type pdf)
<use all_slides/Topic7_Verification.pdf, page 37>
Package pdftex.def Info: all_slides/Topic7_Verification.pdf , page37 used on in
put line 18.
(pdftex.def)             Requested size: 364.40741pt x 204.97916pt.


File: all_slides/Topic7_Verification.pdf Graphic file (type pdf)
<use all_slides/Topic7_Verification.pdf, page 37>
Package pdftex.def Info: all_slides/Topic7_Verification.pdf , page37 used on in
put line 18.
(pdftex.def)             Requested size: 364.40741pt x 204.97916pt.
[352

 <./all_slides/Topic7_Verification.pdf>]
<all_slides/Topic7_Verification.pdf, id=15732, page=38, 963.6pt x 542.025pt>
File: all_slides/Topic7_Verification.pdf Graphic file (type pdf)
<use all_slides/Topic7_Verification.pdf, page 38>
Package pdftex.def Info: all_slides/Topic7_Verification.pdf , page38 used on in
put line 18.
(pdftex.def)             Requested size: 364.40741pt x 204.97916pt.
File: all_slides/Topic7_Verification.pdf Graphic file (type pdf)
<use all_slides/Topic7_Verification.pdf, page 38>
Package pdftex.def Info: all_slides/Topic7_Verification.pdf , page38 used on in
put line 18.
(pdftex.def)             Requested size: 364.40741pt x 204.97916pt.


File: all_slides/Topic7_Verification.pdf Graphic file (type pdf)
<use all_slides/Topic7_Verification.pdf, page 38>
Package pdftex.def Info: all_slides/Topic7_Verification.pdf , page38 used on in
put line 18.
(pdftex.def)             Requested size: 364.40741pt x 204.97916pt.
[353

 <./all_slides/Topic7_Verification.pdf>]
<all_slides/Topic7_Verification.pdf, id=15788, page=39, 963.6pt x 542.025pt>
File: all_slides/Topic7_Verification.pdf Graphic file (type pdf)
<use all_slides/Topic7_Verification.pdf, page 39>
Package pdftex.def Info: all_slides/Topic7_Verification.pdf , page39 used on in
put line 18.
(pdftex.def)             Requested size: 364.40741pt x 204.97916pt.
File: all_slides/Topic7_Verification.pdf Graphic file (type pdf)
<use all_slides/Topic7_Verification.pdf, page 39>
Package pdftex.def Info: all_slides/Topic7_Verification.pdf , page39 used on in
put line 18.
(pdftex.def)             Requested size: 364.40741pt x 204.97916pt.


File: all_slides/Topic7_Verification.pdf Graphic file (type pdf)
<use all_slides/Topic7_Verification.pdf, page 39>
Package pdftex.def Info: all_slides/Topic7_Verification.pdf , page39 used on in
put line 18.
(pdftex.def)             Requested size: 364.40741pt x 204.97916pt.
[354

 <./all_slides/Topic7_Verification.pdf>]
<all_slides/Topic7_Verification.pdf, id=15838, page=40, 963.6pt x 542.025pt>
File: all_slides/Topic7_Verification.pdf Graphic file (type pdf)
<use all_slides/Topic7_Verification.pdf, page 40>
Package pdftex.def Info: all_slides/Topic7_Verification.pdf , page40 used on in
put line 18.
(pdftex.def)             Requested size: 364.40741pt x 204.97916pt.
File: all_slides/Topic7_Verification.pdf Graphic file (type pdf)
<use all_slides/Topic7_Verification.pdf, page 40>
Package pdftex.def Info: all_slides/Topic7_Verification.pdf , page40 used on in
put line 18.
(pdftex.def)             Requested size: 364.40741pt x 204.97916pt.


File: all_slides/Topic7_Verification.pdf Graphic file (type pdf)
<use all_slides/Topic7_Verification.pdf, page 40>
Package pdftex.def Info: all_slides/Topic7_Verification.pdf , page40 used on in
put line 18.
(pdftex.def)             Requested size: 364.40741pt x 204.97916pt.
[355

 <./all_slides/Topic7_Verification.pdf>]
<all_slides/Topic7_Verification.pdf, id=15903, page=41, 963.6pt x 542.025pt>
File: all_slides/Topic7_Verification.pdf Graphic file (type pdf)
<use all_slides/Topic7_Verification.pdf, page 41>
Package pdftex.def Info: all_slides/Topic7_Verification.pdf , page41 used on in
put line 18.
(pdftex.def)             Requested size: 364.40741pt x 204.97916pt.
File: all_slides/Topic7_Verification.pdf Graphic file (type pdf)
<use all_slides/Topic7_Verification.pdf, page 41>
Package pdftex.def Info: all_slides/Topic7_Verification.pdf , page41 used on in
put line 18.
(pdftex.def)             Requested size: 364.40741pt x 204.97916pt.


File: all_slides/Topic7_Verification.pdf Graphic file (type pdf)
<use all_slides/Topic7_Verification.pdf, page 41>
Package pdftex.def Info: all_slides/Topic7_Verification.pdf , page41 used on in
put line 18.
(pdftex.def)             Requested size: 364.40741pt x 204.97916pt.
[356

 <./all_slides/Topic7_Verification.pdf>]
<all_slides/Topic7_Verification.pdf, id=15943, page=42, 963.6pt x 542.025pt>
File: all_slides/Topic7_Verification.pdf Graphic file (type pdf)
<use all_slides/Topic7_Verification.pdf, page 42>
Package pdftex.def Info: all_slides/Topic7_Verification.pdf , page42 used on in
put line 18.
(pdftex.def)             Requested size: 364.40741pt x 204.97916pt.
File: all_slides/Topic7_Verification.pdf Graphic file (type pdf)
<use all_slides/Topic7_Verification.pdf, page 42>
Package pdftex.def Info: all_slides/Topic7_Verification.pdf , page42 used on in
put line 18.
(pdftex.def)             Requested size: 364.40741pt x 204.97916pt.


File: all_slides/Topic7_Verification.pdf Graphic file (type pdf)
<use all_slides/Topic7_Verification.pdf, page 42>
Package pdftex.def Info: all_slides/Topic7_Verification.pdf , page42 used on in
put line 18.
(pdftex.def)             Requested size: 364.40741pt x 204.97916pt.
[357

 <./all_slides/Topic7_Verification.pdf>]
<all_slides/Topic7_Verification.pdf, id=15972, page=43, 963.6pt x 542.025pt>
File: all_slides/Topic7_Verification.pdf Graphic file (type pdf)
<use all_slides/Topic7_Verification.pdf, page 43>
Package pdftex.def Info: all_slides/Topic7_Verification.pdf , page43 used on in
put line 18.
(pdftex.def)             Requested size: 364.40741pt x 204.97916pt.
File: all_slides/Topic7_Verification.pdf Graphic file (type pdf)
<use all_slides/Topic7_Verification.pdf, page 43>
Package pdftex.def Info: all_slides/Topic7_Verification.pdf , page43 used on in
put line 18.
(pdftex.def)             Requested size: 364.40741pt x 204.97916pt.


File: all_slides/Topic7_Verification.pdf Graphic file (type pdf)
<use all_slides/Topic7_Verification.pdf, page 43>
Package pdftex.def Info: all_slides/Topic7_Verification.pdf , page43 used on in
put line 18.
(pdftex.def)             Requested size: 364.40741pt x 204.97916pt.
[358

 <./all_slides/Topic7_Verification.pdf>]
<all_slides/Topic7_Verification.pdf, id=16001, page=44, 963.6pt x 542.025pt>
File: all_slides/Topic7_Verification.pdf Graphic file (type pdf)
<use all_slides/Topic7_Verification.pdf, page 44>
Package pdftex.def Info: all_slides/Topic7_Verification.pdf , page44 used on in
put line 18.
(pdftex.def)             Requested size: 364.40741pt x 204.97916pt.
File: all_slides/Topic7_Verification.pdf Graphic file (type pdf)
<use all_slides/Topic7_Verification.pdf, page 44>
Package pdftex.def Info: all_slides/Topic7_Verification.pdf , page44 used on in
put line 18.
(pdftex.def)             Requested size: 364.40741pt x 204.97916pt.


File: all_slides/Topic7_Verification.pdf Graphic file (type pdf)
<use all_slides/Topic7_Verification.pdf, page 44>
Package pdftex.def Info: all_slides/Topic7_Verification.pdf , page44 used on in
put line 18.
(pdftex.def)             Requested size: 364.40741pt x 204.97916pt.
[359

 <./all_slides/Topic7_Verification.pdf>]
<all_slides/Topic7_Verification.pdf, id=16049, page=45, 963.6pt x 542.025pt>
File: all_slides/Topic7_Verification.pdf Graphic file (type pdf)
<use all_slides/Topic7_Verification.pdf, page 45>
Package pdftex.def Info: all_slides/Topic7_Verification.pdf , page45 used on in
put line 18.
(pdftex.def)             Requested size: 364.40741pt x 204.97916pt.
File: all_slides/Topic7_Verification.pdf Graphic file (type pdf)
<use all_slides/Topic7_Verification.pdf, page 45>
Package pdftex.def Info: all_slides/Topic7_Verification.pdf , page45 used on in
put line 18.
(pdftex.def)             Requested size: 364.40741pt x 204.97916pt.


File: all_slides/Topic7_Verification.pdf Graphic file (type pdf)
<use all_slides/Topic7_Verification.pdf, page 45>
Package pdftex.def Info: all_slides/Topic7_Verification.pdf , page45 used on in
put line 18.
(pdftex.def)             Requested size: 364.40741pt x 204.97916pt.
[360

 <./all_slides/Topic7_Verification.pdf>]
<all_slides/Topic7_Verification.pdf, id=16088, page=46, 963.6pt x 542.025pt>
File: all_slides/Topic7_Verification.pdf Graphic file (type pdf)
<use all_slides/Topic7_Verification.pdf, page 46>
Package pdftex.def Info: all_slides/Topic7_Verification.pdf , page46 used on in
put line 18.
(pdftex.def)             Requested size: 364.40741pt x 204.97916pt.
File: all_slides/Topic7_Verification.pdf Graphic file (type pdf)
<use all_slides/Topic7_Verification.pdf, page 46>
Package pdftex.def Info: all_slides/Topic7_Verification.pdf , page46 used on in
put line 18.
(pdftex.def)             Requested size: 364.40741pt x 204.97916pt.


File: all_slides/Topic7_Verification.pdf Graphic file (type pdf)
<use all_slides/Topic7_Verification.pdf, page 46>
Package pdftex.def Info: all_slides/Topic7_Verification.pdf , page46 used on in
put line 18.
(pdftex.def)             Requested size: 364.40741pt x 204.97916pt.
[361

 <./all_slides/Topic7_Verification.pdf>]
<all_slides/Topic7_Verification.pdf, id=16120, page=47, 963.6pt x 542.025pt>
File: all_slides/Topic7_Verification.pdf Graphic file (type pdf)
<use all_slides/Topic7_Verification.pdf, page 47>
Package pdftex.def Info: all_slides/Topic7_Verification.pdf , page47 used on in
put line 18.
(pdftex.def)             Requested size: 364.40741pt x 204.97916pt.
File: all_slides/Topic7_Verification.pdf Graphic file (type pdf)
<use all_slides/Topic7_Verification.pdf, page 47>
Package pdftex.def Info: all_slides/Topic7_Verification.pdf , page47 used on in
put line 18.
(pdftex.def)             Requested size: 364.40741pt x 204.97916pt.


File: all_slides/Topic7_Verification.pdf Graphic file (type pdf)
<use all_slides/Topic7_Verification.pdf, page 47>
Package pdftex.def Info: all_slides/Topic7_Verification.pdf , page47 used on in
put line 18.
(pdftex.def)             Requested size: 364.40741pt x 204.97916pt.
[362

 <./all_slides/Topic7_Verification.pdf>]
<all_slides/Topic7_Verification.pdf, id=16151, page=48, 963.6pt x 542.025pt>
File: all_slides/Topic7_Verification.pdf Graphic file (type pdf)
<use all_slides/Topic7_Verification.pdf, page 48>
Package pdftex.def Info: all_slides/Topic7_Verification.pdf , page48 used on in
put line 18.
(pdftex.def)             Requested size: 364.40741pt x 204.97916pt.
File: all_slides/Topic7_Verification.pdf Graphic file (type pdf)
<use all_slides/Topic7_Verification.pdf, page 48>
Package pdftex.def Info: all_slides/Topic7_Verification.pdf , page48 used on in
put line 18.
(pdftex.def)             Requested size: 364.40741pt x 204.97916pt.


File: all_slides/Topic7_Verification.pdf Graphic file (type pdf)
<use all_slides/Topic7_Verification.pdf, page 48>
Package pdftex.def Info: all_slides/Topic7_Verification.pdf , page48 used on in
put line 18.
(pdftex.def)             Requested size: 364.40741pt x 204.97916pt.
[363

 <./all_slides/Topic7_Verification.pdf>]
<all_slides/Topic7_Verification.pdf, id=16184, page=49, 963.6pt x 542.025pt>
File: all_slides/Topic7_Verification.pdf Graphic file (type pdf)
<use all_slides/Topic7_Verification.pdf, page 49>
Package pdftex.def Info: all_slides/Topic7_Verification.pdf , page49 used on in
put line 18.
(pdftex.def)             Requested size: 364.40741pt x 204.97916pt.
File: all_slides/Topic7_Verification.pdf Graphic file (type pdf)
<use all_slides/Topic7_Verification.pdf, page 49>
Package pdftex.def Info: all_slides/Topic7_Verification.pdf , page49 used on in
put line 18.
(pdftex.def)             Requested size: 364.40741pt x 204.97916pt.


File: all_slides/Topic7_Verification.pdf Graphic file (type pdf)
<use all_slides/Topic7_Verification.pdf, page 49>
Package pdftex.def Info: all_slides/Topic7_Verification.pdf , page49 used on in
put line 18.
(pdftex.def)             Requested size: 364.40741pt x 204.97916pt.
[364

 <./all_slides/Topic7_Verification.pdf>]
<all_slides/Topic7_Verification.pdf, id=16218, page=50, 963.6pt x 542.025pt>
File: all_slides/Topic7_Verification.pdf Graphic file (type pdf)
<use all_slides/Topic7_Verification.pdf, page 50>
Package pdftex.def Info: all_slides/Topic7_Verification.pdf , page50 used on in
put line 18.
(pdftex.def)             Requested size: 364.40741pt x 204.97916pt.
File: all_slides/Topic7_Verification.pdf Graphic file (type pdf)
<use all_slides/Topic7_Verification.pdf, page 50>
Package pdftex.def Info: all_slides/Topic7_Verification.pdf , page50 used on in
put line 18.
(pdftex.def)             Requested size: 364.40741pt x 204.97916pt.


File: all_slides/Topic7_Verification.pdf Graphic file (type pdf)
<use all_slides/Topic7_Verification.pdf, page 50>
Package pdftex.def Info: all_slides/Topic7_Verification.pdf , page50 used on in
put line 18.
(pdftex.def)             Requested size: 364.40741pt x 204.97916pt.
[365

 <./all_slides/Topic7_Verification.pdf>]
<all_slides/Topic7_Verification.pdf, id=16261, page=51, 963.6pt x 542.025pt>
File: all_slides/Topic7_Verification.pdf Graphic file (type pdf)
<use all_slides/Topic7_Verification.pdf, page 51>
Package pdftex.def Info: all_slides/Topic7_Verification.pdf , page51 used on in
put line 18.
(pdftex.def)             Requested size: 364.40741pt x 204.97916pt.
File: all_slides/Topic7_Verification.pdf Graphic file (type pdf)
<use all_slides/Topic7_Verification.pdf, page 51>
Package pdftex.def Info: all_slides/Topic7_Verification.pdf , page51 used on in
put line 18.
(pdftex.def)             Requested size: 364.40741pt x 204.97916pt.


File: all_slides/Topic7_Verification.pdf Graphic file (type pdf)
<use all_slides/Topic7_Verification.pdf, page 51>
Package pdftex.def Info: all_slides/Topic7_Verification.pdf , page51 used on in
put line 18.
(pdftex.def)             Requested size: 364.40741pt x 204.97916pt.
[366

 <./all_slides/Topic7_Verification.pdf>]
<all_slides/Topic7_Verification.pdf, id=16341, page=52, 963.6pt x 542.025pt>
File: all_slides/Topic7_Verification.pdf Graphic file (type pdf)
<use all_slides/Topic7_Verification.pdf, page 52>
Package pdftex.def Info: all_slides/Topic7_Verification.pdf , page52 used on in
put line 18.
(pdftex.def)             Requested size: 364.40741pt x 204.97916pt.
File: all_slides/Topic7_Verification.pdf Graphic file (type pdf)
<use all_slides/Topic7_Verification.pdf, page 52>
Package pdftex.def Info: all_slides/Topic7_Verification.pdf , page52 used on in
put line 18.
(pdftex.def)             Requested size: 364.40741pt x 204.97916pt.


File: all_slides/Topic7_Verification.pdf Graphic file (type pdf)
<use all_slides/Topic7_Verification.pdf, page 52>
Package pdftex.def Info: all_slides/Topic7_Verification.pdf , page52 used on in
put line 18.
(pdftex.def)             Requested size: 364.40741pt x 204.97916pt.
[367

 <./all_slides/Topic7_Verification.pdf>]
<all_slides/Topic7_Verification.pdf, id=16459, page=53, 963.6pt x 542.025pt>
File: all_slides/Topic7_Verification.pdf Graphic file (type pdf)
<use all_slides/Topic7_Verification.pdf, page 53>
Package pdftex.def Info: all_slides/Topic7_Verification.pdf , page53 used on in
put line 18.
(pdftex.def)             Requested size: 364.40741pt x 204.97916pt.
File: all_slides/Topic7_Verification.pdf Graphic file (type pdf)
<use all_slides/Topic7_Verification.pdf, page 53>
Package pdftex.def Info: all_slides/Topic7_Verification.pdf , page53 used on in
put line 18.
(pdftex.def)             Requested size: 364.40741pt x 204.97916pt.


File: all_slides/Topic7_Verification.pdf Graphic file (type pdf)
<use all_slides/Topic7_Verification.pdf, page 53>
Package pdftex.def Info: all_slides/Topic7_Verification.pdf , page53 used on in
put line 18.
(pdftex.def)             Requested size: 364.40741pt x 204.97916pt.
[368

 <./all_slides/Topic7_Verification.pdf>]
<all_slides/Topic7_Verification.pdf, id=16519, page=54, 963.6pt x 542.025pt>
File: all_slides/Topic7_Verification.pdf Graphic file (type pdf)
<use all_slides/Topic7_Verification.pdf, page 54>
Package pdftex.def Info: all_slides/Topic7_Verification.pdf , page54 used on in
put line 18.
(pdftex.def)             Requested size: 364.40741pt x 204.97916pt.
File: all_slides/Topic7_Verification.pdf Graphic file (type pdf)
<use all_slides/Topic7_Verification.pdf, page 54>
Package pdftex.def Info: all_slides/Topic7_Verification.pdf , page54 used on in
put line 18.
(pdftex.def)             Requested size: 364.40741pt x 204.97916pt.


File: all_slides/Topic7_Verification.pdf Graphic file (type pdf)
<use all_slides/Topic7_Verification.pdf, page 54>
Package pdftex.def Info: all_slides/Topic7_Verification.pdf , page54 used on in
put line 18.
(pdftex.def)             Requested size: 364.40741pt x 204.97916pt.
[369

 <./all_slides/Topic7_Verification.pdf>]
<all_slides/Topic7_Verification.pdf, id=16568, page=55, 963.6pt x 542.025pt>
File: all_slides/Topic7_Verification.pdf Graphic file (type pdf)
<use all_slides/Topic7_Verification.pdf, page 55>
Package pdftex.def Info: all_slides/Topic7_Verification.pdf , page55 used on in
put line 18.
(pdftex.def)             Requested size: 364.40741pt x 204.97916pt.
File: all_slides/Topic7_Verification.pdf Graphic file (type pdf)
<use all_slides/Topic7_Verification.pdf, page 55>
Package pdftex.def Info: all_slides/Topic7_Verification.pdf , page55 used on in
put line 18.
(pdftex.def)             Requested size: 364.40741pt x 204.97916pt.


File: all_slides/Topic7_Verification.pdf Graphic file (type pdf)
<use all_slides/Topic7_Verification.pdf, page 55>
Package pdftex.def Info: all_slides/Topic7_Verification.pdf , page55 used on in
put line 18.
(pdftex.def)             Requested size: 364.40741pt x 204.97916pt.
[370

 <./all_slides/Topic7_Verification.pdf>]
<all_slides/Topic7_Verification.pdf, id=16598, page=56, 963.6pt x 542.025pt>
File: all_slides/Topic7_Verification.pdf Graphic file (type pdf)
<use all_slides/Topic7_Verification.pdf, page 56>
Package pdftex.def Info: all_slides/Topic7_Verification.pdf , page56 used on in
put line 18.
(pdftex.def)             Requested size: 364.40741pt x 204.97916pt.
File: all_slides/Topic7_Verification.pdf Graphic file (type pdf)
<use all_slides/Topic7_Verification.pdf, page 56>
Package pdftex.def Info: all_slides/Topic7_Verification.pdf , page56 used on in
put line 18.
(pdftex.def)             Requested size: 364.40741pt x 204.97916pt.


File: all_slides/Topic7_Verification.pdf Graphic file (type pdf)
<use all_slides/Topic7_Verification.pdf, page 56>
Package pdftex.def Info: all_slides/Topic7_Verification.pdf , page56 used on in
put line 18.
(pdftex.def)             Requested size: 364.40741pt x 204.97916pt.
[371

 <./all_slides/Topic7_Verification.pdf>]
<all_slides/Topic7_Verification.pdf, id=16628, page=57, 963.6pt x 542.025pt>
File: all_slides/Topic7_Verification.pdf Graphic file (type pdf)
<use all_slides/Topic7_Verification.pdf, page 57>
Package pdftex.def Info: all_slides/Topic7_Verification.pdf , page57 used on in
put line 18.
(pdftex.def)             Requested size: 364.40741pt x 204.97916pt.
File: all_slides/Topic7_Verification.pdf Graphic file (type pdf)
<use all_slides/Topic7_Verification.pdf, page 57>
Package pdftex.def Info: all_slides/Topic7_Verification.pdf , page57 used on in
put line 18.
(pdftex.def)             Requested size: 364.40741pt x 204.97916pt.


File: all_slides/Topic7_Verification.pdf Graphic file (type pdf)
<use all_slides/Topic7_Verification.pdf, page 57>
Package pdftex.def Info: all_slides/Topic7_Verification.pdf , page57 used on in
put line 18.
(pdftex.def)             Requested size: 364.40741pt x 204.97916pt.
[372

 <./all_slides/Topic7_Verification.pdf>]
<all_slides/Topic7_Verification.pdf, id=16672, page=58, 963.6pt x 542.025pt>
File: all_slides/Topic7_Verification.pdf Graphic file (type pdf)
<use all_slides/Topic7_Verification.pdf, page 58>
Package pdftex.def Info: all_slides/Topic7_Verification.pdf , page58 used on in
put line 18.
(pdftex.def)             Requested size: 364.40741pt x 204.97916pt.
File: all_slides/Topic7_Verification.pdf Graphic file (type pdf)
<use all_slides/Topic7_Verification.pdf, page 58>
Package pdftex.def Info: all_slides/Topic7_Verification.pdf , page58 used on in
put line 18.
(pdftex.def)             Requested size: 364.40741pt x 204.97916pt.


File: all_slides/Topic7_Verification.pdf Graphic file (type pdf)
<use all_slides/Topic7_Verification.pdf, page 58>
Package pdftex.def Info: all_slides/Topic7_Verification.pdf , page58 used on in
put line 18.
(pdftex.def)             Requested size: 364.40741pt x 204.97916pt.
[373

 <./all_slides/Topic7_Verification.pdf>]
<all_slides/Topic7_Verification.pdf, id=16702, page=59, 963.6pt x 542.025pt>
File: all_slides/Topic7_Verification.pdf Graphic file (type pdf)
<use all_slides/Topic7_Verification.pdf, page 59>
Package pdftex.def Info: all_slides/Topic7_Verification.pdf , page59 used on in
put line 18.
(pdftex.def)             Requested size: 364.40741pt x 204.97916pt.
File: all_slides/Topic7_Verification.pdf Graphic file (type pdf)
<use all_slides/Topic7_Verification.pdf, page 59>
Package pdftex.def Info: all_slides/Topic7_Verification.pdf , page59 used on in
put line 18.
(pdftex.def)             Requested size: 364.40741pt x 204.97916pt.


File: all_slides/Topic7_Verification.pdf Graphic file (type pdf)
<use all_slides/Topic7_Verification.pdf, page 59>
Package pdftex.def Info: all_slides/Topic7_Verification.pdf , page59 used on in
put line 18.
(pdftex.def)             Requested size: 364.40741pt x 204.97916pt.
[374

 <./all_slides/Topic7_Verification.pdf>]
<all_slides/Topic7_Verification.pdf, id=16731, page=60, 963.6pt x 542.025pt>
File: all_slides/Topic7_Verification.pdf Graphic file (type pdf)
<use all_slides/Topic7_Verification.pdf, page 60>
Package pdftex.def Info: all_slides/Topic7_Verification.pdf , page60 used on in
put line 18.
(pdftex.def)             Requested size: 364.40741pt x 204.97916pt.
File: all_slides/Topic7_Verification.pdf Graphic file (type pdf)
<use all_slides/Topic7_Verification.pdf, page 60>
Package pdftex.def Info: all_slides/Topic7_Verification.pdf , page60 used on in
put line 18.
(pdftex.def)             Requested size: 364.40741pt x 204.97916pt.


File: all_slides/Topic7_Verification.pdf Graphic file (type pdf)
<use all_slides/Topic7_Verification.pdf, page 60>
Package pdftex.def Info: all_slides/Topic7_Verification.pdf , page60 used on in
put line 18.
(pdftex.def)             Requested size: 364.40741pt x 204.97916pt.
[375

 <./all_slides/Topic7_Verification.pdf>]
<all_slides/Topic7_Verification.pdf, id=16777, page=61, 963.6pt x 542.025pt>
File: all_slides/Topic7_Verification.pdf Graphic file (type pdf)
<use all_slides/Topic7_Verification.pdf, page 61>
Package pdftex.def Info: all_slides/Topic7_Verification.pdf , page61 used on in
put line 18.
(pdftex.def)             Requested size: 364.40741pt x 204.97916pt.
File: all_slides/Topic7_Verification.pdf Graphic file (type pdf)
<use all_slides/Topic7_Verification.pdf, page 61>
Package pdftex.def Info: all_slides/Topic7_Verification.pdf , page61 used on in
put line 18.
(pdftex.def)             Requested size: 364.40741pt x 204.97916pt.


File: all_slides/Topic7_Verification.pdf Graphic file (type pdf)
<use all_slides/Topic7_Verification.pdf, page 61>
Package pdftex.def Info: all_slides/Topic7_Verification.pdf , page61 used on in
put line 18.
(pdftex.def)             Requested size: 364.40741pt x 204.97916pt.
[376

 <./all_slides/Topic7_Verification.pdf>]
<all_slides/Topic7_Verification.pdf, id=16806, page=62, 963.6pt x 542.025pt>
File: all_slides/Topic7_Verification.pdf Graphic file (type pdf)
<use all_slides/Topic7_Verification.pdf, page 62>
Package pdftex.def Info: all_slides/Topic7_Verification.pdf , page62 used on in
put line 18.
(pdftex.def)             Requested size: 364.40741pt x 204.97916pt.
File: all_slides/Topic7_Verification.pdf Graphic file (type pdf)
<use all_slides/Topic7_Verification.pdf, page 62>
Package pdftex.def Info: all_slides/Topic7_Verification.pdf , page62 used on in
put line 18.
(pdftex.def)             Requested size: 364.40741pt x 204.97916pt.


File: all_slides/Topic7_Verification.pdf Graphic file (type pdf)
<use all_slides/Topic7_Verification.pdf, page 62>
Package pdftex.def Info: all_slides/Topic7_Verification.pdf , page62 used on in
put line 18.
(pdftex.def)             Requested size: 364.40741pt x 204.97916pt.
[377

 <./all_slides/Topic7_Verification.pdf>]
<all_slides/Topic7_Verification.pdf, id=16846, page=63, 963.6pt x 542.025pt>
File: all_slides/Topic7_Verification.pdf Graphic file (type pdf)
<use all_slides/Topic7_Verification.pdf, page 63>
Package pdftex.def Info: all_slides/Topic7_Verification.pdf , page63 used on in
put line 18.
(pdftex.def)             Requested size: 364.40741pt x 204.97916pt.
File: all_slides/Topic7_Verification.pdf Graphic file (type pdf)
<use all_slides/Topic7_Verification.pdf, page 63>
Package pdftex.def Info: all_slides/Topic7_Verification.pdf , page63 used on in
put line 18.
(pdftex.def)             Requested size: 364.40741pt x 204.97916pt.


File: all_slides/Topic7_Verification.pdf Graphic file (type pdf)
<use all_slides/Topic7_Verification.pdf, page 63>
Package pdftex.def Info: all_slides/Topic7_Verification.pdf , page63 used on in
put line 18.
(pdftex.def)             Requested size: 364.40741pt x 204.97916pt.
[378

 <./all_slides/Topic7_Verification.pdf>]
<all_slides/Topic7_Verification.pdf, id=16880, page=64, 963.6pt x 542.025pt>
File: all_slides/Topic7_Verification.pdf Graphic file (type pdf)
<use all_slides/Topic7_Verification.pdf, page 64>
Package pdftex.def Info: all_slides/Topic7_Verification.pdf , page64 used on in
put line 18.
(pdftex.def)             Requested size: 364.40741pt x 204.97916pt.
File: all_slides/Topic7_Verification.pdf Graphic file (type pdf)
<use all_slides/Topic7_Verification.pdf, page 64>
Package pdftex.def Info: all_slides/Topic7_Verification.pdf , page64 used on in
put line 18.
(pdftex.def)             Requested size: 364.40741pt x 204.97916pt.


File: all_slides/Topic7_Verification.pdf Graphic file (type pdf)
<use all_slides/Topic7_Verification.pdf, page 64>
Package pdftex.def Info: all_slides/Topic7_Verification.pdf , page64 used on in
put line 18.
(pdftex.def)             Requested size: 364.40741pt x 204.97916pt.
[379

 <./all_slides/Topic7_Verification.pdf>]
<all_slides/Topic7_Verification.pdf, id=16910, page=65, 963.6pt x 542.025pt>
File: all_slides/Topic7_Verification.pdf Graphic file (type pdf)
<use all_slides/Topic7_Verification.pdf, page 65>
Package pdftex.def Info: all_slides/Topic7_Verification.pdf , page65 used on in
put line 18.
(pdftex.def)             Requested size: 364.40741pt x 204.97916pt.
File: all_slides/Topic7_Verification.pdf Graphic file (type pdf)
<use all_slides/Topic7_Verification.pdf, page 65>
Package pdftex.def Info: all_slides/Topic7_Verification.pdf , page65 used on in
put line 18.
(pdftex.def)             Requested size: 364.40741pt x 204.97916pt.


File: all_slides/Topic7_Verification.pdf Graphic file (type pdf)
<use all_slides/Topic7_Verification.pdf, page 65>
Package pdftex.def Info: all_slides/Topic7_Verification.pdf , page65 used on in
put line 18.
(pdftex.def)             Requested size: 364.40741pt x 204.97916pt.
[380

 <./all_slides/Topic7_Verification.pdf>]
<all_slides/Topic7_Verification.pdf, id=16939, page=66, 963.6pt x 542.025pt>
File: all_slides/Topic7_Verification.pdf Graphic file (type pdf)
<use all_slides/Topic7_Verification.pdf, page 66>
Package pdftex.def Info: all_slides/Topic7_Verification.pdf , page66 used on in
put line 18.
(pdftex.def)             Requested size: 364.40741pt x 204.97916pt.
File: all_slides/Topic7_Verification.pdf Graphic file (type pdf)
<use all_slides/Topic7_Verification.pdf, page 66>
Package pdftex.def Info: all_slides/Topic7_Verification.pdf , page66 used on in
put line 18.
(pdftex.def)             Requested size: 364.40741pt x 204.97916pt.


File: all_slides/Topic7_Verification.pdf Graphic file (type pdf)
<use all_slides/Topic7_Verification.pdf, page 66>
Package pdftex.def Info: all_slides/Topic7_Verification.pdf , page66 used on in
put line 18.
(pdftex.def)             Requested size: 364.40741pt x 204.97916pt.
[381

 <./all_slides/Topic7_Verification.pdf>]
<all_slides/Topic7_Verification.pdf, id=16969, page=67, 963.6pt x 542.025pt>
File: all_slides/Topic7_Verification.pdf Graphic file (type pdf)
<use all_slides/Topic7_Verification.pdf, page 67>
Package pdftex.def Info: all_slides/Topic7_Verification.pdf , page67 used on in
put line 18.
(pdftex.def)             Requested size: 364.40741pt x 204.97916pt.
File: all_slides/Topic7_Verification.pdf Graphic file (type pdf)
<use all_slides/Topic7_Verification.pdf, page 67>
Package pdftex.def Info: all_slides/Topic7_Verification.pdf , page67 used on in
put line 18.
(pdftex.def)             Requested size: 364.40741pt x 204.97916pt.


File: all_slides/Topic7_Verification.pdf Graphic file (type pdf)
<use all_slides/Topic7_Verification.pdf, page 67>
Package pdftex.def Info: all_slides/Topic7_Verification.pdf , page67 used on in
put line 18.
(pdftex.def)             Requested size: 364.40741pt x 204.97916pt.
[382

 <./all_slides/Topic7_Verification.pdf>]
<all_slides/Topic7_Verification.pdf, id=16999, page=68, 963.6pt x 542.025pt>
File: all_slides/Topic7_Verification.pdf Graphic file (type pdf)
<use all_slides/Topic7_Verification.pdf, page 68>
Package pdftex.def Info: all_slides/Topic7_Verification.pdf , page68 used on in
put line 18.
(pdftex.def)             Requested size: 364.40741pt x 204.97916pt.
File: all_slides/Topic7_Verification.pdf Graphic file (type pdf)
<use all_slides/Topic7_Verification.pdf, page 68>
Package pdftex.def Info: all_slides/Topic7_Verification.pdf , page68 used on in
put line 18.
(pdftex.def)             Requested size: 364.40741pt x 204.97916pt.


File: all_slides/Topic7_Verification.pdf Graphic file (type pdf)
<use all_slides/Topic7_Verification.pdf, page 68>
Package pdftex.def Info: all_slides/Topic7_Verification.pdf , page68 used on in
put line 18.
(pdftex.def)             Requested size: 364.40741pt x 204.97916pt.
[383

 <./all_slides/Topic7_Verification.pdf>]
<all_slides/Topic7_Verification.pdf, id=17035, page=69, 963.6pt x 542.025pt>
File: all_slides/Topic7_Verification.pdf Graphic file (type pdf)
<use all_slides/Topic7_Verification.pdf, page 69>
Package pdftex.def Info: all_slides/Topic7_Verification.pdf , page69 used on in
put line 18.
(pdftex.def)             Requested size: 364.40741pt x 204.97916pt.
File: all_slides/Topic7_Verification.pdf Graphic file (type pdf)
<use all_slides/Topic7_Verification.pdf, page 69>
Package pdftex.def Info: all_slides/Topic7_Verification.pdf , page69 used on in
put line 18.
(pdftex.def)             Requested size: 364.40741pt x 204.97916pt.


File: all_slides/Topic7_Verification.pdf Graphic file (type pdf)
<use all_slides/Topic7_Verification.pdf, page 69>
Package pdftex.def Info: all_slides/Topic7_Verification.pdf , page69 used on in
put line 18.
(pdftex.def)             Requested size: 364.40741pt x 204.97916pt.
[384

 <./all_slides/Topic7_Verification.pdf>]
<all_slides/Topic7_Verification.pdf, id=17107, page=70, 963.6pt x 542.025pt>
File: all_slides/Topic7_Verification.pdf Graphic file (type pdf)
<use all_slides/Topic7_Verification.pdf, page 70>
Package pdftex.def Info: all_slides/Topic7_Verification.pdf , page70 used on in
put line 18.
(pdftex.def)             Requested size: 364.40741pt x 204.97916pt.
File: all_slides/Topic7_Verification.pdf Graphic file (type pdf)
<use all_slides/Topic7_Verification.pdf, page 70>
Package pdftex.def Info: all_slides/Topic7_Verification.pdf , page70 used on in
put line 18.
(pdftex.def)             Requested size: 364.40741pt x 204.97916pt.


File: all_slides/Topic7_Verification.pdf Graphic file (type pdf)
<use all_slides/Topic7_Verification.pdf, page 70>
Package pdftex.def Info: all_slides/Topic7_Verification.pdf , page70 used on in
put line 18.
(pdftex.def)             Requested size: 364.40741pt x 204.97916pt.
[385

 <./all_slides/Topic7_Verification.pdf>]
<all_slides/Topic7_Verification.pdf, id=17139, page=71, 963.6pt x 542.025pt>
File: all_slides/Topic7_Verification.pdf Graphic file (type pdf)
<use all_slides/Topic7_Verification.pdf, page 71>
Package pdftex.def Info: all_slides/Topic7_Verification.pdf , page71 used on in
put line 18.
(pdftex.def)             Requested size: 364.40741pt x 204.97916pt.
File: all_slides/Topic7_Verification.pdf Graphic file (type pdf)
<use all_slides/Topic7_Verification.pdf, page 71>
Package pdftex.def Info: all_slides/Topic7_Verification.pdf , page71 used on in
put line 18.
(pdftex.def)             Requested size: 364.40741pt x 204.97916pt.


File: all_slides/Topic7_Verification.pdf Graphic file (type pdf)
<use all_slides/Topic7_Verification.pdf, page 71>
Package pdftex.def Info: all_slides/Topic7_Verification.pdf , page71 used on in
put line 18.
(pdftex.def)             Requested size: 364.40741pt x 204.97916pt.
[386

 <./all_slides/Topic7_Verification.pdf>]
<all_slides/Topic7_Verification.pdf, id=17168, page=72, 963.6pt x 542.025pt>
File: all_slides/Topic7_Verification.pdf Graphic file (type pdf)
<use all_slides/Topic7_Verification.pdf, page 72>
Package pdftex.def Info: all_slides/Topic7_Verification.pdf , page72 used on in
put line 18.
(pdftex.def)             Requested size: 364.40741pt x 204.97916pt.
File: all_slides/Topic7_Verification.pdf Graphic file (type pdf)
<use all_slides/Topic7_Verification.pdf, page 72>
Package pdftex.def Info: all_slides/Topic7_Verification.pdf , page72 used on in
put line 18.
(pdftex.def)             Requested size: 364.40741pt x 204.97916pt.


File: all_slides/Topic7_Verification.pdf Graphic file (type pdf)
<use all_slides/Topic7_Verification.pdf, page 72>
Package pdftex.def Info: all_slides/Topic7_Verification.pdf , page72 used on in
put line 18.
(pdftex.def)             Requested size: 364.40741pt x 204.97916pt.
[387

 <./all_slides/Topic7_Verification.pdf>]
<all_slides/Topic7_Verification.pdf, id=17197, page=73, 963.6pt x 542.025pt>
File: all_slides/Topic7_Verification.pdf Graphic file (type pdf)
<use all_slides/Topic7_Verification.pdf, page 73>
Package pdftex.def Info: all_slides/Topic7_Verification.pdf , page73 used on in
put line 18.
(pdftex.def)             Requested size: 364.40741pt x 204.97916pt.
File: all_slides/Topic7_Verification.pdf Graphic file (type pdf)
<use all_slides/Topic7_Verification.pdf, page 73>
Package pdftex.def Info: all_slides/Topic7_Verification.pdf , page73 used on in
put line 18.
(pdftex.def)             Requested size: 364.40741pt x 204.97916pt.


File: all_slides/Topic7_Verification.pdf Graphic file (type pdf)
<use all_slides/Topic7_Verification.pdf, page 73>
Package pdftex.def Info: all_slides/Topic7_Verification.pdf , page73 used on in
put line 18.
(pdftex.def)             Requested size: 364.40741pt x 204.97916pt.
[388

 <./all_slides/Topic7_Verification.pdf>]
<all_slides/Topic7_Verification.pdf, id=17231, page=74, 963.6pt x 542.025pt>
File: all_slides/Topic7_Verification.pdf Graphic file (type pdf)
<use all_slides/Topic7_Verification.pdf, page 74>
Package pdftex.def Info: all_slides/Topic7_Verification.pdf , page74 used on in
put line 18.
(pdftex.def)             Requested size: 364.40741pt x 204.97916pt.
File: all_slides/Topic7_Verification.pdf Graphic file (type pdf)
<use all_slides/Topic7_Verification.pdf, page 74>
Package pdftex.def Info: all_slides/Topic7_Verification.pdf , page74 used on in
put line 18.
(pdftex.def)             Requested size: 364.40741pt x 204.97916pt.


File: all_slides/Topic7_Verification.pdf Graphic file (type pdf)
<use all_slides/Topic7_Verification.pdf, page 74>
Package pdftex.def Info: all_slides/Topic7_Verification.pdf , page74 used on in
put line 18.
(pdftex.def)             Requested size: 364.40741pt x 204.97916pt.
[389

 <./all_slides/Topic7_Verification.pdf>]
<all_slides/Topic7_Verification.pdf, id=17260, page=75, 963.6pt x 542.025pt>
File: all_slides/Topic7_Verification.pdf Graphic file (type pdf)
<use all_slides/Topic7_Verification.pdf, page 75>
Package pdftex.def Info: all_slides/Topic7_Verification.pdf , page75 used on in
put line 18.
(pdftex.def)             Requested size: 364.40741pt x 204.97916pt.
File: all_slides/Topic7_Verification.pdf Graphic file (type pdf)
<use all_slides/Topic7_Verification.pdf, page 75>
Package pdftex.def Info: all_slides/Topic7_Verification.pdf , page75 used on in
put line 18.
(pdftex.def)             Requested size: 364.40741pt x 204.97916pt.


File: all_slides/Topic7_Verification.pdf Graphic file (type pdf)
<use all_slides/Topic7_Verification.pdf, page 75>
Package pdftex.def Info: all_slides/Topic7_Verification.pdf , page75 used on in
put line 18.
(pdftex.def)             Requested size: 364.40741pt x 204.97916pt.
[390

 <./all_slides/Topic7_Verification.pdf>]
<all_slides/Topic7_Verification.pdf, id=17289, page=76, 963.6pt x 542.025pt>
File: all_slides/Topic7_Verification.pdf Graphic file (type pdf)
<use all_slides/Topic7_Verification.pdf, page 76>
Package pdftex.def Info: all_slides/Topic7_Verification.pdf , page76 used on in
put line 18.
(pdftex.def)             Requested size: 364.40741pt x 204.97916pt.
File: all_slides/Topic7_Verification.pdf Graphic file (type pdf)
<use all_slides/Topic7_Verification.pdf, page 76>
Package pdftex.def Info: all_slides/Topic7_Verification.pdf , page76 used on in
put line 18.
(pdftex.def)             Requested size: 364.40741pt x 204.97916pt.


File: all_slides/Topic7_Verification.pdf Graphic file (type pdf)
<use all_slides/Topic7_Verification.pdf, page 76>
Package pdftex.def Info: all_slides/Topic7_Verification.pdf , page76 used on in
put line 18.
(pdftex.def)             Requested size: 364.40741pt x 204.97916pt.
[391

 <./all_slides/Topic7_Verification.pdf>]
<all_slides/Topic7_Verification.pdf, id=17319, page=77, 963.6pt x 542.025pt>
File: all_slides/Topic7_Verification.pdf Graphic file (type pdf)
<use all_slides/Topic7_Verification.pdf, page 77>
Package pdftex.def Info: all_slides/Topic7_Verification.pdf , page77 used on in
put line 18.
(pdftex.def)             Requested size: 364.40741pt x 204.97916pt.
File: all_slides/Topic7_Verification.pdf Graphic file (type pdf)
<use all_slides/Topic7_Verification.pdf, page 77>
Package pdftex.def Info: all_slides/Topic7_Verification.pdf , page77 used on in
put line 18.
(pdftex.def)             Requested size: 364.40741pt x 204.97916pt.


File: all_slides/Topic7_Verification.pdf Graphic file (type pdf)
<use all_slides/Topic7_Verification.pdf, page 77>
Package pdftex.def Info: all_slides/Topic7_Verification.pdf , page77 used on in
put line 18.
(pdftex.def)             Requested size: 364.40741pt x 204.97916pt.
[392

 <./all_slides/Topic7_Verification.pdf>]
<all_slides/Topic7_Verification.pdf, id=17348, page=78, 963.6pt x 542.025pt>
File: all_slides/Topic7_Verification.pdf Graphic file (type pdf)
<use all_slides/Topic7_Verification.pdf, page 78>
Package pdftex.def Info: all_slides/Topic7_Verification.pdf , page78 used on in
put line 18.
(pdftex.def)             Requested size: 364.40741pt x 204.97916pt.
File: all_slides/Topic7_Verification.pdf Graphic file (type pdf)
<use all_slides/Topic7_Verification.pdf, page 78>
Package pdftex.def Info: all_slides/Topic7_Verification.pdf , page78 used on in
put line 18.
(pdftex.def)             Requested size: 364.40741pt x 204.97916pt.


File: all_slides/Topic7_Verification.pdf Graphic file (type pdf)
<use all_slides/Topic7_Verification.pdf, page 78>
Package pdftex.def Info: all_slides/Topic7_Verification.pdf , page78 used on in
put line 18.
(pdftex.def)             Requested size: 364.40741pt x 204.97916pt.
[393

 <./all_slides/Topic7_Verification.pdf>]
\tf@nav=\write6
\openout6 = `main.nav'.

\tf@toc=\write7
\openout7 = `main.toc'.

\tf@snm=\write8
\openout8 = `main.snm'.

 (build/main.aux)
 ***********
LaTeX2e <2024-11-01> patch level 2
L3 programming layer <2025-01-18>
 ***********
Package rerunfilecheck Info: File `main.out' has not changed.
(rerunfilecheck)             Checksum: D41D8CD98F00B204E9800998ECF8427E;0.
 ) 
Here is how much of TeX's memory you used:
 24163 strings out of 475171
 500159 string characters out of 5767096
 792489 words of memory out of 5000000
 45936 multiletter control sequences out of 15000+600000
 560042 words of font info for 40 fonts, out of 8000000 for 9000
 14 hyphenation exceptions out of 8191
 128i,17n,123p,379b,689s stack positions out of 10000i,1000n,20000p,200000b,200000s
</usr/share/texmf-dist/fonts/type1/public/amsfonts/cm/cmss10.pfb>
Output written on build/main.pdf (393 pages, 25222390 bytes).
PDF statistics:
 17560 PDF objects out of 18468 (max. 8388607)
 11893 compressed objects within 119 object streams
 787 named destinations out of 1000 (max. 500000)
 2113 words of extra memory for PDF output out of 10000 (max. 10000000)

